-- phpMyAdmin SQL Dump
-- version 4.2.1
-- http://www.phpmyadmin.net
--
-- Host: mysql14.uni5.net
-- Tempo de geração: 28/12/2014 às 06:06
-- Versão do servidor: 5.5.39-log
-- Versão do PHP: 5.3.28

SET SQL_MODE = "NO_AUTO_VALUE_ON_ZERO";
SET time_zone = "+00:00";


/*!40101 SET @OLD_CHARACTER_SET_CLIENT=@@CHARACTER_SET_CLIENT */;
/*!40101 SET @OLD_CHARACTER_SET_RESULTS=@@CHARACTER_SET_RESULTS */;
/*!40101 SET @OLD_COLLATION_CONNECTION=@@COLLATION_CONNECTION */;
/*!40101 SET NAMES utf8 */;

--
-- Banco de dados: `fortesystem14`
--

-- --------------------------------------------------------

--
-- Estrutura para tabela `acesso`
--

CREATE TABLE IF NOT EXISTS `acesso` (
`acessoID` int(11) NOT NULL,
  `acessoUsuario` varchar(50) NOT NULL,
  `acessoIP` varchar(15) NOT NULL,
  `acessoData` timestamp NOT NULL DEFAULT CURRENT_TIMESTAMP ON UPDATE CURRENT_TIMESTAMP
) ENGINE=InnoDB DEFAULT CHARSET=latin1 AUTO_INCREMENT=1 ;

-- --------------------------------------------------------

--
-- Estrutura para tabela `caixa`
--

CREATE TABLE IF NOT EXISTS `caixa` (
`caixaID` int(11) NOT NULL,
  `usuario` varchar(50) NOT NULL,
  `funcionario` varchar(100) NOT NULL,
  `valorInicial` float(10,2) NOT NULL,
  `valorFinal` float(10,2) NOT NULL,
  `vendaInicial` int(11) NOT NULL,
  `vendaFinal` int(11) NOT NULL,
  `servicoInicial` int(11) NOT NULL,
  `servicoFinal` int(11) NOT NULL,
  `lancamentoInicial` int(11) NOT NULL,
  `lancamentoFinal` int(11) NOT NULL,
  `retiradaInicial` int(11) NOT NULL,
  `retiradaFinal` int(11) NOT NULL,
  `data` timestamp NOT NULL DEFAULT CURRENT_TIMESTAMP ON UPDATE CURRENT_TIMESTAMP,
  `dataInicio` timestamp NOT NULL DEFAULT '0000-00-00 00:00:00',
  `status` varchar(1) NOT NULL DEFAULT 'A'
) ENGINE=InnoDB  DEFAULT CHARSET=latin1 AUTO_INCREMENT=226 ;

--
-- Fazendo dump de dados para tabela `caixa`
--

INSERT INTO `caixa` (`caixaID`, `usuario`, `funcionario`, `valorInicial`, `valorFinal`, `vendaInicial`, `vendaFinal`, `servicoInicial`, `servicoFinal`, `lancamentoInicial`, `lancamentoFinal`, `retiradaInicial`, `retiradaFinal`, `data`, `dataInicio`, `status`) VALUES
(1, 'francis', '10', 100.00, 812.00, 1, 6, 1, 1, 1, 3, 1, 1, '2014-07-02 17:58:22', '2014-07-02 17:46:00', 'F'),
(2, 'francis', '10', 50.00, 50.00, 6, 6, 1, 1, 3, 8, 1, 1, '2014-07-02 18:39:05', '2014-07-02 18:03:47', 'F'),
(3, 'karoliny', '11', 50.00, 50.00, 1, 6, 1, 2, 11, 12, 1, 1, '2014-07-11 14:31:17', '2014-07-11 13:09:58', 'F'),
(4, 'karoliny', '11', 50.00, 50.00, 1, 6, 1, 2, 11, 12, 1, 1, '2014-07-11 14:31:26', '2014-07-11 13:10:06', 'F'),
(5, 'francis', '10', 110.00, 110.00, 6, 8, 3, 2, 12, 13, 1, 1, '2014-07-22 20:43:10', '2014-07-16 17:03:04', 'F'),
(6, 'karoliny', '11', 110.00, 110.00, 1, 8, 1, 2, 12, 13, 1, 1, '2014-07-21 20:03:52', '2014-07-17 12:25:26', 'F'),
(7, 'karoliny', '11', 110.00, 110.00, 1, 8, 1, 2, 13, 13, 1, 1, '2014-07-23 20:32:08', '2014-07-23 13:21:29', 'F'),
(8, 'karoliny', '11', 110.00, 136.90, 1, 9, 1, 2, 13, 14, 1, 1, '2014-07-24 19:56:57', '2014-07-24 11:32:43', 'F'),
(9, 'francis ', '10', 0.00, 0.00, 6, 9, 3, 2, 14, 14, 1, 1, '2014-07-24 20:56:21', '2014-07-24 17:27:32', 'F'),
(10, 'karoliny', '11', 110.00, 110.00, 9, 9, 1, 2, 14, 14, 1, 1, '2014-07-25 15:02:20', '2014-07-25 11:22:54', 'F'),
(11, 'karoliny', '11', 94.00, 94.00, 9, 9, 1, 2, 14, 15, 1, 1, '2014-07-26 12:28:07', '2014-07-25 16:37:50', 'F'),
(12, 'francis', '10', 0.00, 0.00, 6, 9, 3, 2, 14, 15, 1, 1, '2014-07-28 16:58:46', '2014-07-25 20:04:53', 'F'),
(13, 'karoliny', '11', 109.00, 109.00, 9, 9, 1, 2, 15, 15, 1, 1, '2014-07-28 20:50:37', '2014-07-26 12:28:20', 'F'),
(14, 'francis', '10', 109.00, 109.00, 6, 9, 3, 2, 15, 15, 1, 1, '2014-07-28 20:52:18', '2014-07-28 16:59:01', 'F'),
(15, 'karoliny', '11', 109.00, 109.00, 9, 9, 1, 2, 15, 16, 1, 1, '2014-07-29 20:04:33', '2014-07-29 11:16:58', 'F'),
(16, 'karoliny', '11', 109.00, 109.00, 9, 9, 1, 2, 16, 16, 1, 1, '2014-07-31 11:11:02', '2014-07-30 11:10:40', 'F'),
(17, 'karoliny', '11', 109.00, 109.00, 9, 9, 1, 2, 16, 16, 1, 1, '2014-08-01 11:30:30', '2014-07-31 11:11:13', 'F'),
(18, 'francis', '10', 109.00, 109.00, 6, 9, 3, 2, 16, 16, 1, 1, '2014-07-31 20:32:38', '2014-07-31 20:28:54', 'F'),
(19, 'karoliny', '11', 109.00, 109.00, 9, 9, 1, 2, 16, 16, 1, 1, '2014-08-01 19:49:03', '2014-08-01 11:32:50', 'F'),
(20, 'francis', '10', 109.00, 109.00, 6, 9, 3, 2, 16, 16, 1, 1, '2014-08-01 20:47:40', '2014-08-01 20:27:52', 'F'),
(21, 'francis', '10', 109.00, 109.00, 6, 9, 3, 2, 16, 18, 1, 1, '2014-08-06 20:36:17', '2014-08-02 12:36:16', 'F'),
(22, 'karoliny', '11', 109.00, 109.00, 9, 9, 1, 2, 16, 18, 1, 1, '2014-08-05 17:02:18', '2014-08-04 11:18:43', 'F'),
(23, 'karoliny', '11', 109.00, 109.00, 9, 9, 1, 2, 18, 18, 1, 1, '2014-08-05 20:58:48', '2014-08-05 17:02:27', 'F'),
(24, 'karoliny', '11', 109.00, 109.00, 9, 9, 1, 2, 18, 18, 1, 1, '2014-08-06 15:31:47', '2014-08-06 11:11:50', 'F'),
(25, 'karoliny', '11', 114.00, 114.00, 9, 9, 1, 2, 18, 18, 1, 1, '2014-08-07 15:30:41', '2014-08-07 11:06:04', 'F'),
(26, 'francis', '10', 0.00, 0.00, 6, 9, 3, 2, 18, 18, 1, 1, '2014-08-07 18:11:33', '2014-08-07 18:11:30', 'F'),
(27, 'francis', '10', 109.00, 109.00, 6, 9, 3, 2, 18, 19, 1, 1, '2014-08-12 17:04:35', '2014-08-07 18:12:22', 'F'),
(28, 'karoliny', '11', 115.50, 115.50, 9, 9, 1, 2, 18, 18, 1, 1, '2014-08-08 17:16:16', '2014-08-08 11:18:16', 'F'),
(29, 'karoliny', '11', 119.00, 119.00, 9, 9, 1, 2, 18, 18, 1, 1, '2014-08-11 15:30:19', '2014-08-11 11:21:28', 'F'),
(30, 'karoliny', '11', 119.00, 119.00, 9, 9, 1, 2, 18, 19, 1, 1, '2014-08-12 15:31:53', '2014-08-12 11:14:22', 'F'),
(31, 'francis', '10', 0.00, 0.00, 6, 9, 3, 2, 19, 19, 1, 1, '2014-08-12 17:04:42', '2014-08-12 17:04:39', 'F'),
(32, 'francis', '10', 109.00, 109.00, 6, 9, 3, 2, 19, 20, 1, 1, '2014-08-14 20:54:35', '2014-08-12 17:05:06', 'F'),
(33, 'karoliny', '11', 119.00, 119.00, 9, 9, 1, 2, 20, 20, 1, 1, '2014-08-13 14:57:56', '2014-08-13 11:12:10', 'F'),
(34, 'karoliny', '11', 119.00, 119.00, 9, 9, 1, 2, 20, 20, 1, 1, '2014-08-14 15:02:37', '2014-08-14 11:13:55', 'F'),
(35, 'karoliny', '11', 119.00, 127.50, 9, 9, 1, 2, 20, 21, 1, 1, '2014-08-15 20:32:36', '2014-08-15 11:08:56', 'F'),
(36, 'karoliny', '11', 119.00, 119.00, 10, 9, 1, 2, 21, 21, 1, 1, '2014-08-18 15:02:08', '2014-08-18 11:09:41', 'F'),
(37, 'karoliny', '11', 119.00, 119.00, 10, 9, 1, 2, 22, 22, 1, 1, '2014-08-19 15:03:44', '2014-08-19 11:12:53', 'F'),
(38, 'karoliny', '11', 119.00, 119.00, 10, 9, 1, 2, 22, 22, 1, 1, '2014-08-20 15:06:34', '2014-08-20 11:09:12', 'F'),
(39, 'karoliny', '11', 119.00, 119.00, 10, 9, 1, 2, 23, 23, 1, 1, '2014-08-21 14:28:35', '2014-08-21 11:08:17', 'F'),
(40, 'francis', '10', 127.60, 127.60, 6, 11, 3, 2, 23, 24, 1, 1, '2014-08-22 21:05:07', '2014-08-21 17:20:10', 'F'),
(41, 'karoliny', '11', 119.00, 120.90, 10, 11, 1, 2, 23, 24, 1, 1, '2014-08-22 15:33:36', '2014-08-22 11:50:00', 'F'),
(42, 'karoliny', '11', 119.00, 130.30, 11, 11, 1, 2, 24, 25, 1, 1, '2014-08-23 15:00:49', '2014-08-23 11:12:43', 'F'),
(43, 'karoliny', '11', 87.00, 87.00, 12, 11, 1, 2, 25, 25, 1, 1, '2014-08-25 14:56:05', '2014-08-25 11:28:11', 'F'),
(44, 'karoliny', '11', 85.00, 85.00, 12, 11, 1, 2, 26, 26, 1, 1, '2014-08-26 14:57:30', '2014-08-26 11:07:20', 'F'),
(45, 'karoliny', '11', 56.00, 56.00, 12, 11, 1, 2, 27, 27, 1, 1, '2014-08-27 15:01:21', '2014-08-27 11:29:28', 'F'),
(46, 'francis', '10', 56.90, 56.90, 6, 11, 3, 2, 27, 27, 1, 1, '2014-08-27 21:07:43', '2014-08-27 17:04:27', 'F'),
(47, 'karoliny', '11', 56.00, 56.00, 12, 11, 1, 2, 27, 27, 1, 1, '2014-08-28 15:03:43', '2014-08-28 11:11:31', 'F'),
(48, 'francis', '10', 56.90, 56.90, 6, 11, 3, 2, 27, 27, 1, 1, '2014-08-28 20:50:00', '2014-08-28 17:33:11', 'F'),
(49, 'karoliny', '11', 56.00, 56.00, 12, 12, 1, 2, 27, 27, 1, 1, '2014-08-29 15:03:17', '2014-08-29 11:10:35', 'F'),
(50, 'francis', '10', 57.90, 57.90, 6, 12, 3, 2, 27, 27, 1, 1, '2014-08-29 21:02:29', '2014-08-29 15:39:53', 'F'),
(51, 'karoliny', '11', 73.70, 73.70, 12, 12, 1, 2, 27, 27, 1, 1, '2014-09-01 15:03:00', '2014-09-01 11:11:31', 'F'),
(52, 'francis', '10', 73.90, 82.40, 6, 13, 3, 2, 27, 28, 1, 1, '2014-09-01 21:08:14', '2014-09-01 17:59:55', 'F'),
(53, 'karoliny', '11', 108.15, 108.15, 12, 13, 1, 2, 28, 28, 1, 1, '2014-09-02 15:03:19', '2014-09-02 11:08:18', 'F'),
(54, 'francis', '10', 108.40, 108.40, 7, 13, 3, 2, 28, 28, 1, 1, '2014-09-02 21:06:59', '2014-09-02 17:23:51', 'F'),
(55, 'karoliny', '11', 108.40, 108.40, 12, 13, 1, 2, 28, 29, 1, 1, '2014-09-03 15:00:06', '2014-09-03 11:08:27', 'F'),
(56, 'francis', '10', 108.40, 116.90, 7, 14, 3, 2, 29, 30, 1, 1, '2014-09-03 21:17:15', '2014-09-03 17:30:56', 'F'),
(57, 'karoliny', '11', 116.90, 128.90, 12, 15, 1, 2, 30, 31, 1, 1, '2014-09-04 15:05:00', '2014-09-04 11:15:20', 'F'),
(58, 'francis', '10', 128.90, 128.90, 14, 15, 3, 2, 31, 31, 1, 1, '2014-09-04 21:01:05', '2014-09-04 17:35:34', 'F'),
(59, 'karoliny', '11', 124.90, 126.90, 13, 16, 1, 2, 31, 32, 1, 1, '2014-09-05 15:04:28', '2014-09-05 11:13:25', 'F'),
(60, 'francis', '10', 116.90, 125.90, 14, 17, 3, 2, 32, 33, 1, 1, '2014-09-05 21:00:17', '2014-09-05 17:29:13', 'F'),
(61, 'karoliny', '11', 135.90, 135.90, 16, 17, 1, 2, 33, 33, 1, 1, '2014-09-06 14:24:08', '2014-09-06 11:09:38', 'F'),
(62, 'karoliny', '11', 135.90, 150.65, 16, 18, 1, 2, 33, 34, 1, 1, '2014-09-08 14:59:38', '2014-09-08 11:01:59', 'F'),
(63, 'karoliny', '11', 196.60, 196.60, 17, 18, 1, 2, 34, 34, 1, 1, '2014-09-09 14:57:41', '2014-09-09 11:07:22', 'F'),
(64, 'francis', '10', 145.60, 140.60, 15, 18, 3, 2, 34, 34, 1, 2, '2014-09-09 21:00:41', '2014-09-09 17:41:39', 'F'),
(65, 'karoliny', '11', 142.60, 142.60, 17, 18, 1, 2, 34, 34, 2, 2, '2014-09-10 15:01:05', '2014-09-10 11:17:43', 'F'),
(66, 'francis', '10', 141.60, 141.60, 15, 18, 3, 2, 34, 34, 2, 2, '2014-09-10 21:04:17', '2014-09-10 17:22:39', 'F'),
(67, 'karoliny', '11', 141.60, 141.60, 17, 18, 1, 2, 34, 34, 2, 2, '2014-09-11 14:59:14', '2014-09-11 11:14:42', 'F'),
(68, 'francis', '10', 141.60, 141.60, 15, 18, 3, 2, 34, 34, 2, 2, '2014-09-11 17:31:04', '2014-09-11 17:25:30', 'F'),
(69, 'francis', '10', 156.10, 252.10, 15, 19, 3, 2, 34, 35, 2, 2, '2014-09-11 20:57:57', '2014-09-11 17:31:25', 'F'),
(70, 'francis', '10', 132.10, 132.10, 18, 20, 3, 2, 35, 35, 2, 2, '2014-09-12 20:51:32', '2014-09-12 11:27:12', 'F'),
(71, 'francis', '10', 132.10, 163.10, 20, 20, 3, 2, 35, 36, 2, 3, '2014-09-13 15:00:43', '2014-09-13 11:39:41', 'F'),
(72, 'karoliny', '11', 131.10, 131.10, 17, 22, 1, 2, 36, 36, 3, 3, '2014-09-16 15:00:50', '2014-09-16 11:11:57', 'F'),
(73, 'francis', '10', 96.60, 106.60, 21, 25, 3, 2, 36, 37, 3, 4, '2014-09-16 20:59:25', '2014-09-16 17:27:53', 'F'),
(74, 'karoliny', '11', 106.60, 136.45, 19, 26, 1, 2, 37, 38, 4, 4, '2014-09-17 15:01:14', '2014-09-17 11:07:12', 'F'),
(75, 'francis', '10', 76.45, 89.90, 25, 27, 3, 2, 38, 39, 4, 4, '2014-09-17 20:59:02', '2014-09-17 17:43:40', 'F'),
(76, 'karoliny', '11', 146.35, 206.10, 23, 28, 1, 2, 39, 41, 4, 4, '2014-09-18 14:59:18', '2014-09-18 11:17:42', 'F'),
(77, 'karoliny', '11', 146.35, 206.10, 23, 28, 1, 2, 39, 41, 4, 4, '2014-09-18 15:00:42', '2014-09-18 11:17:43', 'F'),
(78, 'manasses', '13', 0.00, 0.00, 1, 30, 1, 2, 40, 42, 4, 5, '2014-09-18 20:40:22', '2014-09-18 11:45:27', 'F'),
(79, 'francis', '10', 106.10, 106.10, 26, 30, 3, 2, 42, 42, 4, 4, '2014-09-18 18:37:12', '2014-09-18 17:26:13', 'F'),
(80, 'francis', '10', 156.10, 106.10, 28, 30, 3, 2, 42, 42, 4, 5, '2014-09-18 20:52:25', '2014-09-18 18:37:27', 'F'),
(81, 'karoliny', '11', 156.10, 188.10, 27, 31, 1, 2, 42, 43, 5, 5, '2014-09-19 15:05:24', '2014-09-19 11:14:28', 'F'),
(82, 'francis', '10', 154.00, 319.00, 28, 35, 3, 2, 43, 47, 5, 6, '2014-09-19 20:57:37', '2014-09-19 17:13:46', 'F'),
(83, 'karoliny', '11', 210.95, 210.95, 29, 35, 1, 2, 47, 47, 6, 6, '2014-09-20 15:01:31', '2014-09-20 11:14:28', 'F'),
(84, 'karoliny', '11', 110.95, 110.95, 29, 35, 1, 2, 47, 48, 6, 6, '2014-09-22 15:02:36', '2014-09-22 11:15:49', 'F'),
(85, 'francis', '10', 285.95, 318.95, 35, 37, 3, 2, 48, 49, 6, 7, '2014-09-22 18:59:53', '2014-09-22 17:11:32', 'F'),
(86, 'francis', '10', 293.95, 293.95, 37, 38, 3, 2, 49, 49, 7, 7, '2014-09-22 20:58:27', '2014-09-22 19:00:10', 'F'),
(87, 'karoliny', '11', 133.95, 137.95, 29, 39, 1, 2, 49, 50, 7, 8, '2014-09-23 15:01:00', '2014-09-23 11:08:05', 'F'),
(88, 'francis', '10', 147.95, 161.70, 38, 43, 3, 3, 51, 53, 8, 8, '2014-09-23 20:52:48', '2014-09-23 17:14:43', 'F'),
(89, 'manasses', '13', 0.00, 89.50, 30, 43, 4, 3, 52, 53, 8, 8, '2014-09-24 11:10:40', '2014-09-23 17:35:00', 'F'),
(90, 'karoliny', '11', 161.70, 161.70, 32, 43, 1, 4, 53, 54, 8, 8, '2014-09-24 15:01:25', '2014-09-24 11:14:57', 'F'),
(91, 'francis', '10', 161.70, 161.70, 41, 43, 3, 4, 54, 55, 8, 8, '2014-09-24 20:50:49', '2014-09-24 17:01:24', 'F'),
(92, 'karoliny', '11', 161.70, 161.70, 32, 43, 1, 4, 55, 55, 8, 8, '2014-09-25 15:00:34', '2014-09-25 11:12:04', 'F'),
(93, 'francis', '10', 162.70, 162.70, 41, 43, 3, 4, 55, 55, 8, 8, '2014-09-25 17:14:50', '2014-09-25 17:13:55', 'F'),
(94, 'francis', '10', 161.70, 161.70, 41, 43, 3, 4, 55, 56, 8, 8, '2014-09-25 20:52:33', '2014-09-25 17:15:01', 'F'),
(95, 'karoliny', '11', 161.70, 151.70, 32, 43, 1, 4, 56, 56, 8, 9, '2014-09-26 15:01:30', '2014-09-26 11:03:24', 'F'),
(96, 'francis', '10', 151.90, 141.90, 41, 44, 3, 4, 56, 60, 9, 10, '2014-09-26 21:02:17', '2014-09-26 17:14:46', 'F'),
(97, 'francis', '10', 141.70, 141.70, 44, 44, 3, 4, 60, 60, 10, 10, '2014-09-27 15:00:11', '2014-09-27 11:13:12', 'F'),
(98, 'manasses', '13', 141.70, 91.70, 42, 46, 5, 4, 60, 61, 10, 11, '2014-09-29 16:56:35', '2014-09-29 11:00:31', 'F'),
(99, 'manasses', '13', 141.70, 141.70, 42, 47, 5, 4, 60, 66, 10, 12, '2014-09-30 10:27:38', '2014-09-29 11:00:31', 'F'),
(100, 'francis', '10', 110.70, 164.70, 44, 47, 3, 4, 61, 66, 11, 12, '2014-09-29 21:00:31', '2014-09-29 17:02:31', 'F'),
(101, 'manasses', '13', 166.70, 213.20, 46, 49, 5, 4, 66, 68, 12, 12, '2014-09-30 17:16:37', '2014-09-30 10:28:33', 'F'),
(102, 'francis', '10', 113.20, 113.20, 45, 49, 3, 4, 68, 68, 12, 12, '2014-09-30 21:00:52', '2014-09-30 17:29:12', 'F'),
(103, 'manasses', '13', 113.20, 116.00, 49, 50, 5, 4, 68, 69, 12, 12, '2014-09-30 21:52:52', '2014-09-30 21:50:26', 'F'),
(104, 'manasses', '13', 124.90, 264.80, 50, 52, 6, 5, 72, 76, 12, 12, '2014-10-01 17:02:51', '2014-10-01 11:19:51', 'F'),
(105, 'francis', '10', 115.50, 115.50, 45, 52, 3, 5, 76, 76, 12, 12, '2014-10-01 20:50:38', '2014-10-01 17:21:59', 'F'),
(106, 'manasses', '13', 115.50, 105.50, 52, 53, 6, 5, 76, 77, 12, 13, '2014-10-02 17:01:16', '2014-10-02 11:13:01', 'F'),
(107, 'francis', '10', 105.50, 105.50, 45, 53, 3, 5, 77, 77, 13, 13, '2014-10-02 20:56:08', '2014-10-02 17:20:34', 'F'),
(108, 'manasses', '13', 105.50, 105.50, 53, 53, 6, 5, 77, 78, 13, 13, '2014-10-03 16:55:15', '2014-10-03 11:08:51', 'F'),
(109, 'francis', '10', 105.50, 105.50, 45, 53, 3, 6, 78, 81, 13, 13, '2014-10-03 21:00:50', '2014-10-03 17:02:18', 'F'),
(110, 'manasses', '13', 110.25, 117.35, 53, 55, 7, 6, 81, 82, 13, 13, '2014-10-07 10:37:30', '2014-10-06 10:42:54', 'F'),
(111, 'manasses', '13', 140.40, 140.40, 55, 55, 7, 6, 82, 82, 13, 13, '2014-10-08 10:33:44', '2014-10-07 11:36:10', 'F'),
(112, 'francis', '10', 123.90, 123.90, 45, 55, 3, 6, 82, 82, 13, 13, '2014-10-07 20:58:52', '2014-10-07 17:13:07', 'F'),
(113, 'manasses', '13', 123.90, 153.15, 55, 57, 7, 6, 82, 83, 13, 14, '2014-10-08 17:10:20', '2014-10-08 10:36:59', 'F'),
(114, 'francis ', '10', 153.15, 268.15, 45, 58, 3, 6, 82, 84, 13, 14, '2014-10-08 20:54:51', '2014-10-08 17:00:44', 'F'),
(115, 'manasses', '13', 153.15, 73.15, 57, 59, 7, 6, 84, 84, 14, 15, '2014-10-09 17:01:49', '2014-10-09 10:23:53', 'F'),
(116, 'francis', '10', 73.15, 97.60, 48, 60, 3, 6, 84, 85, 15, 15, '2014-10-09 20:59:13', '2014-10-09 17:15:48', 'F'),
(117, 'manasses', '13', 112.60, 77.60, 58, 61, 7, 6, 85, 88, 15, 16, '2014-10-10 17:02:43', '2014-10-10 10:29:11', 'F'),
(118, 'francis', '10', 47.60, 47.60, 59, 63, 3, 6, 88, 88, 16, 16, '2014-10-10 21:27:49', '2014-10-10 17:17:38', 'F'),
(119, 'manasses', '13', 0.00, 0.00, 60, 63, 7, 6, 88, 88, 16, 16, '2014-10-10 19:02:46', '2014-10-10 18:46:40', 'F'),
(120, 'manasses', '13', 98.15, 98.15, 63, 64, 7, 6, 88, 94, 16, 16, '2014-10-11 14:37:38', '2014-10-11 10:57:31', 'F'),
(121, 'francis', '10', 98.15, 398.15, 59, 64, 3, 6, 88, 94, 16, 16, '2014-10-11 14:53:34', '2014-10-11 11:17:52', 'F'),
(122, 'karoliny', '11', 106.95, 145.75, 32, 67, 1, 6, 94, 95, 16, 16, '2014-10-13 15:02:59', '2014-10-13 11:15:42', 'F'),
(123, 'manasses', '13', 0.00, 0.00, 63, 67, 7, 6, 95, 104, 16, 18, '2014-10-16 11:03:33', '2014-10-13 13:29:40', 'F'),
(124, 'francis', '10', 183.75, 67.75, 61, 67, 3, 6, 95, 99, 16, 18, '2014-10-13 21:02:56', '2014-10-13 17:27:29', 'F'),
(125, 'karoliny', '11', 69.50, 69.50, 66, 67, 1, 6, 99, 99, 18, 18, '2014-10-14 15:01:50', '2014-10-14 11:29:01', 'F'),
(126, 'francis', '10', 69.00, 69.00, 61, 67, 3, 6, 99, 103, 18, 18, '2014-10-14 20:53:15', '2014-10-14 17:10:21', 'F'),
(127, 'manasses', '13', 0.00, 0.00, 64, 69, 7, 6, 104, 107, 18, 18, '2014-10-16 20:45:27', '2014-10-16 11:03:43', 'F'),
(128, 'karoliny', '11', 69.00, 69.00, 66, 68, 1, 6, 104, 104, 18, 18, '2014-10-16 15:01:39', '2014-10-16 11:08:22', 'F'),
(129, 'francis', '10', 119.00, 234.00, 61, 69, 3, 6, 104, 107, 18, 18, '2014-10-16 21:13:55', '2014-10-16 17:08:59', 'F'),
(130, 'manasses', '13', 0.00, 0.00, 69, 76, 7, 6, 107, 118, 18, 18, '2014-10-21 16:10:54', '2014-10-17 11:04:59', 'F'),
(131, 'karoliny', '11', 133.25, 217.25, 66, 70, 1, 6, 107, 108, 18, 18, '2014-10-17 15:03:59', '2014-10-17 11:20:35', 'F'),
(132, 'francis', '10', 74.25, 86.25, 61, 72, 3, 6, 112, 113, 18, 18, '2014-10-18 11:29:46', '2014-10-17 17:30:05', 'F'),
(133, 'karoliny', '11', 101.25, 157.60, 67, 74, 1, 6, 113, 115, 18, 18, '2014-10-18 15:01:29', '2014-10-18 11:46:13', 'F'),
(134, 'karoliny', '11', 157.50, 157.50, 74, 74, 1, 6, 115, 116, 18, 18, '2014-10-20 14:02:15', '2014-10-20 10:13:23', 'F'),
(135, 'francis', '10', 157.50, 157.50, 72, 74, 3, 6, 116, 116, 18, 18, '2014-10-20 20:03:09', '2014-10-20 16:30:17', 'F'),
(136, 'karoliny', '11', 157.50, 157.50, 74, 75, 1, 6, 116, 117, 18, 18, '2014-10-21 14:01:38', '2014-10-21 10:13:22', 'F'),
(137, 'francis', '10', 191.50, 191.50, 72, 76, 3, 6, 118, 118, 18, 18, '2014-10-21 19:52:06', '2014-10-21 16:19:31', 'F'),
(138, 'karoliny', '11', 157.50, 157.50, 75, 77, 1, 6, 118, 118, 18, 18, '2014-10-22 14:03:01', '2014-10-22 10:09:33', 'F'),
(139, 'manasses', '13', 0.00, 0.00, 70, 78, 7, 6, 118, 118, 18, 19, '2014-10-23 10:31:41', '2014-10-22 10:43:55', 'F'),
(140, 'francis', '10', 157.50, 152.50, 72, 78, 3, 6, 118, 118, 18, 19, '2014-10-22 20:00:37', '2014-10-22 16:14:26', 'F'),
(141, 'karoliny', '11', 152.50, 152.50, 75, 79, 1, 6, 118, 121, 19, 19, '2014-10-23 14:00:47', '2014-10-23 10:17:31', 'F'),
(142, 'manasses', '13', 0.00, 0.00, 77, 79, 7, 6, 121, 122, 19, 19, '2014-10-24 09:55:05', '2014-10-23 10:35:46', 'F'),
(143, 'francis', '10', 152.50, 152.50, 73, 79, 3, 6, 121, 122, 19, 19, '2014-10-23 20:11:48', '2014-10-23 16:34:17', 'F'),
(144, 'manasses', '13', 0.00, 56.50, 78, 94, 7, 6, 122, 141, 19, 24, '2014-11-01 15:14:23', '2014-10-24 09:55:14', 'F'),
(145, 'karoliny', '11', 152.50, 132.50, 75, 79, 1, 6, 123, 123, 19, 20, '2014-10-24 14:04:48', '2014-10-24 10:13:13', 'F'),
(146, 'karoliny', '11', 127.50, 127.50, 75, 79, 1, 6, 128, 128, 20, 20, '2014-10-25 14:03:30', '2014-10-25 10:38:24', 'F'),
(147, 'karoliny', '11', 127.50, 352.50, 75, 92, 1, 6, 128, 139, 20, 22, '2014-11-01 13:55:42', '2014-10-27 10:07:28', 'F'),
(148, 'francis', '10', 312.20, 627.90, 73, 92, 3, 6, 132, 139, 20, 22, '2014-11-01 13:52:19', '2014-11-01 12:13:08', 'F'),
(149, 'karoliny', '11', 604.45, 320.45, 76, 94, 1, 6, 139, 141, 22, 24, '2014-11-01 15:08:05', '2014-11-01 13:55:57', 'F'),
(150, 'manasses', '13', 320.45, 445.45, 83, 102, 7, 6, 141, 146, 24, 26, '2014-11-01 20:23:44', '2014-11-01 15:14:41', 'F'),
(151, 'teste', '13', 0.00, 0.00, 1, 0, 1, 0, 146, 0, 26, 0, '2014-11-02 21:28:19', '2014-11-02 21:28:19', 'A'),
(152, 'karoliny', '11', 127.50, 243.90, 94, 105, 1, 6, 146, 148, 26, 27, '2014-11-03 14:06:14', '2014-11-03 10:20:05', 'F'),
(153, 'manasses', '13', 0.00, 0.00, 103, 116, 7, 6, 150, 162, 27, 28, '2014-11-04 14:01:51', '2014-11-03 16:50:11', 'F'),
(154, 'francis', '10', 67.50, 74.05, 92, 113, 3, 6, 150, 155, 27, 28, '2014-11-03 20:03:16', '2014-11-03 17:19:01', 'F'),
(155, 'karoliny', '11', 232.20, 243.30, 105, 116, 1, 6, 155, 162, 28, 28, '2014-11-04 13:43:10', '2014-11-04 10:47:12', 'F'),
(156, 'manasses', '13', 282.20, 252.80, 107, 119, 7, 6, 162, 164, 28, 30, '2014-11-04 16:06:32', '2014-11-04 14:08:37', 'F'),
(157, 'francis', '10', 252.80, 531.85, 113, 125, 3, 6, 164, 168, 30, 31, '2014-11-04 19:58:39', '2014-11-04 16:24:02', 'F'),
(158, 'karoliny', '11', 173.75, 173.75, 116, 125, 1, 6, 168, 168, 31, 31, '2014-11-05 13:06:38', '2014-11-05 10:36:51', 'F'),
(159, 'manasses', '13', 173.85, 199.30, 119, 126, 7, 6, 168, 170, 31, 31, '2014-11-05 16:04:49', '2014-11-05 13:22:33', 'F'),
(160, 'francis', '10', 199.30, 262.60, 125, 129, 3, 6, 170, 173, 31, 31, '2014-11-05 20:01:37', '2014-11-05 16:15:27', 'F'),
(161, 'karoliny', '11', 262.60, 434.35, 116, 137, 1, 6, 173, 179, 31, 31, '2014-11-06 14:07:44', '2014-11-06 10:31:24', 'F'),
(162, 'MANASSES', '13', 435.45, 579.10, 120, 143, 7, 6, 179, 185, 31, 32, '2014-11-06 16:23:01', '2014-11-06 15:03:56', 'F'),
(163, 'francis', '10', 663.10, 512.70, 129, 150, 3, 6, 185, 191, 32, 34, '2014-11-06 20:03:06', '2014-11-06 16:31:57', 'F'),
(164, 'karoliny', '11', 314.55, 314.55, 137, 151, 1, 6, 191, 191, 34, 34, '2014-11-07 14:01:46', '2014-11-07 11:49:03', 'F'),
(165, 'manasses', '13', 315.55, 338.05, 143, 153, 7, 6, 191, 193, 34, 34, '2014-11-07 16:04:03', '2014-11-07 14:09:28', 'F'),
(166, 'francis', '10', 388.05, 466.80, 150, 158, 3, 6, 193, 198, 34, 36, '2014-11-07 20:06:19', '2014-11-07 16:31:09', 'F'),
(167, 'manasses', '13', 0.00, 25.20, 153, 169, 7, 6, 198, 225, 36, 38, '2014-11-08 15:34:28', '2014-11-07 20:51:53', 'F'),
(168, 'francis', '10', 416.80, 416.85, 158, 167, 3, 6, 200, 222, 36, 38, '2014-11-08 13:57:23', '2014-11-08 10:21:35', 'F'),
(169, 'manasses', '13', 0.00, 0.00, 170, 170, 7, 6, 225, 225, 38, 38, '2014-11-09 22:12:32', '2014-11-09 21:59:37', 'F'),
(170, 'manasses', '13', 325.05, 143.00, 170, 176, 7, 6, 225, 231, 38, 39, '2014-11-10 16:06:36', '2014-11-10 10:04:10', 'F'),
(171, 'francis', '10', 143.10, 397.55, 167, 181, 3, 6, 231, 236, 39, 39, '2014-11-10 20:04:41', '2014-11-10 16:16:02', 'F'),
(172, 'manasses', '13', 202.55, 430.10, 176, 186, 7, 6, 236, 242, 39, 40, '2014-11-11 15:41:55', '2014-11-11 10:11:08', 'F'),
(173, 'francis', '10', 305.55, 311.10, 181, 191, 3, 6, 242, 246, 40, 43, '2014-11-11 19:58:34', '2014-11-11 15:53:24', 'F'),
(174, 'manasses', '13', 311.10, 21.15, 186, 204, 7, 6, 246, 253, 43, 45, '2014-11-12 19:59:07', '2014-11-12 10:09:25', 'F'),
(175, 'manasses', '13', 70.60, 243.30, 204, 212, 7, 6, 253, 262, 45, 45, '2014-11-13 16:13:16', '2014-11-13 11:28:30', 'F'),
(176, 'francis', '10', 379.60, 415.60, 191, 215, 3, 6, 262, 265, 45, 45, '2014-11-13 20:14:50', '2014-11-13 16:21:23', 'F'),
(177, 'manasses', '13', 242.30, 304.60, 212, 222, 7, 6, 265, 271, 45, 46, '2014-11-14 16:11:21', '2014-11-14 10:04:06', 'F'),
(178, 'francis', '10', 305.60, 322.50, 215, 224, 3, 6, 271, 275, 46, 48, '2014-11-14 20:08:01', '2014-11-14 16:17:32', 'F'),
(179, 'manasses', '13', 262.50, 1017.25, 222, 238, 7, 6, 275, 298, 48, 49, '2014-11-15 15:52:30', '2014-11-15 10:30:34', 'F'),
(180, 'manasses', '13', 179.75, 189.25, 238, 239, 7, 6, 298, 301, 49, 49, '2014-11-17 16:08:44', '2014-11-17 13:05:37', 'F'),
(181, 'francis', '10', 189.25, 270.85, 224, 241, 3, 6, 301, 303, 49, 50, '2014-11-17 20:00:35', '2014-11-17 16:13:04', 'F'),
(182, 'manasses', '13', 270.85, 319.15, 239, 249, 7, 6, 303, 308, 50, 51, '2014-11-18 16:00:40', '2014-11-18 11:02:44', 'F'),
(183, 'francis', '10', 319.15, 319.15, 241, 249, 3, 6, 308, 308, 51, 51, '2014-11-18 16:20:03', '2014-11-18 16:13:23', 'F'),
(184, 'francis', '10', 320.15, 218.40, 241, 254, 3, 6, 308, 312, 51, 52, '2014-11-18 20:19:22', '2014-11-18 16:20:19', 'F'),
(185, 'manasses', '13', 0.00, 69.00, 249, 254, 7, 6, 309, 312, 51, 52, '2014-11-19 10:33:44', '2014-11-18 17:46:39', 'F'),
(186, 'manasses', '13', 172.80, 286.80, 253, 262, 7, 6, 312, 322, 52, 53, '2014-11-19 16:09:30', '2014-11-19 10:35:03', 'F'),
(187, 'francis', '10', 313.80, 441.75, 252, 268, 3, 6, 322, 326, 53, 54, '2014-11-19 20:06:44', '2014-11-19 16:18:53', 'F'),
(188, 'manasses', '13', 159.65, 557.70, 262, 283, 7, 6, 326, 340, 54, 55, '2014-11-20 18:43:08', '2014-11-20 11:07:33', 'F'),
(189, 'manasses', '13', 108.70, 113.95, 283, 300, 7, 6, 340, 353, 55, 57, '2014-11-21 19:57:00', '2014-11-21 10:39:13', 'F'),
(190, 'manasses', '13', 0.00, 306.05, 300, 308, 7, 6, 353, 360, 57, 57, '2014-11-22 15:10:36', '2014-11-22 11:50:51', 'F'),
(191, 'francis', '10', 134.60, 187.00, 268, 320, 3, 6, 360, 375, 57, 58, '2014-11-24 20:03:03', '2014-11-24 10:05:30', 'F'),
(192, 'francis', '10', 87.00, 315.00, 320, 329, 3, 7, 375, 422, 58, 58, '2014-11-25 19:53:14', '2014-11-25 10:15:14', 'F'),
(193, 'francis', '10', 117.10, 152.05, 329, 342, 3, 7, 422, 434, 58, 61, '2014-11-26 19:56:16', '2014-11-26 10:18:16', 'F'),
(194, 'francis', '10', 167.05, 408.05, 342, 354, 3, 7, 434, 447, 61, 62, '2014-11-27 20:05:13', '2014-11-27 10:14:20', 'F'),
(195, 'francis', '10', 189.80, 223.80, 354, 375, 3, 7, 447, 469, 62, 67, '2014-11-28 19:52:21', '2014-11-28 10:13:23', 'F'),
(196, 'francis', '10', 158.50, 909.50, 375, 390, 3, 7, 469, 482, 67, 67, '2014-11-29 15:11:13', '2014-11-29 10:06:20', 'F'),
(197, 'francis', '10', 165.15, 557.10, 390, 408, 3, 7, 482, 500, 67, 67, '2014-12-01 19:59:34', '2014-12-01 10:19:53', 'F'),
(198, 'francis', '10', 195.90, 880.00, 409, 427, 3, 7, 500, 513, 67, 67, '2014-12-02 20:13:49', '2014-12-02 10:05:56', 'F'),
(199, 'francis ', '10', 684.10, 224.40, 427, 427, 3, 7, 513, 513, 67, 68, '2014-12-03 10:16:26', '2014-12-03 10:12:15', 'F'),
(200, 'francis ', '10', 880.00, 406.30, 427, 443, 3, 7, 513, 530, 68, 70, '2014-12-03 19:54:07', '2014-12-03 10:19:10', 'F'),
(201, 'francis', '10', 166.45, 264.90, 443, 463, 3, 7, 530, 544, 70, 72, '2014-12-04 20:00:02', '2014-12-04 09:59:00', 'F'),
(202, 'francis', '10', 194.40, 29.95, 463, 482, 3, 7, 544, 561, 72, 75, '2014-12-05 19:50:25', '2014-12-05 10:04:08', 'F'),
(203, 'francis', '10', 121.80, 843.35, 482, 502, 3, 7, 561, 577, 75, 75, '2014-12-06 14:36:50', '2014-12-06 10:29:46', 'F'),
(204, 'noel', '12', 0.00, 0.00, 1, 493, 1, 7, 568, 569, 75, 75, '2014-12-06 12:16:45', '2014-12-06 12:03:34', 'F'),
(205, 'francis', '10', 221.85, 302.55, 502, 524, 3, 7, 577, 588, 75, 78, '2014-12-08 20:01:40', '2014-12-08 10:40:44', 'F'),
(206, 'francis', '10', 189.05, 976.05, 524, 541, 3, 7, 588, 607, 78, 80, '2014-12-09 19:54:51', '2014-12-09 10:21:56', 'F'),
(207, 'francis', '10', 144.85, 438.40, 541, 561, 3, 7, 607, 619, 80, 83, '2014-12-10 20:02:16', '2014-12-10 10:34:06', 'F'),
(208, 'francis', '10', 184.50, 639.50, 561, 580, 3, 7, 619, 634, 83, 84, '2014-12-11 19:51:21', '2014-12-11 10:26:52', 'F'),
(209, 'manasses', '13', 256.75, 572.65, 308, 590, 8, 7, 634, 648, 84, 86, '2014-12-12 19:59:11', '2014-12-12 10:33:09', 'F'),
(210, 'manasses', '13', 256.75, 822.90, 308, 590, 8, 7, 634, 648, 84, 86, '2014-12-13 10:10:35', '2014-12-12 10:33:18', 'F'),
(211, 'manasses', '13', 139.90, 774.45, 590, 600, 8, 7, 648, 654, 86, 86, '2014-12-13 14:52:23', '2014-12-13 10:14:30', 'F'),
(212, 'francis', '10', 185.55, 669.55, 580, 615, 3, 7, 654, 670, 86, 87, '2014-12-15 20:06:33', '2014-12-15 10:39:01', 'F'),
(213, 'francis', '10', 63.90, 179.25, 615, 634, 3, 7, 670, 677, 87, 88, '2014-12-16 19:57:35', '2014-12-16 10:36:39', 'F'),
(214, 'francis', '10', 139.90, 297.40, 634, 646, 3, 7, 677, 691, 88, 91, '2014-12-17 19:56:57', '2014-12-17 10:46:34', 'F'),
(215, 'francis', '10', 278.40, 518.35, 646, 668, 3, 7, 691, 711, 91, 94, '2014-12-18 20:02:55', '2014-12-18 10:32:05', 'F'),
(216, 'francis', '10', 303.60, 298.25, 668, 688, 3, 7, 711, 722, 94, 96, '2014-12-19 20:09:56', '2014-12-19 10:37:06', 'F'),
(217, 'francis', '10', 312.20, 466.30, 688, 707, 3, 7, 722, 733, 96, 96, '2014-12-22 10:29:21', '2014-12-20 10:33:39', 'F'),
(218, 'manasses', '13', 0.00, 0.00, 600, 703, 8, 7, 729, 729, 96, 96, '2014-12-21 11:12:31', '2014-12-20 15:14:54', 'F'),
(219, 'manasses', '13', 144.90, 451.05, 703, 707, 8, 7, 729, 733, 96, 96, '2014-12-21 14:57:53', '2014-12-21 11:16:39', 'F'),
(220, 'francis', '10', 177.05, 409.55, 700, 720, 3, 7, 733, 801, 96, 98, '2014-12-22 20:00:15', '2014-12-22 10:34:48', 'F'),
(221, 'francis', '10', 263.55, 202.40, 720, 735, 3, 7, 801, 814, 98, 101, '2014-12-24 10:32:31', '2014-12-23 10:49:03', 'F'),
(222, 'manasses', '13', 0.00, 3.80, 708, 735, 8, 7, 813, 814, 101, 101, '2014-12-23 19:56:10', '2014-12-23 19:53:09', 'F'),
(223, 'francis', '10', 163.85, 173.35, 733, 743, 3, 7, 814, 820, 101, 102, '2014-12-24 13:45:55', '2014-12-24 10:45:50', 'F'),
(224, 'francis', '10', 110.95, 392.80, 743, 763, 3, 7, 820, 842, 102, 105, '2014-12-26 19:56:36', '2014-12-26 10:37:17', 'F'),
(225, 'manasses', '13', 94.30, 147.30, 735, 773, 8, 7, 842, 849, 105, 105, '2014-12-27 13:58:43', '2014-12-27 10:10:10', 'F');

-- --------------------------------------------------------

--
-- Estrutura para tabela `cargo`
--

CREATE TABLE IF NOT EXISTS `cargo` (
`cargoID` int(11) NOT NULL,
  `cargoTitulo` varchar(40) NOT NULL,
  `cargoDescricao` text NOT NULL,
  `cargoData` timestamp NOT NULL DEFAULT CURRENT_TIMESTAMP ON UPDATE CURRENT_TIMESTAMP,
  `cargoAtivo` varchar(1) NOT NULL DEFAULT 'S'
) ENGINE=InnoDB  DEFAULT CHARSET=latin1 AUTO_INCREMENT=8 ;

--
-- Fazendo dump de dados para tabela `cargo`
--

INSERT INTO `cargo` (`cargoID`, `cargoTitulo`, `cargoDescricao`, `cargoData`, `cargoAtivo`) VALUES
(3, 'Vendedora', '', '2014-07-02 17:09:57', 'S'),
(4, 'Dono', '', '2014-07-08 14:53:27', 'S'),
(5, 'Pintor', '', '2014-07-16 20:08:00', 'S'),
(6, 'Ajudante de Pintor', '', '2014-07-16 20:08:43', 'S'),
(7, 'Gerente', '  ', '2014-08-14 19:51:55', 'S');

-- --------------------------------------------------------

--
-- Estrutura para tabela `cheques`
--

CREATE TABLE IF NOT EXISTS `cheques` (
`chequeID` int(11) NOT NULL,
  `receberID` int(11) NOT NULL,
  `clienteID` int(11) NOT NULL,
  `valorCheque` float(10,2) NOT NULL,
  `numeroCheque` varchar(30) NOT NULL,
  `vencimentoCheque` date NOT NULL,
  `observacoes` text NOT NULL,
  `empresaID` int(11) NOT NULL
) ENGINE=InnoDB DEFAULT CHARSET=latin1 AUTO_INCREMENT=1 ;

-- --------------------------------------------------------

--
-- Estrutura para tabela `cliente`
--

CREATE TABLE IF NOT EXISTS `cliente` (
`clienteID` int(11) NOT NULL,
  `tipoPessoa` varchar(1) NOT NULL,
  `clienteNomeFantasia` varchar(40) NOT NULL,
  `clienteRazaoSocial` varchar(40) NOT NULL,
  `clienteCnpj` varchar(20) NOT NULL,
  `clienteInscEstadual` varchar(20) NOT NULL,
  `clienteInscMunicipal` varchar(20) NOT NULL,
  `clienteEndereco` varchar(40) NOT NULL,
  `clienteNumero` varchar(6) NOT NULL,
  `clienteBairro` varchar(50) NOT NULL,
  `clienteCep` varchar(10) NOT NULL,
  `clienteCidade` varchar(20) NOT NULL,
  `clienteUf` varchar(2) NOT NULL,
  `clienteComplemento` text NOT NULL,
  `clienteContato` varchar(30) NOT NULL,
  `clienteTelefone` varchar(14) NOT NULL,
  `clienteFax` varchar(14) NOT NULL,
  `clienteRadio` varchar(15) NOT NULL,
  `clienteCelular` varchar(15) NOT NULL,
  `operadoraCelular` varchar(20) NOT NULL,
  `clienteEmail` varchar(100) NOT NULL,
  `clienteSite` varchar(100) NOT NULL,
  `clienteAtivo` varchar(1) NOT NULL DEFAULT 'S',
  `clienteData` timestamp NOT NULL DEFAULT CURRENT_TIMESTAMP,
  `clienteUsuario` varchar(40) NOT NULL,
  `limiteCredito` float(16,4) NOT NULL
) ENGINE=InnoDB  DEFAULT CHARSET=latin1 AUTO_INCREMENT=19 ;

--
-- Fazendo dump de dados para tabela `cliente`
--

INSERT INTO `cliente` (`clienteID`, `tipoPessoa`, `clienteNomeFantasia`, `clienteRazaoSocial`, `clienteCnpj`, `clienteInscEstadual`, `clienteInscMunicipal`, `clienteEndereco`, `clienteNumero`, `clienteBairro`, `clienteCep`, `clienteCidade`, `clienteUf`, `clienteComplemento`, `clienteContato`, `clienteTelefone`, `clienteFax`, `clienteRadio`, `clienteCelular`, `operadoraCelular`, `clienteEmail`, `clienteSite`, `clienteAtivo`, `clienteData`, `clienteUsuario`, `limiteCredito`) VALUES
(2, '0', 'Sueli', '', '', '', '', '', '', '', '', '', 'SP', '', '', '', '', '', '', '', '', 'http://', 'S', '2014-07-14 20:28:34', 'cadastro.Usuario@18e8e89', 0.0000),
(3, '0', 'Consumidor', '', '', '', '', '', '', '', '', '', 'SP', '', '', '', '', '', '', '', '', 'http://', 'S', '2014-09-01 20:44:47', 'cadastro.Usuario@576bb6eb', 0.0000),
(4, '1', 'Jundicor ', 'Jundicor Ins. de Card Jund Ltda', '', '', '', 'Rua Barão de Teffé', '606', 'Anhangabaú', '13208761', 'Jundiai', 'SP', '', '', '(11) 4521-4611', '', '', '', '', '', 'http://', 'S', '2014-09-16 19:35:34', 'cadastro.Usuario@6d8c1b6', 0.0000),
(5, '1', 'Padaria Real América', '', '', '', '', '', '', '', '', '', 'SP', '', '', '', '', '', '', '', '', 'http://', 'S', '2014-09-22 19:01:49', 'manasses', 0.0000),
(6, '0', 'Marcelo Balzam', '', '', '', '', '', '', 'Portal do Paraiso 1', '', 'Jundiai', 'SP', '', '', '', '', '', '', '', '', 'http://', 'S', '2014-09-24 20:07:45', 'francis', 0.0000),
(7, '0', 'Luíza Marta', '', '', '', '', '', '', '', '', '', 'SP', '', '', '', '', '', '', '', '', 'http://', 'S', '2014-09-26 18:24:43', 'cadastro.Usuario@1419c4fd', 0.0000),
(8, '0', 'Folha de Pagamento', '', '', '', '', '', '', '', '', '', 'SP', '', '', '', '', '', '', '', '', 'http://', 'S', '2014-09-26 18:29:05', 'cadastro.Usuario@1f33a17b', 0.0000),
(9, '0', 'Laercio', '', '', '', '', '', '', '', '', '', 'SP', '', '', '', '', '', '', '', '', 'http://', 'S', '2014-09-29 12:47:31', 'cadastro.Usuario@4f414fdb', 0.0000),
(10, '0', 'Cleonice', '', '', '', '', 'Rua do Jd. America I', '1', 'Jd. Amérca I', '', 'Várzea Paulista', 'SP', '', 'Cleonice', '', '', '', '', '', '', 'http://', 'S', '2014-10-01 10:51:12', 'cadastro.Usuario@573b7064', 0.0000),
(11, '0', 'Imao Aparecido', '', '', '', '', 'Rua dos Angicos', '150', 'Jardim America 2', '', 'Várzea Paulista', 'SP', '', '', '', '', '', '', '', '', 'http://', 'S', '2014-10-01 14:20:54', 'cadastro.Usuario@6c7a84e1', 0.0000),
(12, '1', 'Mix Publicidade e Propaganda', 'F.R. Matavelli ME', '', '712.051.144.155', '', 'Rua Sorocaba', '59', 'Distrito Industrial', '13225005', 'Várzea Paulista', 'SP', 'Galpão 7', 'Patricia', '(11) 4595-3451', '', '', '', '', 'mixpuplicidade@hotmail.com', 'http://', 'S', '2014-10-16 11:06:43', 'cadastro.Usuario@1953d917', 0.0000),
(13, '0', 'Rose e Mauricio da eletrica', '', '', '', '', '', '', '', '', '', 'SP', '', '', '(11) 4595-5420', '', '', '(11) 7790-6029', 'VIVO', '', 'http://', 'S', '2014-10-27 10:41:51', 'cadastro.Usuario@683f67e0', 0.0000),
(14, '0', 'Associação Amigos Portal do Paraiso 1', '', '', '', '', '', '', '', '', '', 'SP', '', '', '', '', '', '', '', '', 'http://', 'S', '2014-11-19 16:32:25', 'cadastro.Usuario@4c00254', 0.0000),
(15, '0', 'Rodrigo Silva', '', '', '', '', '', '', '', '', '', 'SP', '', '', '', '', '', '', '', '', 'http://', 'S', '2014-11-25 11:18:21', 'cadastro.Usuario@76c85151', 0.0000),
(16, '0', 'Dona Helena', '', '', '', '', '', '', '', '', '', 'SP', '', '', '', '', '', '', '', '', 'http://', 'S', '2014-11-25 11:23:33', 'cadastro.Usuario@5dac5386', 0.0000),
(17, '1', 'VWV Empilhadeiras', 'VWV Empilhadeiras LTDA. - EPP', '', '712.113.186.112', '1032943', 'Avenida Barretos ', '824', 'Jardim America ', '13221534', 'Várzea Paulista', 'SP', '', '', '(11) 3446-4307', '1145956717', '', '(11) 3446-4308', 'CTBC', 'compras@vwvempilhadeiras.com.br', 'http://www.vwvempilhadeiras.com.br', 'S', '2014-12-04 17:11:28', 'cadastro.Usuario@5a62f8c', 0.0000),
(18, '0', 'Tio Eliseu', '', '', '', '', '', '', '', '', '', 'SP', '', '', '', '', '', '', '', '', 'http://', 'S', '2014-12-18 11:29:46', 'cadastro.Usuario@20b51d7e', 0.0000);

-- --------------------------------------------------------

--
-- Estrutura para tabela `compras`
--

CREATE TABLE IF NOT EXISTS `compras` (
`compraID` int(11) NOT NULL,
  `nome` varchar(100) NOT NULL,
  `quantidade` int(11) NOT NULL,
  `data` timestamp NOT NULL DEFAULT CURRENT_TIMESTAMP ON UPDATE CURRENT_TIMESTAMP,
  `compraAtiva` varchar(1) NOT NULL DEFAULT 'S'
) ENGINE=InnoDB DEFAULT CHARSET=latin1 AUTO_INCREMENT=1 ;

-- --------------------------------------------------------

--
-- Estrutura para tabela `contapagar`
--

CREATE TABLE IF NOT EXISTS `contapagar` (
`contapagarID` int(11) NOT NULL,
  `formPagID` int(11) NOT NULL,
  `favorecido` text NOT NULL,
  `valor` float(10,2) NOT NULL,
  `vezes` int(11) NOT NULL,
  `intervalo` int(11) NOT NULL,
  `data` date NOT NULL,
  `usuario` varchar(100) NOT NULL,
  `empresaID` int(11) NOT NULL
) ENGINE=InnoDB  DEFAULT CHARSET=latin1 AUTO_INCREMENT=136 ;

--
-- Fazendo dump de dados para tabela `contapagar`
--

INSERT INTO `contapagar` (`contapagarID`, `formPagID`, `favorecido`, `valor`, `vezes`, `intervalo`, `data`, `usuario`, `empresaID`) VALUES
(1, 1, 'gasolina', 50.00, 1, 30, '2014-07-02', 'francis', 1),
(2, 1, 'Karoliny', 200.00, 1, 30, '2014-07-02', 'francis', 1),
(3, 6, 'Prestador de Serviço', 3.75, 6, 30, '2014-07-25', 'karoliny', 1),
(4, 1, 'Grafica B Blantes LTDA -ME', 275.00, 1, 0, '2014-07-28', 'karoliny', 1),
(5, 4, 'Borracharia', 500.00, 2, 30, '2014-07-05', 'karoliny', 1),
(6, 4, 'Total Cor', 2130.00, 3, 30, '2014-07-01', 'karoliny', 1),
(7, 4, 'Total Cor', 2130.00, 3, 30, '2014-07-01', 'karoliny', 1),
(8, 1, ' honorário', 280.00, 1, 30, '2014-07-15', 'karoliny', 1),
(9, 6, 'Eucatex Distribuidora Logistica ', 639.72, 3, 7, '2014-08-12', 'karoliny', 1),
(10, 1, 'Honorario', 275.00, 18, 30, '2014-08-15', 'karoliny', 1),
(11, 4, 'Tal-Cor', 2130.00, 3, 11, '2014-07-20', 'francis', 1),
(12, 4, 'Tal-Cor', 2130.00, 3, 11, '2014-07-20', 'francis', 1),
(13, 6, 'Eucatex Distribuidora Logistica ', 639.72, 3, 7, '2014-08-12', 'francis', 1),
(14, 6, 'Eucatex Distribuidora Logistica ', 639.72, 3, 7, '2014-08-12', 'francis', 1),
(15, 6, 'Eucatex Distribuidora Logistica ', 639.72, 3, 7, '2014-08-12', 'francis', 1),
(16, 4, 'Tal Cor', 2130.00, 3, 30, '2014-07-20', 'karoliny', 1),
(17, 6, 'Gesse', 625.00, 6, 30, '2014-07-25', 'francis', 1),
(18, 6, 'Gesse', 625.00, 6, 30, '2014-07-25', 'francis', 1),
(19, 6, 'Gesse', 3750.00, 6, 30, '2014-07-25', 'francis', 1),
(20, 6, 'Eucatex', 3838.32, 3, 6, '2014-08-12', 'francis', 1),
(21, 6, 'Eucatex Distribuidora Logistica', 1919.16, 1, 6, '2014-08-12', 'francis', 1),
(22, 6, 'Eucatex Distribuidora Logistica', 1919.16, 3, 6, '2014-08-12', 'francis', 1),
(23, 4, 'Tal-Cor', 4260.00, 2, 30, '2014-09-01', 'francis', 1),
(24, 4, 'Borracharia', 500.00, 1, 30, '2014-08-05', 'francis', 1),
(25, 4, 'Casa do Pintor', 340.00, 1, 30, '2014-10-11', 'francis', 1),
(26, 4, 'Grafica B Blantes LTDA -ME', 275.00, 1, 30, '2014-07-28', 'francis', 1),
(27, 1, 'Contadora', 280.00, 18, 30, '2014-08-15', 'francis', 1),
(28, 6, 'Eucatex Distribuidora Logistica', 1919.16, 3, 7, '2014-08-12', 'francis', 1),
(29, 6, 'Contadora', 5040.00, 18, 30, '2014-08-15', 'francis', 1),
(30, 6, 'Gráfica Blantes', 275.00, 1, 30, '2014-07-28', 'francis', 1),
(31, 4, 'Art-Cor', 510.00, 1, 30, '2014-08-04', 'francis', 1),
(32, 6, 'Eucatex Distribuiç&#227;o e Logistica', 1698.80, 3, 28, '2014-09-18', 'karoliny', 1),
(33, 4, 'Tal - Cor ', 2758.50, 3, 30, '2014-10-09', 'francis', 1),
(34, 4, 'Tal - Cor ', 8775.50, 3, 30, '2014-10-09', 'francis', 1),
(35, 4, 'Tal - Cor ', 8275.50, 3, 30, '2014-10-09', 'francis', 1),
(36, 1, 'Borracharia', 120.00, 1, 30, '2014-10-01', 'francis', 1),
(37, 4, 'Marcos', 600.00, 1, 30, '2014-09-20', 'francis', 1),
(38, 6, 'ArtCores Tintas', 845.94, 3, 30, '2014-10-13', 'francis', 1),
(39, 6, 'Eucatex Distribuiç&#227;o e Logistica', 1947.19, 3, 28, '2014-10-16', 'karoliny', 1),
(40, 6, 'Eucatex Distribuiç&#227;o e Logistica', 1947.19, 3, 28, '2014-10-16', 'karoliny', 1),
(41, 6, 'Eucatex Distribuiç&#227;o e Logistica', 1966.00, 3, 28, '2014-10-16', 'francis', 1),
(42, 6, 'ArtCores Tintas', 325.27, 2, 30, '2014-10-23', 'manasses', 1),
(43, 1, 'Karoline', 210.00, 1, 30, '2014-09-26', 'francis', 1),
(44, 1, 'Francis', 210.00, 1, 30, '2014-09-26', 'francis', 1),
(45, 1, 'Marcos', 200.00, 1, 30, '2014-09-26', 'francis', 1),
(46, 1, 'Joaquim', 100.00, 1, 30, '2014-09-26', 'francis', 1),
(47, 1, 'Acerto de saldo do caixa da loja', 916.53, 1, 30, '2014-09-29', 'manasses', 1),
(48, 4, 'Grafica Artgraf', 180.00, 1, 30, '2014-09-30', 'manasses', 1),
(49, 6, 'Satélite com eletr. inf. ltda ME', 99.00, 4, 30, '2014-09-30', 'manasses', 1),
(50, 6, 'Juros e tarifas máquina Cart&#227;o', 135.03, 1, 30, '2014-10-01', 'manasses', 1),
(51, 6, 'Fatura Cart&#227;o Panamericano', 675.59, 1, 30, '2014-10-01', 'manasses', 1),
(52, 1, 'Joaquim', 525.00, 1, 30, '2014-10-03', 'francis', 1),
(53, 1, 'Marcos', 960.00, 1, 30, '2014-10-03', 'francis', 1),
(54, 1, 'Francis', 100.00, 1, 30, '2014-10-03', 'francis', 1),
(55, 6, 'Eucatex Distribuiç&#227;o e Logistica', 885.59, 2, 28, '2014-11-03', 'manasses', 1),
(56, 6, 'Forte System', 1200.00, 8, 30, '2014-10-10', 'manasses', 1),
(57, 1, 'Amado José Silveira', 8400.00, 12, 30, '2014-10-15', 'manasses', 1),
(58, 4, 'Tal - Cor ', 2103.00, 3, 30, '2014-11-14', 'manasses', 1),
(59, 1, 'Banco Itau Tarifa c-c', 310.80, 6, 30, '2014-11-01', 'manasses', 1),
(60, 6, 'CGSN - Simples Nacional', 41.91, 1, 30, '2014-10-20', 'manasses', 1),
(61, 1, 'Art Cor Comercio de Tintas Ltda', 141.92, 1, 30, '2014-10-13', 'manasses', 1),
(62, 1, 'Mix Publicidade e Propaganda', 40.00, 1, 30, '2014-10-13', 'manasses', 1),
(63, 1, 'Posto JP - Celta', 20.00, 1, 30, '2014-10-13', 'manasses', 1),
(64, 6, 'Vivo Celular Vera', 31.90, 1, 30, '2014-10-14', 'manasses', 1),
(65, 6, 'CPFL ', 46.75, 1, 30, '2014-10-14', 'manasses', 1),
(66, 1, 'Marcos', 1000.00, 1, 30, '2014-10-17', 'manasses', 1),
(67, 1, 'Joaquim', 650.00, 1, 30, '2014-10-17', 'manasses', 1),
(68, 1, 'Francis', 175.00, 1, 30, '2014-10-17', 'manasses', 1),
(69, 6, 'Art Cor Comercio de Tintas Ltda', 614.84, 3, 30, '2014-11-16', 'manasses', 1),
(70, 6, 'ArtCores TINAS', 130.00, 1, 30, '2014-11-19', 'karoliny', 1),
(71, 6, 'ArtCores TINAS', 254.70, 1, 30, '2014-11-21', 'karoliny', 1),
(72, 6, 'ArtCores TINAS', 253.00, 1, 30, '2014-12-21', 'karoliny', 1),
(73, 1, 'Marcos', 200.00, 1, 30, '2014-10-24', 'manasses', 1),
(74, 1, 'Joaquim', 100.00, 1, 30, '2014-10-24', 'manasses', 1),
(75, 1, 'Márcia', 210.00, 1, 30, '2014-10-24', 'manasses', 1),
(76, 1, 'Márcia', 210.00, 1, 30, '2014-10-24', 'manasses', 1),
(77, 1, 'Francis', 225.00, 1, 30, '2014-10-24', 'manasses', 1),
(78, 1, 'Karol', 225.00, 1, 30, '2014-10-24', 'manasses', 1),
(79, 1, 'Marcos', 1000.00, 1, 30, '2014-10-31', 'manasses', 1),
(80, 1, 'Joaquim', 650.00, 1, 30, '2014-10-31', 'manasses', 1),
(81, 1, 'Débora', 400.00, 1, 30, '2014-10-24', 'manasses', 1),
(82, 1, 'Eucatex Distribuidora', 2008.44, 5, 14, '2014-11-18', 'manasses', 1),
(83, 6, 'M Baladi /boticario', 353.38, 1, 30, '2014-10-31', 'manasses', 1),
(84, 6, 'Cart&#227;o Panamerico', 1404.43, 1, 30, '2014-11-01', 'manasses', 1),
(85, 6, 'Distribuidora Paulista', 835.97, 2, 7, '2014-11-20', 'manasses', 1),
(86, 6, 'Eucatex Logistica', 1957.29, 3, 28, '2014-11-26', 'manasses', 1),
(87, 6, 'Várzea net ', 600.00, 12, 30, '2014-11-22', 'manasses', 1),
(88, 4, 'Marcos Calhas', 430.00, 1, 30, '2014-11-03', 'manasses', 1),
(89, 4, 'Art Cor Comercio de Tintas Ltda', 605.92, 1, 30, '2014-11-30', 'manasses', 1),
(90, 4, 'Agetel Anúncio', 1300.00, 10, 30, '2014-12-23', 'manasses', 1),
(91, 6, 'Distribuidora Paulista', 640.56, 1, 30, '2014-12-01', 'karoliny', 1),
(92, 6, 'Eucatex Logistica', 1938.80, 3, 28, '2014-12-02', 'manasses', 1),
(93, 6, 'Maza Produtos Quimicos ', 2778.01, 4, 10, '2014-12-07', 'manasses', 1),
(94, 1, 'Mauricio Compra da Parati', 195.00, 1, 30, '2014-11-10', 'francis', 1),
(95, 6, 'Aniversario Francis', 784.00, 1, 30, '2014-11-20', 'francis', 1),
(96, 6, 'Eucatex Logistica', 752.80, 2, 28, '2014-12-08', 'manasses', 1),
(97, 6, 'Guia Simples Nacional', 167.21, 1, 28, '2014-11-20', 'manasses', 1),
(98, 1, 'Francis', 200.00, 1, 30, '2014-11-14', 'manasses', 1),
(99, 1, 'Marcia', 250.00, 1, 30, '2014-11-14', 'manasses', 1),
(100, 1, 'Marcos', 1000.00, 1, 30, '2014-11-14', 'manasses', 1),
(101, 6, 'Eucatex Logistica', 1418.55, 3, 28, '2014-12-11', 'manasses', 1),
(102, 6, 'Mactra', 406.93, 1, 30, '2014-12-10', 'manasses', 1),
(103, 4, 'Center Dias', 2408.00, 4, 30, '2014-11-17', 'manasses', 1),
(104, 6, 'Cart&#227;o Crédito M&#227;e', 289.69, 1, 30, '2014-11-21', 'manasses', 1),
(105, 6, 'Conta de Agua, luz e telefone', 324.25, 1, 30, '2014-11-21', 'manasses', 1),
(106, 6, 'Carne Carro', 650.00, 1, 30, '2014-11-21', 'manasses', 1),
(107, 6, 'Carne Carro', 650.00, 1, 30, '2014-11-21', 'manasses', 1),
(108, 6, 'Eucatex Logistica', 697.32, 2, 28, '2014-12-15', 'manasses', 1),
(109, 6, 'Maza Produtos Quimicos ', 1111.10, 2, 29, '2014-12-20', 'manasses', 1),
(110, 6, 'Conta de Agua ', 60.79, 1, 30, '2014-12-10', 'francis', 1),
(111, 6, 'Carne carro', 6674.04, 12, 30, '2014-12-02', 'francis', 1),
(112, 6, 'Distribuidora Paulista', 943.96, 1, 30, '2014-11-26', 'francis', 1),
(113, 4, 'Art Cor Comercio de Tintas Ltda', 821.43, 1, 30, '2014-12-25', 'francis', 1),
(114, 6, 'Art Cor Comercio de Tintas Ltda', 100.00, 1, 30, '2014-12-26', 'francis', 1),
(115, 6, 'Maza Produtos Quimicos ', 463.13, 1, 30, '2014-12-29', 'francis', 1),
(116, 6, 'Cart&#227;o de Crédito', 1217.09, 1, 30, '2014-12-06', 'francis', 1),
(117, 6, 'Eucatex Logistica', 1744.75, 3, 28, '2014-12-23', 'francis', 1),
(118, 6, 'Eucatex Distribuiç&#227;o e Logística LTDA', 1295.65, 3, 28, '2014-12-29', 'francis', 1),
(119, 6, 'Distribuidora Paulista', 877.94, 2, 14, '2014-12-23', 'francis', 1),
(120, 6, 'Mactra', 777.94, 2, 30, '2015-01-01', 'francis', 1),
(121, 6, 'Eucatex Logistica', 1561.02, 3, 30, '2015-01-01', 'francis', 1),
(122, 6, 'Center Dias', 307.65, 1, 30, '2015-01-08', 'francis', 1),
(123, 6, 'Eucatex Distribuiç&#227;o e Logística LTDA', 1432.56, 3, 28, '2015-01-07', 'francis', 1),
(124, 6, 'Maza Produtos Quimicos ', 1815.67, 2, 30, '2015-01-11', 'manasses', 1),
(125, 6, 'Darf Simples Nacional', 659.05, 1, 30, '2014-12-22', 'francis', 1),
(126, 6, 'Eucatex Logistica', 885.06, 3, 28, '2015-01-13', 'francis', 1),
(127, 6, 'Art Cor Comercio de Tintas Ltda', 134.00, 1, 30, '2015-01-16', 'francis', 1),
(128, 6, 'Maza Produtos Quimicos ', 684.04, 1, 30, '2015-01-18', 'francis', 1),
(129, 6, 'Eucatex Logistica', 995.67, 3, 28, '2015-01-15', 'francis', 1),
(130, 6, 'ArtCores', 196.53, 1, 30, '2015-01-20', 'francis', 1),
(131, 6, 'Art Cor Tintas Ltda', 212.22, 1, 30, '2015-01-10', 'manasses', 1),
(132, 6, 'Telefonica Loja', 126.53, 1, 30, '2014-12-12', 'manasses', 1),
(133, 6, 'Multa Caminhonete', 136.20, 1, 30, '2015-01-05', 'manasses', 1),
(134, 6, 'Center Dias', 172.00, 1, 30, '2015-01-09', 'francis', 1),
(135, 4, 'Art & Cor', 2350.00, 3, 30, '2015-01-26', 'francis', 1);

-- --------------------------------------------------------

--
-- Estrutura para tabela `empresa`
--

CREATE TABLE IF NOT EXISTS `empresa` (
`empresaID` int(11) NOT NULL,
  `unidade` varchar(50) NOT NULL,
  `nomeFantasia` varchar(50) NOT NULL,
  `razaoSocial` varchar(80) NOT NULL,
  `ramo` varchar(30) NOT NULL,
  `cnpj` varchar(20) NOT NULL,
  `inscEstadual` varchar(20) NOT NULL,
  `inscMunicipal` varchar(20) NOT NULL,
  `cep` varchar(20) NOT NULL,
  `rua` varchar(50) NOT NULL,
  `numero` varchar(10) NOT NULL,
  `bairro` varchar(30) NOT NULL,
  `cidade` varchar(30) NOT NULL,
  `uf` varchar(2) NOT NULL,
  `complemento` varchar(200) NOT NULL,
  `responsavel` varchar(50) NOT NULL,
  `telefone` varchar(20) NOT NULL,
  `fax` varchar(20) NOT NULL,
  `celular` varchar(20) NOT NULL,
  `operadora` varchar(20) NOT NULL,
  `email` varchar(100) NOT NULL,
  `site` varchar(100) NOT NULL,
  `data` timestamp NOT NULL DEFAULT CURRENT_TIMESTAMP ON UPDATE CURRENT_TIMESTAMP,
  `empresaAtiva` varchar(1) NOT NULL DEFAULT 'S'
) ENGINE=InnoDB  DEFAULT CHARSET=latin1 AUTO_INCREMENT=2 ;

--
-- Fazendo dump de dados para tabela `empresa`
--

INSERT INTO `empresa` (`empresaID`, `unidade`, `nomeFantasia`, `razaoSocial`, `ramo`, `cnpj`, `inscEstadual`, `inscMunicipal`, `cep`, `rua`, `numero`, `bairro`, `cidade`, `uf`, `complemento`, `responsavel`, `telefone`, `fax`, `celular`, `operadora`, `email`, `site`, `data`, `empresaAtiva`) VALUES
(1, 'Matriz', 'Noel Tintas', 'Noel Maciel de Gois Tintas- ME', 'Tintas', '20.315.562/0001-31', '712071233117', '35129533776', '13221330', 'Rua Marabá', '481', 'Jardim América', 'Várzea Paulista', 'SP', 'Ao Lado do Posto de Saúde', 'Noel Maciel de Gois ', '(11) 4596-5630', '', '(11) 9748-68949', 'CLARO', 'contato@noeltintas.com.br', 'www.noeltintas.com.br', '2014-11-09 22:13:32', 'S');

-- --------------------------------------------------------

--
-- Estrutura para tabela `estoque`
--

CREATE TABLE IF NOT EXISTS `estoque` (
`estoqueID` int(11) NOT NULL,
  `fornecedorID` int(11) NOT NULL,
  `produtoID` int(11) NOT NULL,
  `quantidade` float(10,2) NOT NULL,
  `precoCusto` float(10,2) NOT NULL,
  `preco` float(10,2) NOT NULL,
  `lucro` varchar(10) NOT NULL,
  `unidade` varchar(2) NOT NULL,
  `data` timestamp NOT NULL DEFAULT CURRENT_TIMESTAMP ON UPDATE CURRENT_TIMESTAMP,
  `usuario` varchar(50) NOT NULL,
  `empresaID` int(11) NOT NULL
) ENGINE=InnoDB  DEFAULT CHARSET=latin1 AUTO_INCREMENT=853 ;

--
-- Fazendo dump de dados para tabela `estoque`
--

INSERT INTO `estoque` (`estoqueID`, `fornecedorID`, `produtoID`, `quantidade`, `precoCusto`, `preco`, `lucro`, `unidade`, `data`, `usuario`, `empresaID`) VALUES
(1, 14, 465, 15.00, 30.00, 42.00, '40.00', 'UN', '2014-07-02 17:41:43', 'francis', 1),
(2, 14, 464, 25.00, 30.00, 42.00, '40.00', 'UN', '2014-07-02 17:41:57', 'francis', 1),
(3, 14, 466, 50.00, 30.00, 42.00, '40.00', 'UN', '2014-07-03 17:20:11', 'francis', 1),
(4, 14, 467, 30.00, 30.00, 42.00, '40.00', 'UN', '2014-07-03 17:24:57', 'francis', 1),
(5, 14, 468, 10.00, 30.00, 42.00, '40.00', 'UN', '2014-07-03 17:27:03', 'francis', 1),
(6, 14, 469, 20.00, 30.00, 42.00, '40.00', 'UN', '2014-07-03 17:29:07', 'francis', 1),
(7, 14, 470, 10.00, 85.00, 119.00, '40.00', 'UN', '2014-07-03 17:31:08', 'francis', 1),
(8, 14, 471, 10.00, 48.00, 75.00, '56.25', 'UN', '2014-07-03 17:32:49', 'francis', 1),
(9, 14, 472, 10.00, 48.00, 75.00, '56.25', 'UN', '2014-07-03 17:34:25', 'francis', 1),
(10, 14, 473, 10.00, 48.00, 75.00, '56.25', 'UN', '2014-07-03 17:35:28', 'francis', 1),
(11, 14, 473, 10.00, 48.00, 75.00, '56.25', 'UN', '2014-07-03 17:35:32', 'francis', 1),
(12, 14, 474, 5.00, 0.90, 1.50, '66.67', 'UN', '2014-07-11 13:38:00', 'karoliny', 1),
(13, 14, 475, 5.00, 1.80, 3.00, '66.67', 'UN', '2014-07-11 13:38:09', 'karoliny', 1),
(14, 14, 476, 2.00, 2.70, 4.50, '66.67', 'UN', '2014-07-11 13:38:17', 'karoliny', 1),
(15, 14, 477, 3.00, 3.60, 6.00, '66.67', 'UN', '2014-07-11 13:40:47', 'karoliny', 1),
(16, 14, 478, 6.00, 4.50, 7.50, '66.67', 'UN', '2014-07-11 13:43:09', 'karoliny', 1),
(17, 14, 479, 5.00, 5.40, 9.00, '66.67', 'UN', '2014-07-11 13:47:17', 'karoliny', 1),
(18, 14, 480, 4.00, 6.30, 10.50, '66.67', 'UN', '2014-07-11 13:47:33', 'karoliny', 1),
(19, 14, 481, 8.00, 7.20, 12.00, '66.67', 'UN', '2014-07-11 13:50:41', 'karoliny', 1),
(20, 14, 482, 10.00, 8.10, 13.50, '66.67', 'UN', '2014-07-11 13:52:18', 'karoliny', 1),
(21, 14, 483, 8.00, 9.00, 15.00, '66.67', 'UN', '2014-07-11 13:53:23', 'karoliny', 1),
(22, 14, 484, 5.00, 0.90, 1.50, '66.67', 'UN', '2014-07-11 13:56:59', 'karoliny', 1),
(23, 14, 485, 5.00, 1.80, 3.00, '66.67', 'UN', '2014-07-11 13:57:06', 'karoliny', 1),
(24, 14, 486, 2.00, 2.70, 4.50, '66.67', 'UN', '2014-07-11 14:01:38', 'karoliny', 1),
(25, 14, 487, 3.00, 3.60, 6.00, '66.67', 'UN', '2014-07-11 14:02:53', 'karoliny', 1),
(26, 14, 488, 6.00, 4.50, 7.50, '66.67', 'UN', '2014-07-11 14:07:52', 'karoliny', 1),
(27, 14, 489, 5.00, 5.40, 9.00, '66.67', 'UN', '2014-07-11 14:08:01', 'karoliny', 1),
(28, 14, 490, 4.00, 6.30, 10.50, '66.67', 'UN', '2014-07-11 14:08:08', 'karoliny', 1),
(29, 14, 491, 8.00, 7.20, 12.00, '66.67', 'UN', '2014-07-11 14:08:26', 'karoliny', 1),
(30, 14, 492, 10.00, 8.10, 13.50, '66.67', 'UN', '2014-07-11 14:09:13', 'karoliny', 1),
(31, 14, 487, 4.00, 3.60, 6.00, '66.67', 'UN', '2014-07-11 14:09:21', 'karoliny', 1),
(32, 14, 493, 16.00, 9.00, 15.00, '66.67', 'UN', '2014-07-11 14:10:57', 'karoliny', 1),
(33, 14, 494, 5.00, 0.90, 1.50, '66.67', 'UN', '2014-07-11 14:17:54', 'karoliny', 1),
(34, 14, 495, 5.00, 1.80, 3.00, '66.67', 'UN', '2014-07-11 14:19:56', 'karoliny', 1),
(35, 14, 496, 2.00, 2.70, 4.50, '66.67', 'UN', '2014-07-11 14:23:55', 'karoliny', 1),
(36, 14, 497, 3.00, 3.60, 6.00, '66.67', 'UN', '2014-07-11 14:24:08', 'karoliny', 1),
(37, 14, 498, 6.00, 4.50, 6.00, '33.33', 'UN', '2014-07-11 14:24:17', 'karoliny', 1),
(38, 14, 499, 5.00, 5.40, 9.00, '66.67', 'UN', '2014-07-11 14:24:27', 'karoliny', 1),
(39, 14, 500, 4.00, 6.30, 10.50, '66.67', 'UN', '2014-07-11 14:28:40', 'karoliny', 1),
(40, 14, 501, 7.00, 7.20, 12.00, '66.67', 'UN', '2014-07-11 14:29:02', 'karoliny', 1),
(41, 14, 466, 37.00, 30.00, 42.00, '40.00', 'UN', '2014-07-14 11:25:37', 'karoliny', 1),
(42, 14, 467, 23.00, 30.00, 42.00, '40.00', 'UN', '2014-07-14 11:31:32', 'karoliny', 1),
(43, 14, 469, 19.00, 30.00, 42.00, '40.00', 'UN', '2014-07-14 11:33:16', 'karoliny', 1),
(44, 14, 472, 1.00, 48.00, 75.00, '56.25', 'UN', '2014-07-14 11:34:05', 'karoliny', 1),
(45, 14, 472, 1.00, 48.00, 75.00, '56.25', 'UN', '2014-07-14 11:34:21', 'karoliny', 1),
(46, 14, 467, 37.00, 30.00, 42.00, '40.00', 'UN', '2014-07-14 11:35:04', 'karoliny', 1),
(47, 14, 504, 50.00, 30.00, 42.00, '40.00', 'UN', '2014-07-14 11:41:06', 'karoliny', 1),
(48, 14, 505, 10.00, 30.00, 42.00, '40', 'UN', '2014-07-14 11:46:54', 'karoliny', 1),
(49, 14, 505, 40.00, 30.00, 42.00, '40', 'UN', '2014-07-14 11:47:11', 'karoliny', 1),
(50, 14, 506, 50.00, 30.00, 42.00, '40.00', 'UN', '2014-07-14 11:49:38', 'karoliny', 1),
(51, 14, 507, 30.00, 30.00, 42.00, '40.00', 'UN', '2014-07-14 11:52:07', 'karoliny', 1),
(52, 14, 508, 10.00, 30.00, 42.00, '40.00', 'UN', '2014-07-14 11:55:14', 'karoliny', 1),
(53, 14, 508, 10.00, 30.00, 42.00, '40.00', 'UN', '2014-07-14 11:55:41', 'karoliny', 1),
(54, 14, 509, 10.00, 48.00, 75.00, '56.25', 'UN', '2014-07-14 11:59:00', 'karoliny', 1),
(55, 14, 506, 4.00, 30.00, 42.00, '40.00', 'UN', '2014-07-14 12:14:45', 'karoliny', 1),
(56, 14, 502, 10.00, 8.10, 13.50, '66.67', 'UN', '2014-07-14 19:04:40', 'francis', 1),
(57, 14, 501, 2.00, 7.20, 12.00, '66.67', 'UN', '2014-07-14 19:05:31', 'francis', 1),
(58, 15, 524, 24.00, 6.34, 6.34, '33.97', 'UN', '2014-07-16 19:39:18', 'karoliny', 1),
(59, 15, 526, 4.00, 26.70, 34.80, '30.34', 'UN', '2014-07-16 19:39:58', 'karoliny', 1),
(60, 15, 525, 4.00, 17.44, 23.50, '34.75', 'UN', '2014-07-16 19:41:01', 'karoliny', 1),
(61, 15, 519, 6.00, 11.12, 14.50, '30.40', 'UN', '2014-07-16 19:41:43', 'karoliny', 1),
(62, 15, 516, 6.00, 9.59, 13.45, '40.25', 'UN', '2014-07-16 19:43:01', 'karoliny', 1),
(63, 15, 516, 6.00, 9.59, 13.45, '40.25', 'UN', '2014-07-16 19:43:02', 'karoliny', 1),
(64, 15, 510, 6.00, 9.59, 13.45, '40.25', 'UN', '2014-07-16 19:44:05', 'karoliny', 1),
(65, 15, 518, 6.00, 9.59, 13.45, '40.25', 'UN', '2014-07-16 19:45:28', 'karoliny', 1),
(66, 15, 512, 6.00, 9.59, 13.45, '40.25', 'UN', '2014-07-16 19:45:56', 'karoliny', 1),
(67, 15, 511, 6.00, 9.59, 13.45, '40.25', 'UN', '2014-07-16 19:46:38', 'karoliny', 1),
(68, 15, 514, 6.00, 9.59, 13.45, '40.25', 'UN', '2014-07-16 19:47:10', 'karoliny', 1),
(69, 15, 513, 6.00, 9.59, 13.45, '40.25', 'UN', '2014-07-16 19:47:34', 'karoliny', 1),
(70, 15, 515, 6.00, 9.59, 13.45, '40.25', 'UN', '2014-07-16 19:48:16', 'karoliny', 1),
(71, 15, 517, 6.00, 9.59, 13.45, '40.25', 'UN', '2014-07-16 19:48:41', 'karoliny', 1),
(72, 15, 523, 24.00, 7.17, 9.00, '25.52', 'UN', '2014-07-16 19:50:14', 'karoliny', 1),
(73, 15, 527, 5.00, 70.53, 115.00, '63.06', 'UN', '2014-07-16 19:51:52', 'karoliny', 1),
(74, 15, 521, 6.00, 9.89, 13.75, '39.03', 'UN', '2014-07-16 19:52:46', 'karoliny', 1),
(75, 15, 522, 6.00, 9.89, 13.75, '39.03', 'UN', '2014-07-16 19:53:15', 'karoliny', 1),
(76, 15, 520, 6.00, 9.33, 11.10, '18.97', 'UN', '2014-07-16 19:53:38', 'karoliny', 1),
(77, 15, 528, 4.00, 16.21, 21.10, '30.17', 'UN', '2014-07-16 20:43:12', 'francis', 1),
(78, 15, 529, 6.00, 5.05, 7.10, '40.59', 'UN', '2014-07-16 20:43:41', 'francis', 1),
(79, 15, 531, 6.00, 3.67, 5.15, '40.33', 'UN', '2014-07-16 20:44:08', 'francis', 1),
(80, 15, 530, 4.00, 11.03, 15.45, '40.07', 'UN', '2014-07-16 20:44:37', 'francis', 1),
(81, 14, 509, 2.00, 48.00, 75.00, '56.25', 'UN', '2014-07-17 19:16:35', 'karoliny', 1),
(82, 15, 532, 8.00, 18.08, 45.00, '148.89', 'UN', '2014-07-21 20:03:44', 'karoliny', 1),
(83, 15, 533, 4.00, 9.59, 13.45, '40.25', 'UN', '2014-07-24 15:10:51', 'karoliny', 1),
(84, 14, 508, 1.00, 30.00, 42.00, '40.00', 'UN', '2014-07-28 13:09:52', 'karoliny', 1),
(85, 14, 508, 2.00, 30.00, 42.00, '40.00', 'UN', '2014-07-31 20:16:08', 'francis', 1),
(86, 14, 471, 1.00, 48.00, 75.00, '56.25', 'UN', '2014-08-01 18:17:08', 'francis', 1),
(87, 14, 507, 2.00, 30.00, 42.00, '40.00', 'UN', '2014-08-01 18:17:38', 'francis', 1),
(88, 14, 509, 3.00, 48.00, 75.00, '56.25', 'UN', '2014-08-01 18:18:09', 'francis', 1),
(89, 14, 508, 1.00, 30.00, 42.00, '40.00', 'UN', '2014-08-01 18:18:56', 'francis', 1),
(90, 14, 473, 2.00, 48.00, 75.00, '56.25', 'UN', '2014-08-01 18:19:47', 'francis', 1),
(91, 14, 468, 1.00, 30.00, 42.00, '40.00', 'UN', '2014-08-01 18:20:07', 'francis', 1),
(92, 14, 470, 1.00, 85.00, 119.00, '40.00', 'UN', '2014-08-01 18:20:33', 'francis', 1),
(93, 14, 470, 1.00, 85.00, 119.00, '40.00', 'UN', '2014-08-01 18:20:33', 'francis', 1),
(94, 14, 468, 10.00, 30.00, 42.00, '40.00', 'UN', '2014-08-11 11:45:11', 'karoliny', 1),
(95, 14, 468, 5.00, 30.00, 42.00, '40.00', 'UN', '2014-08-11 11:46:47', 'karoliny', 1),
(96, 14, 534, 5.00, 30.00, 42.00, '40.00', 'UN', '2014-08-11 11:54:48', 'karoliny', 1),
(97, 15, 510, 1.00, 9.59, 13.45, '40.25', 'UN', '2014-08-11 14:01:58', 'karoliny', 1),
(98, 15, 510, 1.00, 9.59, 13.45, '40.25', 'UN', '2014-08-11 18:20:21', 'francis ', 1),
(99, 17, 535, 3.00, 3.45, 5.50, '59.42', 'UN', '2014-08-13 13:20:59', 'karoliny', 1),
(100, 17, 536, 3.00, 2.60, 4.50, '73.08', 'UN', '2014-08-13 13:21:32', 'karoliny', 1),
(101, 17, 537, 3.00, 1.40, 2.30, '64.29', 'UN', '2014-08-13 13:22:01', 'karoliny', 1),
(102, 17, 538, 3.00, 1.70, 3.00, '76.47', 'UN', '2014-08-13 13:22:20', 'karoliny', 1),
(103, 17, 539, 5.00, 2.10, 3.50, '66.67', 'UN', '2014-08-13 13:22:47', 'karoliny', 1),
(104, 17, 540, 5.00, 2.10, 3.50, '66.67', 'UN', '2014-08-13 13:23:09', 'karoliny', 1),
(105, 17, 541, 5.00, 2.10, 3.50, '66.67', 'UN', '2014-08-13 13:23:29', 'karoliny', 1),
(106, 17, 542, 5.00, 2.10, 3.50, '66.67', 'UN', '2014-08-13 13:23:51', 'karoliny', 1),
(107, 17, 543, 3.00, 4.45, 7.50, '68.54', 'UN', '2014-08-13 13:24:52', 'karoliny', 1),
(108, 17, 544, 3.00, 3.20, 5.50, '71.88', 'UN', '2014-08-13 13:25:15', 'karoliny', 1),
(109, 17, 545, 3.00, 3.80, 6.50, '71.05', 'UN', '2014-08-13 13:25:38', 'karoliny', 1),
(110, 17, 546, 3.00, 1.60, 3.00, '87.50', 'UN', '2014-08-13 13:26:18', 'karoliny', 1),
(111, 17, 547, 3.00, 11.90, 20.00, '68.07', 'UN', '2014-08-13 13:26:43', 'karoliny', 1),
(112, 17, 548, 3.00, 19.20, 30.00, '56.25', 'UN', '2014-08-13 13:26:58', 'karoliny', 1),
(113, 17, 549, 5.00, 1.90, 3.20, '68.42', 'UN', '2014-08-13 13:27:21', 'karoliny', 1),
(114, 17, 550, 5.00, 2.30, 3.90, '69.57', 'UN', '2014-08-13 13:28:14', 'karoliny', 1),
(115, 17, 551, 5.00, 4.75, 7.90, '66.32', 'UN', '2014-08-13 13:28:39', 'karoliny', 1),
(116, 17, 552, 5.00, 2.20, 3.70, '68.18', 'UN', '2014-08-13 13:29:03', 'karoliny', 1),
(117, 17, 553, 3.00, 1.55, 2.60, '67.74', 'UN', '2014-08-13 13:29:52', 'karoliny', 1),
(118, 17, 554, 5.00, 1.55, 2.60, '67.74', 'UN', '2014-08-13 13:30:11', 'karoliny', 1),
(119, 17, 555, 5.00, 1.55, 2.60, '67.74', 'UN', '2014-08-13 13:30:35', 'karoliny', 1),
(120, 17, 556, 5.00, 1.55, 2.60, '67.74', 'UN', '2014-08-13 13:31:02', 'karoliny', 1),
(121, 17, 557, 5.00, 1.87, 3.20, '71.12', 'UN', '2014-08-13 13:31:23', 'karoliny', 1),
(122, 17, 558, 10.00, 0.44, 1.00, '127.27', 'UN', '2014-08-13 13:32:14', 'karoliny', 1),
(123, 17, 559, 10.00, 0.44, 1.00, '127.27', 'UN', '2014-08-13 13:32:47', 'karoliny', 1),
(124, 17, 560, 10.00, 0.44, 1.00, '127.27', 'UN', '2014-08-13 13:33:12', 'karoliny', 1),
(125, 17, 561, 10.00, 0.44, 1.00, '127.27', 'UN', '2014-08-13 13:34:18', 'karoliny', 1),
(126, 17, 562, 10.00, 0.44, 1.00, '127.27', 'UN', '2014-08-13 13:34:43', 'karoliny', 1),
(127, 17, 563, 10.00, 0.60, 1.20, '100.00', 'UN', '2014-08-13 13:35:09', 'karoliny', 1),
(128, 17, 564, 10.00, 0.60, 1.20, '100.00', 'UN', '2014-08-13 13:35:25', 'karoliny', 1),
(129, 17, 565, 5.00, 1.65, 2.80, '69.70', 'UN', '2014-08-13 13:35:44', 'karoliny', 1),
(130, 17, 566, 5.00, 2.05, 3.50, '70.73', 'UN', '2014-08-13 13:36:01', 'karoliny', 1),
(131, 17, 567, 5.00, 3.30, 5.50, '66.67', 'UN', '2014-08-13 13:36:26', 'karoliny', 1),
(132, 17, 568, 5.00, 5.50, 9.30, '69.09', 'UN', '2014-08-13 13:36:51', 'karoliny', 1),
(133, 17, 569, 2.00, 3.80, 6.50, '71.05', 'UN', '2014-08-13 13:37:16', 'karoliny', 1),
(134, 17, 570, 2.00, 5.00, 8.50, '70.00', 'UN', '2014-08-13 13:37:39', 'karoliny', 1),
(135, 17, 571, 2.00, 12.25, 19.90, '62.45', 'UN', '2014-08-13 13:37:59', 'karoliny', 1),
(136, 17, 572, 5.00, 8.69, 14.00, '61.10', 'UN', '2014-08-13 13:38:19', 'karoliny', 1),
(137, 17, 573, 5.00, 3.80, 6.50, '71.05', 'UN', '2014-08-13 13:38:49', 'karoliny', 1),
(138, 17, 574, 5.00, 8.52, 14.00, '64.32', 'UN', '2014-08-13 13:39:08', 'karoliny', 1),
(139, 17, 575, 2.00, 16.80, 25.00, '48.81', 'UN', '2014-08-13 13:39:28', 'karoliny', 1),
(140, 17, 576, 5.00, 1.15, 1.90, '65.22', 'UN', '2014-08-13 13:39:54', 'karoliny', 1),
(141, 17, 577, 5.00, 1.55, 2.50, '61.29', 'UN', '2014-08-13 13:40:12', 'karoliny', 1),
(142, 17, 577, 5.00, 1.55, 2.50, '61.29', 'UN', '2014-08-13 13:40:16', 'karoliny', 1),
(143, 17, 578, 5.00, 0.80, 1.30, '62.50', 'UN', '2014-08-13 13:40:54', 'karoliny', 1),
(144, 17, 579, 5.00, 2.00, 3.30, '65.00', 'UN', '2014-08-13 13:41:15', 'karoliny', 1),
(145, 17, 581, 5.00, 0.95, 1.50, '57.89', 'UN', '2014-08-13 13:42:15', 'karoliny', 1),
(146, 17, 580, 5.00, 3.80, 6.30, '65.79', 'UN', '2014-08-13 13:42:36', 'karoliny', 1),
(147, 17, 580, 5.00, 3.80, 6.30, '65.79', 'UN', '2014-08-13 13:42:36', 'karoliny', 1),
(148, 17, 582, 5.00, 2.55, 4.20, '64.71', 'UN', '2014-08-13 13:45:21', 'karoliny', 1),
(149, 17, 574, 1.00, 8.52, 14.00, '64.32', 'UN', '2014-08-13 14:56:47', 'karoliny', 1),
(150, 17, 575, 1.00, 16.80, 25.00, '48.81', 'UN', '2014-08-13 14:57:10', 'karoliny', 1),
(151, 17, 535, 1.00, 3.45, 5.50, '59.42', 'UN', '2014-08-13 14:57:33', 'karoliny', 1),
(152, 15, 583, 4.00, 33.52, 46.00, '37.23', 'UN', '2014-08-22 13:51:14', 'karoliny', 1),
(153, 15, 597, 6.00, 11.74, 18.00, '53.32', 'UN', '2014-08-22 14:46:13', 'karoliny', 1),
(154, 15, 595, 6.00, 7.24, 12.00, '65.75', 'UN', '2014-08-22 14:46:57', 'karoliny', 1),
(155, 15, 594, 6.00, 7.24, 12.00, '65.75', 'UN', '2014-08-22 14:47:09', 'karoliny', 1),
(156, 15, 596, 6.00, 7.24, 12.00, '65.75', 'UN', '2014-08-22 14:47:36', 'karoliny', 1),
(157, 15, 588, 1.00, 98.94, 138.00, '39.48', 'UN', '2014-08-22 14:49:03', 'karoliny', 1),
(158, 15, 587, 1.00, 107.34, 150.00, '39.74', 'UN', '2014-08-22 14:49:18', 'karoliny', 1),
(159, 15, 589, 1.00, 98.94, 138.00, '39.48', 'UN', '2014-08-22 14:49:37', 'karoliny', 1),
(160, 15, 592, 3.00, 70.52, 115.00, '63.07', 'UN', '2014-08-22 14:49:56', 'karoliny', 1),
(161, 15, 593, 4.00, 70.52, 115.00, '63.07', 'UN', '2014-08-22 14:50:11', 'karoliny', 1),
(162, 15, 584, 6.00, 12.92, 18.10, '40.09', 'UN', '2014-08-22 14:51:49', 'karoliny', 1),
(163, 15, 591, 6.00, 7.47, 7.47, '100.00', 'UN', '2014-08-22 14:55:17', 'karoliny', 1),
(164, 15, 590, 6.00, 7.47, 12.00, '60.64', 'UN', '2014-08-22 14:55:43', 'karoliny', 1),
(165, 15, 585, 6.00, 10.75, 15.00, '39.53', 'UN', '2014-08-22 14:56:18', 'karoliny', 1),
(166, 15, 586, 12.00, 4.30, 6.00, '39.53', 'UN', '2014-08-22 14:56:36', 'karoliny', 1),
(167, 15, 587, 2.00, 107.34, 150.00, '39.74', 'UN', '2014-08-22 15:23:04', 'karoliny', 1),
(168, 14, 506, 6.00, 30.00, 42.00, '40.00', 'UN', '2014-08-27 13:49:32', 'karoliny', 1),
(169, 14, 507, 11.00, 30.00, 42.00, '40.00', 'UN', '2014-08-27 13:53:25', 'karoliny', 1),
(170, 14, 471, 6.00, 48.00, 75.00, '56.25', 'UN', '2014-08-27 13:54:39', 'karoliny', 1),
(171, 14, 534, 5.00, 30.00, 42.00, '40.00', 'UN', '2014-08-27 13:56:19', 'karoliny', 1),
(172, 14, 598, 7.00, 48.00, 75.00, '56.25', 'UN', '2014-08-27 14:06:05', 'karoliny', 1),
(173, 15, 519, 6.00, 11.12, 14.50, '30.40', 'UN', '2014-08-27 18:47:58', 'francis', 1),
(174, 17, 553, 1.00, 1.55, 2.60, '67.74', 'UN', '2014-08-27 19:40:54', 'francis', 1),
(175, 17, 554, 5.00, 1.55, 2.60, '67.74', 'UN', '2014-08-27 19:54:04', 'francis', 1),
(176, 17, 554, 1.00, 1.55, 2.60, '67.74', 'UN', '2014-08-27 19:56:28', 'francis', 1),
(177, 17, 558, 4.00, 0.44, 1.00, '127.27', 'UN', '2014-08-27 20:01:19', 'francis', 1),
(178, 14, 599, 283.00, 1.00, 1.50, '50.00', 'UN', '2014-08-28 20:34:43', 'francis', 1),
(179, 14, 600, 344.00, 1.00, 1.50, '50.00', 'UN', '2014-08-28 20:37:25', 'francis', 1),
(180, 14, 601, 439.00, 1.00, 1.50, '50.00', 'UN', '2014-08-28 20:39:00', 'francis', 1),
(181, 14, 509, 2.00, 48.00, 75.00, '56.25', 'UN', '2014-09-01 18:09:57', 'francis', 1),
(182, 14, 534, 3.00, 30.00, 42.00, '40.00', 'UN', '2014-09-02 17:29:05', 'francis', 1),
(183, 14, 602, 3.00, 60.00, 130.00, '116.67', 'UN', '2014-09-02 17:38:01', 'francis', 1),
(184, 14, 534, 2.00, 30.00, 42.00, '40.00', 'UN', '2014-09-03 11:36:11', 'karoliny', 1),
(185, 14, 534, 73.00, 23.50, 30.00, '27.66', 'UN', '2014-09-09 17:01:09', 'francis', 1),
(186, 14, 506, 53.00, 23.50, 39.00, '65.96', 'UN', '2014-09-09 17:06:49', 'francis', 1),
(187, 14, 507, 50.00, 23.50, 39.00, '65.96', 'UN', '2014-09-09 17:30:01', 'francis', 1),
(188, 14, 603, 37.00, 23.50, 39.00, '65.96', 'UN', '2014-09-09 17:31:32', 'francis', 1),
(189, 14, 604, 50.00, 23.50, 39.00, '65.96', 'UN', '2014-09-09 17:36:42', 'francis', 1),
(190, 14, 508, 10.00, 23.50, 42.00, '78.72', 'UN', '2014-09-09 17:46:38', 'francis', 1),
(191, 14, 602, 10.00, 60.00, 125.00, '108.33', 'UN', '2014-09-09 17:47:54', 'francis', 1),
(192, 14, 605, 27.00, 16.00, 30.00, '87.50', 'UN', '2014-09-09 17:50:59', 'francis', 1),
(193, 17, 574, 1.00, 8.52, 14.00, '64.32', 'UN', '2014-09-10 20:30:53', 'francis ', 1),
(194, 17, 572, 3.00, 8.69, 14.00, '61.10', 'UN', '2014-09-16 12:55:42', 'karoliny', 1),
(195, 18, 606, 5.00, 1.77, 2.50, '41.24', 'UN', '2014-09-16 13:30:48', 'karoliny', 1),
(196, 18, 607, 2.00, 8.97, 8.97, '0.00', 'UN', '2014-09-16 13:31:35', 'karoliny', 1),
(197, 18, 608, 2.00, 5.58, 8.00, '43.37', 'UN', '2014-09-16 13:32:17', 'karoliny', 1),
(198, 18, 609, 5.00, 2.47, 3.50, '41.70', 'UN', '2014-09-16 13:33:09', 'karoliny', 1),
(199, 18, 610, 5.00, 4.79, 6.80, '41.96', 'UN', '2014-09-16 13:33:29', 'karoliny', 1),
(200, 18, 618, 2.00, 29.90, 42.90, '43.48', 'UN', '2014-09-16 13:37:30', 'karoliny', 1),
(201, 18, 611, 5.00, 3.14, 4.40, '40.13', 'UN', '2014-09-16 13:38:41', 'karoliny', 1),
(202, 18, 615, 3.00, 5.22, 7.50, '43.68', 'UN', '2014-09-16 13:39:20', 'karoliny', 1),
(203, 18, 614, 3.00, 7.87, 7.87, '0.00', 'UN', '2014-09-16 13:40:19', 'karoliny', 1),
(204, 18, 613, 5.00, 9.65, 14.00, '45.08', 'UN', '2014-09-16 13:40:49', 'karoliny', 1),
(205, 18, 612, 3.00, 8.76, 12.50, '42.69', 'UN', '2014-09-16 13:41:27', 'karoliny', 1),
(206, 18, 616, 1.00, 51.32, 51.32, '0.00', 'UN', '2014-09-16 13:47:30', 'karoliny', 1),
(207, 18, 617, 1.00, 52.25, 64.35, '23.16', 'UN', '2014-09-16 13:47:57', 'karoliny', 1),
(208, 18, 620, 1.00, 91.62, 109.45, '19.46', 'UN', '2014-09-16 13:48:18', 'karoliny', 1),
(209, 18, 619, 3.00, 91.62, 109.45, '19.46', 'UN', '2014-09-16 13:48:36', 'karoliny', 1),
(210, 17, 560, 10.00, 0.44, 1.00, '127.27', 'UN', '2014-09-16 14:57:43', 'karoliny', 1),
(211, 18, 611, 4.00, 3.14, 4.40, '40.13', 'UN', '2014-09-16 17:36:15', 'francis', 1),
(212, 18, 609, 2.00, 2.47, 3.50, '41.70', 'UN', '2014-09-16 17:36:48', 'francis', 1),
(213, 17, 579, 2.00, 2.00, 3.30, '65.00', 'UN', '2014-09-16 17:41:47', 'francis', 1),
(214, 17, 582, 4.00, 2.55, 4.20, '64.71', 'UN', '2014-09-16 17:42:18', 'francis', 1),
(215, 18, 621, 1.00, 69.17, 85.69, '23.88', 'UN', '2014-09-16 18:18:21', 'francis', 1),
(216, 17, 560, 10.00, 0.44, 1.00, '127.27', 'UN', '2014-09-16 18:33:52', 'francis', 1),
(217, 18, 622, 6.00, 7.87, 16.50, '109.66', 'UN', '2014-09-16 18:51:30', 'francis', 1),
(218, 18, 623, 6.00, 5.22, 9.00, '72.41', 'UN', '2014-09-16 18:55:50', 'francis', 1),
(219, 15, 525, 4.00, 17.44, 23.50, '34.75', 'UN', '2014-09-19 11:31:14', 'karoliny', 1),
(220, 15, 510, 6.00, 9.59, 13.45, '40.25', 'UN', '2014-09-19 11:33:00', 'karoliny', 1),
(221, 15, 624, 6.00, 9.55, 14.00, '46.60', 'UN', '2014-09-19 12:42:25', 'karoliny', 1),
(222, 15, 625, 2.00, 106.01, 150.00, '41.50', 'UN', '2014-09-19 12:43:54', 'karoliny', 1),
(223, 15, 626, 1.00, 106.04, 150.00, '41.46', 'UN', '2014-09-19 12:44:15', 'karoliny', 1),
(224, 15, 627, 1.00, 106.04, 150.00, '41.46', 'UN', '2014-09-19 12:44:38', 'karoliny', 1),
(225, 15, 628, 1.00, 106.04, 150.00, '41.46', 'UN', '2014-09-19 12:44:58', 'karoliny', 1),
(226, 15, 629, 4.00, 25.86, 34.80, '34.57', 'UN', '2014-09-19 12:46:17', 'karoliny', 1),
(227, 15, 630, 4.00, 25.86, 34.80, '34.57', 'UN', '2014-09-19 12:46:29', 'karoliny', 1),
(228, 15, 631, 4.00, 25.86, 34.80, '34.57', 'UN', '2014-09-19 12:46:48', 'karoliny', 1),
(229, 15, 638, 4.00, 25.86, 34.80, '34.57', 'UN', '2014-09-19 12:48:57', 'karoliny', 1),
(230, 15, 632, 4.00, 18.49, 26.00, '40.62', 'UN', '2014-09-19 12:52:01', 'karoliny', 1),
(231, 15, 637, 4.00, 18.49, 26.00, '40.62', 'UN', '2014-09-19 12:54:07', 'karoliny', 1),
(232, 15, 532, 4.00, 18.08, 25.00, '38.27', 'UN', '2014-09-19 12:55:55', 'karoliny', 1),
(233, 15, 636, 4.00, 18.49, 26.00, '40.62', 'UN', '2014-09-19 12:57:23', 'karoliny', 1),
(234, 15, 635, 4.00, 18.49, 26.00, '40.62', 'UN', '2014-09-19 12:58:32', 'karoliny', 1),
(235, 15, 633, 4.00, 18.49, 26.00, '40.62', 'UN', '2014-09-19 12:59:49', 'karoliny', 1),
(236, 15, 634, 4.00, 18.49, 26.00, '40.62', 'UN', '2014-09-19 13:01:15', 'karoliny', 1),
(237, 15, 527, 2.00, 70.53, 115.00, '63.06', 'UN', '2014-09-19 13:04:02', 'karoliny', 1),
(238, 15, 528, 4.00, 16.21, 21.10, '30.17', 'UN', '2014-09-19 13:06:15', 'karoliny', 1),
(239, 15, 530, 4.00, 11.03, 15.45, '40.07', 'UN', '2014-09-19 13:07:05', 'karoliny', 1),
(240, 15, 639, 4.00, 11.85, 17.00, '43.46', 'UN', '2014-09-19 13:10:18', 'karoliny', 1),
(241, 17, 572, 1.00, 8.69, 19.50, '124.40', 'UN', '2014-09-19 15:02:23', 'karoliny', 1),
(242, 17, 535, 10.00, 3.45, 5.50, '59.42', 'UN', '2014-09-22 13:21:27', 'karoliny', 1),
(243, 18, 608, 5.00, 5.58, 8.00, '43.37', 'UN', '2014-09-22 13:22:49', 'karoliny', 1),
(244, 14, 605, 3.00, 16.00, 30.00, '87.50', 'UN', '2014-09-22 19:49:41', 'francis', 1),
(245, 17, 550, 1.00, 2.30, 3.20, '39.13', 'UN', '2014-09-23 12:10:36', 'karoliny', 1),
(246, 18, 640, 2.00, 26.50, 44.00, '66.04', 'UN', '2014-09-23 15:54:18', 'manasses', 1),
(247, 17, 549, 11.00, 2.50, 3.90, '56.00', 'UN', '2014-09-23 15:56:04', 'manasses', 1),
(248, 17, 551, 5.00, 5.00, 7.90, '58.00', 'UN', '2014-09-23 15:58:00', 'manasses', 1),
(249, 17, 558, 50.00, 0.44, 1.00, '127.27', 'UN', '2014-09-23 15:58:41', 'manasses', 1),
(250, 17, 560, 50.00, 0.44, 1.00, '127.27', 'UN', '2014-09-23 15:59:05', 'manasses', 1),
(251, 17, 575, 4.00, 17.39, 25.00, '43.76', 'UN', '2014-09-23 16:01:38', 'manasses', 1),
(252, 18, 642, 5.00, 6.26, 8.80, '40.58', 'UN', '2014-09-23 16:06:31', 'manasses', 1),
(253, 18, 641, 2.00, 32.51, 45.50, '39.96', 'UN', '2014-09-23 16:06:44', 'manasses', 1),
(254, 17, 643, 1.00, 2.00, 3.00, '50.00', 'UN', '2014-09-23 16:56:04', 'manasses', 1),
(255, 14, 508, 1.00, 23.50, 42.00, '78.72', 'UN', '2014-09-23 19:47:30', 'francis', 1),
(256, 18, 644, 2.00, 3.10, 3.50, '12.90', 'UN', '2014-09-30 11:52:53', 'manasses', 1),
(257, 18, 644, 1.00, 3.10, 3.50, '12.90', 'UN', '2014-09-30 19:33:07', 'francis ', 1),
(258, 14, 645, 10.00, 23.50, 44.00, '87.23', 'UN', '2014-10-03 14:55:58', 'manasses', 1),
(259, 14, 508, 40.00, 23.50, 42.00, '78.72', 'UN', '2014-10-03 14:56:21', 'manasses', 1),
(260, 14, 605, 30.00, 16.00, 30.00, '87.50', 'UN', '2014-10-03 14:56:41', 'manasses', 1),
(261, 15, 527, 2.00, 70.53, 115.00, '63.06', 'UN', '2014-10-06 12:47:36', 'manasses', 1),
(262, 15, 532, 4.00, 18.49, 26.00, '40.62', 'UN', '2014-10-06 12:52:22', 'manasses', 1),
(263, 15, 625, 2.00, 106.01, 150.00, '41.50', 'UN', '2014-10-06 12:54:18', 'manasses', 1),
(264, 15, 639, 8.00, 11.85, 17.00, '43.46', 'UN', '2014-10-06 12:55:06', 'manasses', 1),
(265, 15, 649, 12.00, 4.12, 7.50, '82.04', 'UN', '2014-10-06 13:11:14', 'manasses', 1),
(266, 15, 648, 12.00, 4.12, 7.50, '82.04', 'UN', '2014-10-06 13:11:33', 'manasses', 1),
(267, 15, 646, 2.00, 84.75, 135.00, '59.29', 'UN', '2014-10-06 13:12:13', 'manasses', 1),
(268, 15, 647, 4.00, 21.12, 38.00, '79.92', 'UN', '2014-10-06 13:12:32', 'manasses', 1),
(269, 19, 653, 2.00, 149.42, 195.00, '30.50', 'UN', '2014-10-09 13:39:20', 'manasses', 1),
(270, 19, 654, 2.00, 149.42, 195.00, '30.50', 'UN', '2014-10-09 13:39:40', 'manasses', 1),
(271, 19, 652, 3.00, 19.75, 33.00, '67.09', 'UN', '2014-10-09 13:40:45', 'manasses', 1),
(272, 19, 651, 3.00, 19.75, 33.00, '67.09', 'UN', '2014-10-09 13:41:06', 'manasses', 1),
(273, 19, 650, 3.00, 19.75, 33.00, '67.09', 'UN', '2014-10-09 13:41:31', 'manasses', 1),
(274, 19, 655, 12.00, 3.72, 5.90, '58.60', 'UN', '2014-10-09 13:42:06', 'manasses', 1),
(275, 19, 658, 2.00, 30.80, 46.20, '50.00', 'UN', '2014-10-09 13:42:49', 'manasses', 1),
(276, 19, 660, 3.00, 15.94, 23.90, '49.94', 'UN', '2014-10-09 13:43:13', 'manasses', 1),
(277, 19, 659, 2.00, 52.88, 77.00, '45.61', 'UN', '2014-10-09 13:43:33', 'manasses', 1),
(278, 19, 656, 6.00, 14.05, 20.90, '48.75', 'UN', '2014-10-09 13:44:02', 'manasses', 1),
(279, 19, 657, 6.00, 7.70, 11.55, '50.00', 'UN', '2014-10-09 13:44:34', 'manasses', 1),
(280, 18, 644, 12.00, 3.10, 3.50, '12.90', 'UN', '2014-10-09 20:24:09', 'francis', 1),
(281, 18, 661, 20.00, 0.78, 1.20, '53.85', 'UN', '2014-10-10 14:28:53', 'manasses', 1),
(282, 18, 662, 2.00, 5.64, 9.00, '59.57', 'UN', '2014-10-10 14:31:14', 'manasses', 1),
(283, 18, 662, 1.00, 5.64, 9.00, '59.57', 'UN', '2014-10-10 14:32:34', 'manasses', 1),
(284, 18, 663, 1.00, 21.33, 27.70, '29.86', 'UN', '2014-10-10 18:51:37', 'manasses', 1),
(285, 18, 664, 1.00, 5.10, 6.60, '29.41', 'UN', '2014-10-10 18:54:23', 'manasses', 1),
(286, 18, 665, 1.00, 77.44, 87.50, '12.99', 'UN', '2014-10-13 13:23:23', 'manasses', 1),
(287, 18, 666, 1.00, 64.48, 88.90, '37.87', 'UN', '2014-10-13 13:29:25', 'manasses', 1),
(288, 18, 667, 1.00, 10.00, 18.35, '83.50', 'UN', '2014-10-13 15:22:38', 'manasses', 1),
(289, 17, 553, 15.00, 1.55, 2.60, '67.74', 'UN', '2014-10-16 17:32:59', 'manasses', 1),
(290, 19, 668, 6.00, 2.19, 3.10, '41.55', 'UN', '2014-10-16 17:35:47', 'manasses', 1),
(291, 18, 669, 1.00, 51.64, 69.71, '34.99', 'UN', '2014-10-16 17:44:48', 'manasses', 1),
(292, 19, 653, 2.00, 149.42, 195.00, '30.50', 'UN', '2014-10-18 14:50:57', 'karoliny', 1),
(293, 18, 666, 4.00, 64.48, 88.90, '37.87', 'UN', '2014-10-22 10:43:00', 'manasses', 1),
(294, 18, 640, 2.00, 26.50, 40.00, '50.94', 'UN', '2014-10-22 10:43:23', 'manasses', 1),
(295, 18, 641, 2.00, 32.51, 43.00, '32.27', 'UN', '2014-10-22 10:43:46', 'manasses', 1),
(296, 15, 510, 6.00, 9.59, 13.45, '40.25', 'UN', '2014-10-23 10:57:05', 'karoliny', 1),
(297, 15, 589, 1.00, 98.94, 138.00, '39.48', 'UN', '2014-10-23 11:14:02', 'karoliny', 1),
(298, 15, 673, 1.00, 98.94, 138.00, '39.48', 'UN', '2014-10-23 11:17:19', 'karoliny', 1),
(299, 15, 674, 6.00, 14.78, 22.20, '50.20', 'UN', '2014-10-23 11:20:46', 'karoliny', 1),
(300, 15, 675, 4.00, 24.14, 36.25, '50.17', 'UN', '2014-10-23 11:26:33', 'karoliny', 1),
(301, 15, 676, 4.00, 24.14, 36.25, '50.17', 'UN', '2014-10-23 11:32:45', 'karoliny', 1),
(302, 15, 677, 4.00, 24.14, 36.25, '50.17', 'UN', '2014-10-23 11:34:07', 'karoliny', 1),
(303, 15, 678, 4.00, 24.14, 36.25, '50.17', 'UN', '2014-10-23 11:35:29', 'karoliny', 1),
(304, 15, 626, 3.00, 106.04, 150.00, '41.46', 'UN', '2014-10-23 11:37:03', 'karoliny', 1),
(305, 15, 679, 4.00, 26.18, 39.30, '50.11', 'UN', '2014-10-23 11:43:54', 'karoliny', 1),
(306, 15, 680, 4.00, 26.18, 39.30, '50.11', 'UN', '2014-10-23 11:44:03', 'karoliny', 1),
(307, 15, 682, 4.00, 26.18, 39.30, '50.11', 'UN', '2014-10-23 11:49:32', 'karoliny', 1),
(308, 15, 681, 4.00, 26.18, 39.30, '50.11', 'UN', '2014-10-23 11:49:42', 'karoliny', 1),
(309, 15, 683, 6.00, 7.24, 12.00, '65.75', 'UN', '2014-10-23 11:53:46', 'karoliny', 1),
(310, 15, 523, 24.00, 7.17, 9.00, '25.52', 'UN', '2014-10-23 12:00:44', 'karoliny', 1),
(311, 15, 685, 6.00, 7.24, 12.00, '65.75', 'UN', '2014-10-23 12:01:57', 'karoliny', 1),
(312, 15, 684, 6.00, 7.24, 12.00, '65.75', 'UN', '2014-10-23 12:02:12', 'karoliny', 1),
(313, 15, 686, 6.00, 7.24, 12.00, '65.75', 'UN', '2014-10-23 12:02:32', 'karoliny', 1),
(314, 15, 529, 6.00, 4.88, 7.30, '49.59', 'UN', '2014-10-23 12:04:49', 'karoliny', 1),
(315, 19, 654, 1.00, 149.42, 195.00, '30.50', 'UN', '2014-10-27 10:30:23', 'karoliny', 1),
(316, 18, 687, 1.00, 72.00, 88.90, '23.47', 'UN', '2014-10-28 13:49:04', 'manasses', 1),
(317, 18, 687, 6.00, 72.00, 88.90, '23.47', 'UN', '2014-10-30 14:16:46', 'manasses', 1),
(318, 18, 666, 15.00, 64.48, 88.90, '37.87', 'UN', '2014-10-30 14:17:09', 'manasses', 1),
(319, 19, 653, 2.00, 149.42, 195.00, '30.50', 'UN', '2014-10-30 14:17:54', 'manasses', 1),
(320, 19, 654, 2.00, 149.42, 195.00, '30.50', 'UN', '2014-10-30 14:18:07', 'manasses', 1),
(321, 19, 688, 3.00, 52.56, 73.50, '39.84', 'UN', '2014-10-31 15:06:15', 'manasses', 1),
(322, 18, 640, 1.00, 26.50, 40.00, '50.94', 'UN', '2014-10-31 15:06:38', 'manasses', 1),
(323, 17, 565, 15.00, 1.65, 1.95, '18.18', 'UN', '2014-10-31 15:07:46', 'manasses', 1),
(324, 20, 689, 4.00, 29.58, 41.40, '39.96', 'UN', '2014-11-01 01:46:46', 'manasses', 1),
(325, 20, 689, 4.00, 29.58, 41.40, '39.96', 'UN', '2014-11-01 01:46:47', 'manasses', 1),
(326, 20, 690, 1.00, 109.40, 153.80, '40.59', 'UN', '2014-11-01 01:48:45', 'manasses', 1),
(327, 20, 691, 6.00, 19.37, 27.20, '40.42', 'UN', '2014-11-01 01:50:23', 'manasses', 1),
(328, 20, 692, 2.00, 53.15, 74.40, '39.98', 'UN', '2014-11-01 01:54:37', 'manasses', 1),
(329, 20, 693, 6.00, 13.00, 18.20, '40.00', 'UN', '2014-11-01 01:57:01', 'manasses', 1),
(330, 18, 694, 3.00, 1.31, 1.85, '41.22', 'UN', '2014-11-01 02:00:23', 'manasses', 1),
(331, 18, 695, 3.00, 2.70, 3.80, '40.74', 'UN', '2014-11-01 02:01:57', 'manasses', 1),
(332, 18, 696, 3.00, 5.66, 7.95, '40.46', 'UN', '2014-11-01 02:03:34', 'manasses', 1),
(333, 17, 547, 1.00, 11.90, 20.00, '68.07', 'UN', '2014-11-01 02:05:15', 'manasses', 1),
(334, 17, 548, 1.00, 19.20, 30.00, '56.25', 'UN', '2014-11-01 02:05:40', 'manasses', 1),
(335, 17, 565, 4.00, 1.65, 2.70, '63.64', 'UN', '2014-11-01 02:09:01', 'manasses', 1),
(336, 17, 566, 4.00, 2.05, 3.50, '70.73', 'UN', '2014-11-01 02:09:43', 'manasses', 1),
(337, 17, 571, 2.00, 11.73, 16.00, '36.40', 'UN', '2014-11-01 02:12:11', 'manasses', 1),
(338, 18, 697, 4.00, 6.32, 8.85, '40.03', 'UN', '2014-11-01 02:15:48', 'manasses', 1),
(339, 18, 698, 2.00, 14.25, 20.00, '40.35', 'UN', '2014-11-01 02:18:33', 'manasses', 1),
(340, 18, 699, 2.00, 9.97, 13.95, '39.92', 'UN', '2014-11-01 02:20:45', 'manasses', 1),
(341, 19, 700, 1.00, 149.42, 195.90, '31.11', 'UN', '2014-11-01 02:26:49', 'manasses', 1),
(342, 19, 701, 1.00, 149.42, 195.90, '31.11', 'UN', '2014-11-01 02:34:51', 'manasses', 1),
(343, 19, 702, 2.00, 41.19, 57.15, '38.75', 'UN', '2014-11-01 02:38:28', 'manasses', 1),
(344, 19, 703, 2.00, 41.19, 57.15, '38.75', 'UN', '2014-11-01 02:41:34', 'manasses', 1),
(345, 19, 651, 3.00, 19.75, 33.00, '67.09', 'UN', '2014-11-01 02:42:28', 'manasses', 1),
(346, 19, 704, 95.00, 0.86, 1.25, '45.35', 'UN', '2014-11-01 02:44:44', 'manasses', 1),
(347, 19, 705, 2.00, 23.87, 31.75, '33.01', 'UN', '2014-11-01 02:47:46', 'manasses', 1),
(348, 18, 669, 2.00, 48.97, 65.13, '33.00', 'UN', '2014-11-01 02:49:47', 'manasses', 1),
(349, 19, 706, 2.00, 48.97, 65.13, '33.00', 'UN', '2014-11-01 02:51:40', 'manasses', 1),
(350, 19, 707, 2.00, 48.97, 65.13, '33.00', 'UN', '2014-11-01 02:53:59', 'manasses', 1),
(351, 19, 708, 2.00, 48.97, 65.13, '33.00', 'UN', '2014-11-01 02:55:37', 'manasses', 1),
(352, 19, 709, 3.00, 17.40, 23.15, '33.05', 'UN', '2014-11-01 02:59:17', 'manasses', 1),
(353, 19, 710, 6.00, 6.22, 7.75, '24.60', 'UN', '2014-11-01 03:00:48', 'manasses', 1),
(354, 19, 711, 3.00, 15.65, 20.81, '32.97', 'UN', '2014-11-01 03:02:44', 'manasses', 1),
(355, 19, 712, 3.00, 15.65, 20.81, '32.97', 'UN', '2014-11-01 03:04:14', 'manasses', 1),
(356, 19, 713, 3.00, 15.65, 20.81, '32.97', 'UN', '2014-11-01 03:05:32', 'manasses', 1),
(357, 19, 714, 3.00, 15.65, 20.81, '32.97', 'UN', '2014-11-01 03:06:39', 'manasses', 1),
(358, 19, 715, 3.00, 17.55, 23.34, '32.99', 'UN', '2014-11-01 03:08:24', 'manasses', 1),
(359, 19, 716, 1.00, 33.25, 44.22, '32.99', 'UN', '2014-11-01 03:11:47', 'manasses', 1),
(360, 15, 718, 1.00, 150.38, 210.00, '39.65', 'UN', '2014-11-01 12:51:34', 'manasses', 1),
(361, 15, 720, 1.00, 107.35, 150.00, '39.73', 'UN', '2014-11-01 12:54:57', 'manasses', 1),
(362, 15, 717, 1.00, 7.25, 12.00, '65.52', 'UN', '2014-11-01 12:55:11', 'francis', 1),
(363, 15, 719, 1.00, 7.25, 12.00, '65.52', 'UN', '2014-11-01 12:55:29', 'francis', 1),
(364, 15, 721, 1.00, 107.35, 150.00, '39.73', 'UN', '2014-11-01 12:56:21', 'manasses', 1),
(365, 15, 721, 1.00, 107.35, 150.00, '39.73', 'UN', '2014-11-01 12:56:23', 'manasses', 1),
(366, 15, 722, 1.00, 107.35, 150.00, '39.73', 'UN', '2014-11-01 12:58:10', 'manasses', 1),
(367, 15, 723, 4.00, 34.19, 48.00, '40.39', 'UN', '2014-11-01 13:06:18', 'manasses', 1),
(368, 15, 724, 1.00, 150.38, 210.01, '39.65', 'UN', '2014-11-01 13:20:38', 'manasses', 1),
(369, 15, 725, 4.00, 34.18, 48.00, '40.43', 'UN', '2014-11-01 13:23:02', 'manasses', 1),
(370, 15, 583, 6.00, 33.52, 46.00, '37.23', 'UN', '2014-11-01 13:31:49', 'manasses', 1),
(371, 15, 726, 4.00, 32.78, 46.00, '40.33', 'UN', '2014-11-01 13:56:10', 'manasses', 1),
(372, 15, 727, 4.00, 87.00, 122.00, '40.23', 'UN', '2014-11-01 14:00:15', 'manasses', 1),
(373, 15, 728, 4.00, 87.00, 122.00, '40.23', 'UN', '2014-11-01 14:15:44', 'manasses', 1),
(374, 15, 729, 6.00, 5.57, 7.80, '40.04', 'UN', '2014-11-01 14:20:08', 'manasses', 1),
(375, 15, 730, 6.00, 11.56, 16.20, '40.14', 'UN', '2014-11-01 14:23:02', 'manasses', 1),
(376, 14, 731, 1.00, 45.00, 73.00, '62.22', 'UN', '2014-11-01 20:07:32', 'manasses', 1),
(377, 14, 732, 2.00, 23.50, 42.00, '78.72', 'UN', '2014-11-01 20:08:55', 'manasses', 1),
(378, 15, 670, 6.00, 9.37, 13.45, '43.54', 'UN', '2014-11-03 12:30:07', 'manasses', 1),
(379, 15, 671, 6.00, 9.37, 13.45, '43.54', 'UN', '2014-11-03 12:50:53', 'manasses', 1),
(380, 15, 672, 6.00, 9.37, 13.45, '43.54', 'UN', '2014-11-03 13:41:51', 'manasses', 1),
(381, 15, 735, 1.00, 26.19, 39.30, '50.06', 'UN', '2014-11-03 17:47:16', 'francis', 1),
(382, 15, 734, 1.00, 26.19, 39.30, '50.06', 'UN', '2014-11-03 17:47:24', 'francis', 1),
(383, 17, 551, 2.00, 5.00, 7.90, '58.00', 'UN', '2014-11-03 17:47:58', 'francis', 1),
(384, 15, 733, 1.00, 85.00, 145.00, '70.59', 'UN', '2014-11-03 17:48:29', 'francis', 1),
(385, 15, 733, 1.00, 85.00, 145.00, '70.59', 'UN', '2014-11-03 17:48:29', 'francis', 1),
(386, 15, 734, 1.00, 26.19, 39.30, '50.06', 'UN', '2014-11-03 17:52:45', 'francis', 1),
(387, 19, 653, 1.00, 149.42, 195.00, '30.50', 'UN', '2014-11-04 11:13:10', 'karoliny', 1),
(388, 19, 654, 1.00, 149.42, 195.00, '30.50', 'UN', '2014-11-04 11:13:32', 'karoliny', 1),
(389, 19, 736, 1.00, 187.05, 234.99, '25.63', 'UN', '2014-11-04 11:17:17', 'karoliny', 1),
(390, 17, 563, 3.00, 0.60, 1.00, '66.67', 'UN', '2014-11-04 12:58:48', 'KAROLINY', 1),
(391, 18, 737, 1.00, 22.00, 22.05, '0.23', 'UN', '2014-11-04 13:05:47', 'KAROLINY', 1),
(392, 15, 738, 1.00, 24.14, 36.25, '50.17', 'UN', '2014-11-04 13:34:41', 'karoliny', 1),
(393, 15, 738, 1.00, 24.14, 36.25, '50.17', 'UN', '2014-11-04 13:40:58', 'karoliny', 1),
(394, 19, 739, 1.00, 55.53, 73.85, '32.99', 'UN', '2014-11-04 15:55:10', 'manasses', 1),
(395, 18, 613, 4.00, 9.65, 14.00, '45.08', 'UN', '2014-11-04 17:36:34', 'francis', 1),
(396, 17, 566, 5.00, 2.05, 3.50, '70.73', 'UN', '2014-11-04 17:43:16', 'francis', 1),
(397, 17, 575, 1.00, 17.39, 25.00, '43.76', 'UN', '2014-11-04 17:46:58', 'francis', 1),
(398, 17, 550, 5.00, 2.30, 3.20, '39.13', 'UN', '2014-11-04 17:48:44', 'francis', 1),
(399, 17, 551, 10.00, 5.00, 7.90, '58.00', 'UN', '2014-11-04 17:50:07', 'francis', 1),
(400, 18, 641, 1.00, 32.51, 43.00, '32.27', 'UN', '2014-11-04 17:52:26', 'francis', 1),
(401, 18, 640, 1.00, 26.50, 40.00, '50.94', 'UN', '2014-11-04 17:53:24', 'francis', 1),
(402, 18, 737, 2.00, 22.00, 22.50, '2.27', 'UN', '2014-11-04 17:54:58', 'francis', 1),
(403, 19, 668, 4.00, 2.19, 3.10, '41.55', 'UN', '2014-11-04 17:57:48', 'francis', 1),
(404, 18, 740, 4.00, 2.58, 3.50, '35.66', 'UN', '2014-11-04 18:03:53', 'francis', 1),
(405, 18, 740, 1.00, 2.58, 3.50, '35.66', 'UN', '2014-11-04 18:05:15', 'francis', 1),
(406, 17, 540, 10.00, 2.10, 3.50, '66.67', 'UN', '2014-11-04 18:05:39', 'francis', 1),
(407, 17, 539, 7.00, 2.10, 3.50, '66.67', 'UN', '2014-11-04 18:06:16', 'francis', 1),
(408, 18, 741, 9.00, 2.58, 3.50, '35.66', 'UN', '2014-11-04 18:09:36', 'francis', 1),
(409, 17, 542, 1.00, 2.10, 3.50, '66.67', 'UN', '2014-11-04 18:10:07', 'francis', 1),
(410, 17, 563, 16.00, 0.60, 1.00, '66.67', 'UN', '2014-11-04 18:13:08', 'francis', 1),
(411, 17, 557, 10.00, 1.87, 3.20, '71.12', 'UN', '2014-11-04 18:17:15', 'francis', 1),
(412, 17, 556, 5.00, 1.55, 2.60, '67.74', 'UN', '2014-11-04 18:19:14', 'francis', 1),
(413, 17, 556, 1.00, 1.55, 2.60, '67.74', 'UN', '2014-11-04 18:20:42', 'francis', 1),
(414, 17, 555, 10.00, 1.55, 2.60, '67.74', 'UN', '2014-11-04 18:22:22', 'francis', 1),
(415, 17, 553, 10.00, 1.55, 2.30, '48.39', 'UN', '2014-11-04 18:28:42', 'francis', 1),
(416, 17, 553, 1.00, 1.55, 2.30, '48.39', 'UN', '2014-11-04 18:40:54', 'francis', 1),
(417, 18, 743, 20.00, 0.67, 1.20, '79.10', 'UN', '2014-11-04 19:04:37', 'francis', 1),
(418, 18, 742, 20.00, 0.74, 1.20, '62.16', 'UN', '2014-11-04 19:04:50', 'francis', 1),
(419, 17, 558, 2.00, 0.39, 1.00, '156.41', 'UN', '2014-11-04 19:36:06', 'francis', 1),
(420, 18, 661, 3.00, 0.78, 1.20, '53.85', 'UN', '2014-11-04 19:38:08', 'manasses', 1),
(421, 15, 744, 6.00, 7.24, 12.00, '65.75', 'UN', '2014-11-05 11:47:49', 'karoliny', 1),
(422, 15, 585, 6.00, 10.75, 15.00, '39.53', 'UN', '2014-11-05 11:55:09', 'KAROLINY', 1),
(423, 15, 525, 8.00, 17.44, 23.50, '34.75', 'UN', '2014-11-05 11:56:05', 'KAROLINY', 1),
(424, 15, 533, 6.00, 9.59, 13.45, '40.25', 'UN', '2014-11-05 11:56:39', 'KAROLINY', 1),
(425, 15, 738, 4.00, 24.14, 36.25, '50.17', 'UN', '2014-11-05 11:58:04', 'KAROLINY', 1),
(426, 15, 718, 1.00, 150.38, 210.00, '39.65', 'UN', '2014-11-05 12:05:15', 'KAROLINY', 1),
(427, 15, 719, 6.00, 7.25, 12.00, '65.52', 'UN', '2014-11-05 12:06:44', 'KAROLINY', 1),
(428, 15, 717, 5.00, 7.25, 12.00, '65.52', 'UN', '2014-11-05 12:07:45', 'KAROLINY', 1),
(429, 15, 747, 6.00, 7.24, 12.00, '65.75', 'UN', '2014-11-05 12:12:25', 'KAROLINY', 1),
(430, 15, 748, 6.00, 7.24, 12.00, '65.75', 'UN', '2014-11-05 12:14:18', 'KAROLINY', 1),
(431, 15, 749, 4.00, 33.63, 48.80, '45.11', 'UN', '2014-11-05 12:22:58', 'KAROLINY', 1),
(432, 15, 750, 12.00, 4.31, 6.05, '40.37', 'UN', '2014-11-05 12:27:02', 'KAROLINY', 1),
(433, 15, 751, 12.00, 4.31, 6.05, '40.37', 'UN', '2014-11-05 12:29:02', 'KAROLINY', 1),
(434, 15, 752, 6.00, 9.59, 13.75, '43.38', 'UN', '2014-11-05 12:34:35', 'KAROLINY', 1),
(435, 15, 753, 6.00, 9.59, 13.75, '43.38', 'UN', '2014-11-05 12:34:56', 'KAROLINY', 1),
(436, 15, 754, 4.00, 33.52, 47.00, '40.21', 'UN', '2014-11-05 12:37:21', 'KAROLINY', 1),
(437, 15, 734, 3.00, 26.19, 39.30, '50.06', 'UN', '2014-11-05 12:43:29', 'KAROLINY', 1),
(438, 15, 735, 4.00, 26.19, 39.30, '50.06', 'UN', '2014-11-05 12:49:30', 'KAROLINY', 1),
(439, 15, 756, 6.00, 12.50, 17.50, '40.00', 'UN', '2014-11-05 12:54:47', 'KAROLINY', 1),
(440, 15, 757, 6.00, 10.19, 14.30, '40.33', 'UN', '2014-11-05 13:00:19', 'KAROLINY', 1),
(441, 15, 758, 6.00, 10.19, 14.30, '40.33', 'UN', '2014-11-05 13:00:32', 'KAROLINY', 1),
(442, 15, 755, 6.00, 9.59, 13.45, '40.25', 'UN', '2014-11-05 13:00:48', 'KAROLINY', 1),
(443, 15, 646, 1.00, 84.75, 135.00, '59.29', 'UN', '2014-11-05 13:02:03', 'KAROLINY', 1),
(444, 15, 745, 4.00, 37.62, 56.00, '48.86', 'UN', '2014-11-05 13:28:43', 'manasses', 1),
(445, 15, 746, 1.00, 137.30, 199.10, '45.01', 'UN', '2014-11-05 13:47:02', 'manasses', 1),
(446, 18, 640, 1.00, 26.50, 40.00, '50.94', 'UN', '2014-11-05 17:49:56', 'francis', 1),
(447, 18, 609, 4.00, 2.47, 3.70, '49.80', 'UN', '2014-11-05 18:13:48', 'francis', 1),
(448, 18, 612, 8.00, 8.48, 12.50, '47.41', 'UN', '2014-11-05 19:11:23', 'francis', 1),
(449, 18, 606, 1.00, 1.77, 2.50, '41.24', 'UN', '2014-11-06 15:49:04', 'MANASSES', 1),
(450, 17, 580, 1.00, 3.80, 6.30, '65.79', 'UN', '2014-11-06 15:51:06', 'MANASSES', 1),
(451, 14, 534, 1.00, 23.50, 30.00, '27.66', 'UN', '2014-11-06 16:10:25', 'MANASSES', 1),
(452, 15, 529, 1.00, 4.88, 7.30, '49.59', 'UN', '2014-11-06 16:35:55', 'francis', 1),
(453, 15, 593, 1.00, 70.52, 115.00, '63.07', 'UN', '2014-11-07 12:08:05', 'karoliny', 1),
(454, 15, 514, 4.00, 9.59, 13.45, '40.25', 'UN', '2014-11-07 19:25:34', 'francis', 1),
(455, 21, 790, 24.00, 2.75, 6.50, '136.36', 'UN', '2014-11-07 19:34:22', 'francis', 1),
(456, 21, 763, 6.00, 11.38, 17.70, '55.54', 'UN', '2014-11-07 19:35:35', 'francis', 1),
(457, 21, 762, 12.00, 8.37, 13.00, '55.32', 'UN', '2014-11-07 19:35:48', 'francis', 1),
(458, 21, 786, 1.00, 52.87, 82.00, '55.10', 'UN', '2014-11-07 19:37:37', 'francis', 1),
(459, 21, 787, 4.00, 14.58, 23.00, '57.75', 'UN', '2014-11-07 19:38:58', 'francis', 1),
(460, 21, 788, 4.00, 14.58, 23.00, '57.75', 'UN', '2014-11-07 19:39:53', 'francis', 1),
(461, 21, 780, 1.00, 52.87, 82.00, '55.10', 'UN', '2014-11-07 19:40:30', 'francis', 1),
(462, 21, 781, 4.00, 14.58, 22.00, '50.89', 'UN', '2014-11-07 19:40:57', 'francis', 1),
(463, 21, 784, 1.00, 52.87, 82.00, '55.10', 'UN', '2014-11-07 19:41:50', 'francis', 1),
(464, 21, 785, 4.00, 14.58, 23.00, '57.75', 'UN', '2014-11-07 19:42:46', 'francis', 1),
(465, 21, 782, 1.00, 52.87, 82.00, '55.10', 'UN', '2014-11-07 19:43:18', 'francis', 1),
(466, 21, 783, 4.00, 14.58, 22.60, '55', 'UN', '2014-11-07 19:43:33', 'francis', 1),
(467, 21, 778, 3.00, 52.87, 82.00, '55.10', 'UN', '2014-11-07 19:47:41', 'francis', 1),
(468, 21, 791, 4.00, 14.58, 23.00, '57.75', 'UN', '2014-11-07 19:54:39', 'francis', 1),
(469, 21, 789, 4.00, 38.09, 59.00, '54.90', 'UN', '2014-11-07 19:57:38', 'francis', 1),
(470, 15, 792, 1.00, 107.35, 165.00, '53.70', 'UN', '2014-11-07 20:54:35', 'manasses', 1),
(471, 21, 777, 6.00, 11.09, 17.20, '55.09', 'UN', '2014-11-08 10:28:35', 'francis', 1),
(472, 21, 775, 6.00, 12.46, 19.30, '54.90', 'UN', '2014-11-08 10:28:55', 'francis', 1),
(473, 21, 776, 6.00, 11.23, 19.10, '70.08', 'UN', '2014-11-08 10:29:19', 'francis', 1),
(474, 21, 779, 4.00, 14.58, 22.60, '55.01', 'UN', '2014-11-08 10:29:55', 'francis', 1),
(475, 21, 765, 6.00, 9.00, 14.00, '55.56', 'UN', '2014-11-08 10:30:36', 'francis', 1),
(476, 21, 764, 6.00, 10.06, 15.60, '55.07', 'UN', '2014-11-08 10:31:07', 'francis', 1),
(477, 21, 769, 6.00, 6.45, 10.00, '55.04', 'UN', '2014-11-08 10:31:38', 'francis', 1),
(478, 21, 759, 12.00, 14.11, 22.00, '55.92', 'UN', '2014-11-08 10:33:06', 'francis', 1),
(479, 21, 760, 12.00, 6.13, 9.50, '54.98', 'UN', '2014-11-08 10:33:48', 'francis', 1),
(480, 21, 761, 12.00, 3.97, 6.20, '56.17', 'UN', '2014-11-08 10:36:16', 'francis', 1),
(481, 18, 640, 6.00, 26.50, 40.00, '50.94', 'UN', '2014-11-08 10:38:41', 'francis', 1),
(482, 15, 523, 12.00, 7.17, 10.00, '39.47', 'UN', '2014-11-08 10:39:55', 'francis', 1),
(483, 15, 524, 12.00, 6.34, 8.50, '34.07', 'UN', '2014-11-08 10:43:53', 'francis', 1),
(484, 21, 766, 6.00, 5.51, 8.60, '56.08', 'UN', '2014-11-08 10:46:38', 'francis', 1),
(485, 21, 767, 6.00, 6.11, 10.00, '63.67', 'UN', '2014-11-08 10:47:05', 'francis', 1),
(486, 21, 768, 6.00, 11.74, 18.20, '55.03', 'UN', '2014-11-08 10:47:33', 'francis', 1),
(487, 21, 770, 12.00, 4.25, 6.60, '55.29', 'UN', '2014-11-08 10:48:29', 'francis', 1),
(488, 21, 771, 6.00, 13.60, 21.00, '54.41', 'UN', '2014-11-08 10:49:02', 'francis', 1),
(489, 21, 772, 6.00, 9.95, 15.50, '55.78', 'UN', '2014-11-08 10:49:44', 'francis', 1),
(490, 21, 773, 6.00, 8.60, 13.20, '53.49', 'UN', '2014-11-08 10:50:13', 'francis', 1),
(491, 21, 774, 6.00, 9.36, 14.50, '54.91', 'UN', '2014-11-08 10:50:42', 'francis', 1),
(492, 15, 738, 2.00, 24.14, 36.25, '50.17', 'UN', '2014-11-08 11:54:58', 'manasses', 1),
(493, 19, 654, 1.00, 149.42, 195.00, '30.50', 'UN', '2014-11-09 20:55:39', 'manasses', 1),
(494, 15, 793, 19.00, 6.32, 8.50, '34.49', 'UN', '2014-11-10 11:56:00', 'manasses', 1),
(495, 17, 538, 2.00, 1.70, 3.00, '76.47', 'UN', '2014-11-10 11:56:19', 'manasses', 1),
(496, 19, 794, 2.00, 24.78, 31.75, '28.13', 'UN', '2014-11-10 17:25:30', 'francis', 1),
(497, 19, 653, 1.00, 149.42, 195.00, '30.50', 'UN', '2014-11-10 17:42:05', 'francis', 1),
(498, 17, 535, 10.00, 4.00, 6.00, '50.00', 'UN', '2014-11-10 17:44:15', 'francis', 1),
(499, 18, 795, 1.00, 6.99, 17.00, '143.20', 'UN', '2014-11-10 17:48:06', 'francis', 1),
(500, 15, 796, 4.00, 26.78, 40.50, '51.23', 'UN', '2014-11-11 11:08:21', 'manasses', 1),
(501, 15, 797, 4.00, 24.69, 36.25, '46.82', 'UN', '2014-11-11 15:30:52', 'manasses', 1),
(502, 15, 799, 4.00, 24.69, 36.25, '46.82', 'UN', '2014-11-11 15:39:05', 'manasses', 1),
(503, 15, 798, 4.00, 24.69, 36.25, '46.82', 'UN', '2014-11-11 15:39:32', 'manasses', 1),
(504, 15, 510, 6.00, 9.59, 13.45, '40.25', 'UN', '2014-11-11 15:58:58', 'francis', 1),
(505, 15, 512, 6.00, 9.59, 13.45, '40.25', 'UN', '2014-11-11 16:02:47', 'francis', 1),
(506, 15, 596, 6.00, 7.24, 12.00, '65.75', 'UN', '2014-11-11 16:06:11', 'francis', 1),
(507, 15, 800, 2.00, 40.55, 63.00, '55.36', 'UN', '2014-11-11 16:26:40', 'francis', 1),
(508, 18, 801, 11.00, 3.50, 3.50, '0.0', 'UN', '2014-11-11 18:31:11', 'francis', 1),
(509, 20, 804, 12.00, 16.10, 24.00, '49.07', 'UN', '2014-11-12 15:45:50', 'manasses', 1),
(510, 20, 803, 18.00, 4.00, 6.00, '50.00', 'UN', '2014-11-12 15:46:19', 'manasses', 1),
(511, 20, 802, 15.00, 8.54, 12.80, '49.88', 'UN', '2014-11-12 15:46:35', 'manasses', 1),
(512, 19, 653, 1.00, 149.42, 195.00, '30.50', 'UN', '2014-11-12 17:45:38', 'manasses', 1),
(513, 19, 653, 2.00, 149.42, 198.00, '32.51', 'UN', '2014-11-13 19:22:22', 'francis', 1),
(514, 19, 702, 2.00, 42.11, 58.95, '39.99', 'UN', '2014-11-13 19:23:16', 'francis', 1),
(515, 19, 654, 1.00, 149.42, 198.00, '32.51', 'UN', '2014-11-13 19:46:52', 'francis', 1),
(516, 19, 805, 2.00, 42.11, 58.95, '39.99', 'UN', '2014-11-13 19:52:14', 'francis', 1),
(517, 19, 806, 2.00, 42.11, 58.95, '39.99', 'UN', '2014-11-13 19:58:32', 'francis', 1),
(518, 19, 807, 2.00, 42.11, 58.95, '39.99', 'UN', '2014-11-13 20:01:04', 'francis', 1),
(519, 19, 808, 2.00, 42.11, 58.95, '39.99', 'UN', '2014-11-13 20:02:53', 'francis', 1),
(520, 19, 809, 2.00, 42.11, 58.95, '39.99', 'UN', '2014-11-13 20:05:02', 'francis', 1),
(521, 19, 810, 2.00, 42.11, 58.95, '39.99', 'UN', '2014-11-13 20:07:04', 'francis', 1),
(522, 19, 811, 2.00, 42.11, 58.95, '39.99', 'UN', '2014-11-13 20:09:24', 'francis', 1),
(523, 19, 812, 2.00, 42.11, 58.95, '39.99', 'UN', '2014-11-13 20:11:13', 'francis', 1),
(524, 19, 813, 2.00, 42.11, 58.95, '39.99', 'UN', '2014-11-13 20:12:46', 'francis', 1),
(525, 19, 814, 1.00, 52.67, 75.24, '42.85', 'UN', '2014-11-14 10:28:59', 'manasses', 1),
(526, 15, 721, 1.00, 109.78, 165.00, '50.30', 'UN', '2014-11-14 10:30:42', 'manasses', 1),
(527, 15, 792, 1.00, 109.78, 165.00, '50.30', 'UN', '2014-11-14 10:31:26', 'manasses', 1),
(528, 15, 815, 4.00, 33.52, 53.00, '58.11', 'UN', '2014-11-14 10:33:32', 'manasses', 1),
(529, 15, 816, 4.00, 51.36, 73.00, '42.13', 'UN', '2014-11-14 10:34:59', 'manasses', 1),
(530, 15, 528, 8.00, 16.21, 23.50, '45', 'UN', '2014-11-14 10:36:00', 'manasses', 1),
(531, 15, 530, 8.00, 11.03, 15.45, '40.07', 'UN', '2014-11-14 10:36:55', 'manasses', 1),
(532, 15, 531, 12.00, 3.67, 5.50, '49.86', 'UN', '2014-11-14 10:37:47', 'manasses', 1),
(533, 15, 595, 6.00, 7.24, 12.00, '65.75', 'UN', '2014-11-14 10:40:27', 'manasses', 1),
(534, 15, 594, 6.00, 7.24, 12.00, '65.75', 'UN', '2014-11-14 10:40:49', 'manasses', 1),
(535, 15, 738, 4.00, 24.14, 36.25, '50.17', 'UN', '2014-11-14 11:14:21', 'manasses', 1),
(536, 15, 675, 4.00, 24.14, 36.25, '50.17', 'UN', '2014-11-14 11:14:38', 'manasses', 1),
(537, 15, 817, 4.00, 23.50, 36.00, '53.19', 'UN', '2014-11-14 12:01:41', 'manasses', 1),
(538, 15, 818, 4.00, 24.69, 36.25, '46.82', 'UN', '2014-11-14 12:20:26', 'manasses', 1),
(539, 15, 819, 4.00, 26.78, 39.30, '46.75', 'UN', '2014-11-14 12:22:30', 'manasses', 1),
(540, 15, 820, 4.00, 26.78, 39.30, '46.75', 'UN', '2014-11-14 12:23:46', 'manasses', 1),
(541, 19, 821, 1.00, 153.00, 195.00, '27.45', 'UN', '2014-11-15 12:25:33', 'manasses', 1),
(542, 21, 778, 1.00, 52.87, 82.00, '55.10', 'UN', '2014-11-15 14:33:21', 'manasses', 1),
(543, 17, 535, 12.00, 4.00, 6.00, '50.00', 'UN', '2014-11-17 18:05:53', 'francis', 1),
(544, 18, 613, 12.00, 9.65, 10.00, '3.63', 'UN', '2014-11-17 18:18:17', 'francis', 1),
(545, 18, 612, 12.00, 8.48, 13.00, '53.30', 'UN', '2014-11-17 18:21:18', 'francis', 1),
(546, 17, 571, 12.00, 11.73, 14.50, '23.61', 'UN', '2014-11-17 18:23:01', 'francis', 1),
(547, 17, 574, 12.00, 8.52, 9.00, '5.63', 'UN', '2014-11-17 18:43:03', 'francis', 1),
(548, 17, 565, 48.00, 1.65, 1.60, '-3.03', 'UN', '2014-11-17 18:45:42', 'francis', 1),
(549, 17, 565, 48.00, 1.65, 1.60, '-3.03', 'UN', '2014-11-17 18:47:49', 'francis', 1),
(550, 17, 566, 36.00, 2.05, 2.60, '26.83', 'UN', '2014-11-17 18:50:41', 'francis', 1),
(551, 18, 823, 4.00, 13.50, 25.00, '85.19', 'UN', '2014-11-17 18:57:51', 'francis', 1),
(552, 18, 824, 12.00, 3.98, 8.00, '101.01', 'UN', '2014-11-17 19:01:49', 'francis', 1),
(553, 18, 825, 6.00, 4.89, 12.00, '145.40', 'UN', '2014-11-17 19:05:12', 'francis', 1),
(554, 18, 826, 12.00, 2.17, 6.00, '176.50', 'UN', '2014-11-17 19:07:39', 'francis', 1),
(555, 18, 822, 12.00, 1.99, 4.00, '101.01', 'UN', '2014-11-17 19:08:16', 'francis', 1),
(556, 18, 827, 100.00, 1.78, 4.00, '124.72', 'MT', '2014-11-17 19:16:42', 'francis', 1),
(557, 17, 557, 50.00, 1.87, 2.90, '55.08', 'UN', '2014-11-17 19:30:38', 'francis', 1),
(558, 18, 828, 50.00, 1.27, 2.30, '81.10', 'UN', '2014-11-17 19:33:10', 'francis', 1),
(559, 17, 553, 50.00, 1.55, 2.30, '48.39', 'UN', '2014-11-17 19:33:44', 'francis', 1),
(560, 17, 555, 50.00, 1.55, 2.30, '48.39', 'UN', '2014-11-17 19:34:14', 'francis', 1),
(561, 18, 829, 50.00, 0.70, 1.20, '71.43', 'UN', '2014-11-17 19:37:44', 'francis', 1),
(562, 17, 564, 50.00, 0.60, 1.20, '100.00', 'UN', '2014-11-17 19:38:45', 'francis', 1),
(563, 17, 559, 50.00, 0.44, 0.90, '104.55', 'UN', '2014-11-17 19:39:19', 'francis', 1),
(564, 17, 562, 50.00, 0.44, 0.90, '104.55', 'UN', '2014-11-17 19:40:03', 'francis', 1),
(565, 18, 661, 50.00, 0.78, 1.20, '53.85', 'UN', '2014-11-17 19:40:40', 'francis', 1),
(566, 18, 830, 50.00, 2.62, 3.80, '45.04', 'UN', '2014-11-17 19:43:57', 'francis', 1),
(567, 18, 830, 50.00, 2.62, 3.80, '45.04', 'UN', '2014-11-17 19:44:20', 'francis', 1),
(568, 17, 548, 4.00, 17.44, 25.00, '43.35', 'UN', '2014-11-17 19:44:46', 'francis', 1),
(569, 18, 740, 12.00, 2.58, 3.50, '35.66', 'UN', '2014-11-17 19:46:06', 'francis', 1),
(570, 17, 542, 12.00, 2.10, 3.50, '66.67', 'UN', '2014-11-17 19:46:48', 'francis', 1),
(571, 17, 540, 12.00, 2.10, 3.50, '66.67', 'UN', '2014-11-17 19:47:17', 'francis', 1),
(572, 18, 831, 12.00, 1.57, 3.50, '122.93', 'UN', '2014-11-17 19:50:06', 'francis', 1),
(573, 15, 832, 4.00, 45.22, 65.60, '45.07', 'UN', '2014-11-18 12:53:41', 'manasses', 1),
(574, 15, 646, 3.00, 84.75, 135.00, '59.29', 'UN', '2014-11-18 12:54:56', 'manasses', 1),
(575, 15, 647, 4.00, 21.12, 38.00, '79.92', 'UN', '2014-11-18 12:55:14', 'manasses', 1),
(576, 15, 833, 4.00, 26.78, 39.30, '46.75', 'UN', '2014-11-18 12:57:08', 'manasses', 1),
(577, 18, 834, 12.00, 0.64, 1.25, '95.31', 'UN', '2014-11-18 16:47:33', 'francis', 1),
(578, 18, 835, 12.00, 0.88, 1.90, '115.91', 'UN', '2014-11-18 16:48:08', 'francis', 1);
INSERT INTO `estoque` (`estoqueID`, `fornecedorID`, `produtoID`, `quantidade`, `precoCusto`, `preco`, `lucro`, `unidade`, `data`, `usuario`, `empresaID`) VALUES
(579, 18, 836, 12.00, 1.07, 2.50, '133.64', 'UN', '2014-11-18 16:48:28', 'francis', 1),
(580, 18, 837, 12.00, 1.49, 3.75, '151.68', 'UN', '2014-11-18 16:48:54', 'francis', 1),
(581, 18, 838, 12.00, 1.98, 5.00, '152.53', 'UN', '2014-11-18 16:49:14', 'francis', 1),
(582, 18, 839, 12.00, 2.48, 6.30, '154.03', 'UN', '2014-11-18 16:49:35', 'francis', 1),
(583, 18, 840, 12.00, 3.94, 7.50, '90.36', 'UN', '2014-11-18 16:49:51', 'francis', 1),
(584, 17, 581, 12.00, 1.67, 2.40, '43.71', 'UN', '2014-11-18 16:51:19', 'francis', 1),
(585, 17, 576, 12.00, 1.15, 1.90, '65.22', 'UN', '2014-11-18 16:51:48', 'francis', 1),
(586, 17, 576, 12.00, 1.15, 3.10, '169.57', 'UN', '2014-11-18 16:53:49', 'francis', 1),
(587, 17, 550, 12.00, 2.30, 3.20, '39.13', 'UN', '2014-11-18 16:56:23', 'francis', 1),
(588, 17, 549, 10.00, 2.50, 3.90, '56.00', 'UN', '2014-11-18 16:57:00', 'francis', 1),
(589, 17, 551, 10.00, 5.00, 7.90, '58.00', 'UN', '2014-11-18 16:57:31', 'francis', 1),
(590, 18, 841, 50.00, 1.17, 1.80, '53.85', 'UN', '2014-11-18 17:00:50', 'francis', 1),
(591, 17, 541, 12.00, 2.10, 3.50, '66.67', 'UN', '2014-11-18 17:03:24', 'francis', 1),
(592, 18, 843, 12.00, 1.59, 3.50, '120.13', 'UN', '2014-11-18 17:05:55', 'francis', 1),
(593, 18, 608, 24.00, 4.00, 8.00, '100.00', 'UN', '2014-11-18 17:30:38', 'francis', 1),
(594, 18, 844, 36.00, 1.65, 4.00, '142.42', 'UN', '2014-11-18 17:31:07', 'francis', 1),
(595, 21, 778, 3.00, 52.87, 94.00, '77.79', 'UN', '2014-11-18 17:34:26', 'francis', 1),
(596, 17, 579, 12.00, 2.00, 4.70, '135.00', 'UN', '2014-11-18 17:39:40', 'francis', 1),
(597, 17, 546, 1.00, 1.60, 3.00, '87.50', 'UN', '2014-11-18 17:40:18', 'francis', 1),
(598, 17, 546, 49.00, 1.60, 3.00, '87.50', 'UN', '2014-11-18 17:40:52', 'francis', 1),
(599, 14, 731, 1.00, 45.00, 65.00, '44.44', 'UN', '2014-11-18 17:47:15', 'manasses', 1),
(600, 14, 846, 4.00, 23.50, 40.00, '70.21', 'UN', '2014-11-18 17:50:25', 'manasses', 1),
(601, 18, 845, 6.00, 9.89, 16.00, '61.78', 'UN', '2014-11-18 17:50:28', 'francis', 1),
(602, 21, 847, 4.00, 30.30, 44.00, '45.21', 'UN', '2014-11-18 17:57:30', 'manasses', 1),
(603, 17, 573, 1.00, 3.80, 9.00, '136.84', 'UN', '2014-11-18 19:37:54', 'francis', 1),
(604, 15, 719, 1.00, 7.25, 12.00, '65.52', 'UN', '2014-11-19 17:10:43', 'francis', 1),
(605, 18, 848, 48.00, 1.89, 3.50, '85.19', 'UN', '2014-11-19 17:22:20', 'francis', 1),
(606, 18, 849, 18.00, 2.50, 10.00, '300.00', 'UN', '2014-11-19 18:37:16', 'francis', 1),
(607, 15, 850, 12.00, 10.00, 14.50, '45.00', 'UN', '2014-11-20 11:56:04', 'manasses', 1),
(608, 21, 778, 2.00, 52.87, 94.00, '77.79', 'UN', '2014-11-20 15:49:44', 'manasses', 1),
(609, 21, 851, 1.00, 89.11, 139.90, '57.00', 'UN', '2014-11-20 16:30:02', 'manasses', 1),
(610, 21, 852, 4.00, 22.20, 32.20, '45.05', 'UN', '2014-11-20 16:31:25', 'manasses', 1),
(611, 21, 853, 1.00, 89.11, 139.90, '57.00', 'UN', '2014-11-20 16:32:56', 'manasses', 1),
(612, 21, 854, 4.00, 22.20, 32.20, '45.05', 'UN', '2014-11-20 16:42:55', 'manasses', 1),
(613, 21, 855, 1.00, 116.34, 179.90, '54.63', 'UN', '2014-11-20 16:46:38', 'manasses', 1),
(614, 21, 856, 12.00, 12.79, 20.50, '60.28', 'UN', '2014-11-20 16:59:17', 'manasses', 1),
(615, 21, 857, 50.00, 0.59, 1.50, '154.24', 'UN', '2014-11-20 17:01:40', 'manasses', 1),
(616, 17, 580, 1.00, 3.80, 6.30, '65.79', 'UN', '2014-11-21 18:07:41', 'francis', 1),
(617, 19, 811, 1.00, 42.11, 58.95, '39.99', 'UN', '2014-11-21 19:38:59', 'manasses', 1),
(618, 15, 674, 1.00, 14.78, 22.20, '50.20', 'UN', '2014-11-22 13:34:35', 'manasses', 1),
(619, 18, 795, 2.00, 6.99, 17.00, '143.20', 'UN', '2014-11-22 13:56:29', 'manasses', 1),
(620, 18, 858, 1.00, 67.18, 87.33, '29.99', 'UN', '2014-11-22 14:13:35', 'manasses', 1),
(621, 18, 859, 1.00, 47.22, 58.95, '24.84', 'UN', '2014-11-22 14:17:46', 'manasses', 1),
(622, 18, 860, 1.00, 33.77, 43.90, '30.00', 'UN', '2014-11-22 14:23:50', 'manasses', 1),
(623, 18, 861, 1.00, 9.91, 13.00, '31.18', 'UN', '2014-11-22 14:47:30', 'manasses', 1),
(624, 19, 653, 1.00, 149.42, 200.00, '33.85', 'UN', '2014-11-24 11:40:22', 'francis', 1),
(625, 19, 653, 1.00, 149.42, 200.00, '33.85', 'UN', '2014-11-24 11:57:27', 'francis', 1),
(626, 18, 801, 5.00, 3.50, 3.50, '0.0', 'UN', '2014-11-24 12:15:08', 'francis', 1),
(627, 18, 801, 1.00, 3.50, 3.50, '0.0', 'UN', '2014-11-24 12:42:26', 'francis', 1),
(628, 18, 862, 46.00, 0.79, 1.60, '102.53', 'UN', '2014-11-24 16:16:51', 'francis', 1),
(629, 15, 630, 1.00, 26.18, 39.30, '50.11', 'UN', '2014-11-24 17:43:22', 'francis', 1),
(630, 21, 863, 1.00, 98.00, 139.90, '42.76', 'UN', '2014-11-25 16:19:18', 'francis', 1),
(631, 21, 864, 1.00, 23.00, 35.00, '52.17', 'UN', '2014-11-25 16:19:34', 'francis', 1),
(632, 17, 569, 36.00, 3.40, 5.50, '61.76', 'UN', '2014-11-26 11:17:30', 'manasses', 1),
(633, 15, 625, 4.00, 106.01, 165.00, '55.65', 'UN', '2014-11-26 12:17:37', 'francis', 1),
(634, 15, 629, 8.00, 26.18, 39.30, '50.11', 'UN', '2014-11-26 12:18:29', 'francis', 1),
(635, 15, 820, 4.00, 26.78, 39.30, '46.75', 'UN', '2014-11-26 12:20:48', 'francis', 1),
(636, 15, 681, 4.00, 26.18, 39.30, '50.11', 'UN', '2014-11-26 12:21:18', 'francis', 1),
(637, 15, 584, 6.00, 12.92, 18.10, '40.09', 'UN', '2014-11-26 12:40:11', 'francis', 1),
(638, 15, 594, 6.00, 7.24, 12.00, '65.75', 'UN', '2014-11-26 12:41:10', 'francis', 1),
(639, 15, 719, 6.00, 7.25, 12.00, '65.52', 'UN', '2014-11-26 12:42:29', 'francis', 1),
(640, 15, 717, 6.00, 7.25, 12.00, '65.52', 'UN', '2014-11-26 12:48:19', 'francis', 1),
(641, 15, 867, 6.00, 7.79, 12.00, '54.04', 'UN', '2014-11-26 12:48:51', 'francis', 1),
(642, 15, 868, 6.00, 7.79, 12.00, '54.04', 'UN', '2014-11-26 12:49:09', 'francis', 1),
(643, 15, 869, 6.00, 7.79, 12.00, '54.04', 'UN', '2014-11-26 12:49:35', 'francis', 1),
(644, 15, 865, 3.00, 43.25, 64.90, '50.06', 'UN', '2014-11-26 12:50:02', 'francis', 1),
(645, 15, 866, 4.00, 39.48, 59.25, '50.08', 'UN', '2014-11-26 12:50:22', 'francis', 1),
(646, 15, 800, 4.00, 54.86, 78.90, '43.82', 'UN', '2014-11-26 15:04:55', 'francis', 1),
(647, 18, 870, 2.00, 58.71, 77.75, '32.43', 'UN', '2014-11-26 15:16:59', 'francis', 1),
(648, 18, 871, 1.00, 65.05, 87.50, '34.51', 'UN', '2014-11-26 15:17:21', 'francis', 1),
(649, 18, 872, 1.00, 65.05, 87.50, '34.51', 'UN', '2014-11-26 19:13:46', 'francis', 1),
(650, 19, 702, 2.00, 42.11, 58.95, '39.99', 'UN', '2014-11-27 10:33:03', 'francis', 1),
(651, 18, 859, 2.00, 47.22, 58.95, '24.84', 'UN', '2014-11-27 10:33:57', 'francis', 1),
(652, 19, 874, 3.00, 87.97, 120.00, '36.41', 'UN', '2014-11-27 10:34:33', 'francis', 1),
(653, 19, 653, 3.00, 149.42, 200.00, '33.85', 'UN', '2014-11-27 10:34:59', 'francis', 1),
(654, 19, 875, 1.00, 150.00, 200.00, '33.33', 'UN', '2014-11-27 10:38:22', 'francis', 1),
(655, 19, 706, 2.00, 48.97, 65.13, '33.00', 'UN', '2014-11-27 10:42:52', 'francis', 1),
(656, 19, 877, 2.00, 47.99, 65.13, '35.72', 'UN', '2014-11-27 10:46:39', 'francis', 1),
(657, 19, 876, 1.00, 150.40, 200.00, '32.98', 'UN', '2014-11-27 10:47:02', 'francis', 1),
(658, 15, 523, 4.00, 7.17, 10.00, '39.47', 'UN', '2014-11-27 13:58:42', 'francis', 1),
(659, 17, 539, 6.00, 2.10, 3.50, '66.67', 'UN', '2014-11-27 15:40:50', 'francis', 1),
(660, 18, 801, 10.00, 3.50, 3.50, '0.0', 'UN', '2014-11-27 15:46:31', 'francis', 1),
(661, 21, 760, 1.00, 6.13, 9.50, '54.98', 'UN', '2014-11-27 17:49:03', 'francis', 1),
(662, 18, 878, 1.00, 25.00, 25.00, '0.0', 'UN', '2014-11-27 18:29:21', 'francis', 1),
(663, 21, 879, 1.00, 50.00, 82.00, '64.00', 'UN', '2014-11-27 20:01:56', 'francis', 1),
(664, 18, 872, 1.00, 20.00, 28.00, '40.00', 'UN', '2014-11-28 10:16:43', 'francis', 1),
(665, 15, 873, 1.00, 27.12, 39.30, '44.91', 'UN', '2014-11-28 10:21:14', 'francis', 1),
(666, 15, 528, 1.00, 16.21, 23.50, '45', 'UN', '2014-11-28 17:56:11', 'francis', 1),
(667, 18, 860, 4.00, 33.77, 43.90, '30.00', 'UN', '2014-11-28 18:15:55', 'francis', 1),
(668, 19, 814, 1.00, 52.67, 75.24, '42.85', 'UN', '2014-11-28 18:16:53', 'francis', 1),
(669, 21, 863, 1.00, 98.00, 139.90, '42.76', 'UN', '2014-11-28 19:20:53', 'francis', 1),
(670, 18, 880, 1.00, 408.58, 530.00, '29.72', 'UN', '2014-11-28 19:29:32', 'francis', 1),
(671, 21, 881, 4.00, 23.00, 23.00, '0.00', 'UN', '2014-11-28 19:51:49', 'francis', 1),
(672, 18, 882, 1.00, 56.00, 77.75, '38.84', 'UN', '2014-11-29 11:20:51', 'francis', 1),
(673, 18, 695, 1.00, 2.70, 3.80, '40.74', 'UN', '2014-11-29 14:30:08', 'francis', 1),
(674, 21, 879, 1.00, 50.00, 82.00, '64.00', 'UN', '2014-12-01 11:44:01', 'francis', 1),
(675, 21, 881, 4.00, 23.00, 23.00, '0.00', 'UN', '2014-12-01 11:44:51', 'francis', 1),
(676, 15, 523, 24.00, 7.17, 10.00, '39.47', 'UN', '2014-12-01 11:51:14', 'francis', 1),
(677, 21, 864, 4.00, 23.00, 35.00, '52.17', 'UN', '2014-12-01 11:52:51', 'francis', 1),
(678, 21, 847, 4.00, 28.35, 44.00, '55.20', 'UN', '2014-12-01 11:53:59', 'francis', 1),
(679, 15, 744, 6.00, 7.24, 12.00, '65.75', 'UN', '2014-12-01 18:39:36', 'francis', 1),
(680, 15, 873, 3.00, 27.12, 39.30, '44.91', 'UN', '2014-12-02 15:54:44', 'francis', 1),
(681, 15, 722, 1.00, 107.35, 165.00, '53.70', 'UN', '2014-12-02 15:56:16', 'francis', 1),
(682, 15, 883, 1.00, 114.61, 165.00, '43.97', 'UN', '2014-12-02 15:59:37', 'francis', 1),
(683, 15, 647, 8.00, 21.12, 38.00, '79.92', 'UN', '2014-12-02 16:00:12', 'francis', 1),
(684, 15, 510, 6.00, 9.59, 13.45, '40.25', 'UN', '2014-12-02 16:03:10', 'francis', 1),
(685, 15, 670, 6.00, 9.37, 13.45, '43.54', 'UN', '2014-12-02 16:03:33', 'francis', 1),
(686, 15, 639, 4.00, 11.85, 17.00, '43.46', 'UN', '2014-12-02 16:05:52', 'francis', 1),
(687, 15, 639, 4.00, 11.85, 17.00, '43.46', 'UN', '2014-12-02 16:06:41', 'francis', 1),
(688, 19, 653, 1.00, 149.42, 200.00, '33.85', 'UN', '2014-12-02 17:19:38', 'francis', 1),
(689, 15, 884, 6.00, 11.82, 17.15, '45.09', 'UN', '2014-12-02 17:57:54', 'francis', 1),
(690, 15, 886, 4.00, 41.37, 60.90, '47.21', 'UN', '2014-12-02 17:58:23', 'francis', 1),
(691, 15, 885, 6.00, 11.82, 17.15, '45.09', 'UN', '2014-12-02 17:58:48', 'francis', 1),
(692, 15, 887, 4.00, 41.37, 60.90, '47.21', 'UN', '2014-12-02 17:59:20', 'francis', 1),
(693, 16, 888, 6.00, 14.34, 20.80, '45.05', 'UN', '2014-12-02 17:59:48', 'francis', 1),
(694, 19, 653, 1.00, 149.42, 200.00, '33.85', 'UN', '2014-12-02 18:18:46', 'francis', 1),
(695, 19, 653, 3.00, 149.42, 200.00, '33.85', 'UN', '2014-12-02 18:24:24', 'francis', 1),
(696, 19, 654, 1.00, 149.42, 200.00, '33.85', 'UN', '2014-12-02 18:24:49', 'francis', 1),
(697, 19, 703, 2.00, 41.19, 57.15, '38.75', 'UN', '2014-12-02 18:25:23', 'francis', 1),
(698, 19, 702, 2.00, 42.11, 58.95, '39.99', 'UN', '2014-12-02 18:25:57', 'francis', 1),
(699, 19, 889, 2.00, 43.43, 58.95, '35.74', 'UN', '2014-12-02 18:29:30', 'francis', 1),
(700, 15, 594, 6.00, 7.24, 12.00, '65.75', 'UN', '2014-12-03 12:57:58', 'francis', 1),
(701, 18, 795, 1.00, 6.99, 17.00, '143.20', 'UN', '2014-12-03 19:13:58', 'francis', 1),
(702, 14, 604, 1.00, 23.50, 34.00, '44.68', 'UN', '2014-12-03 19:17:28', 'francis', 1),
(703, 14, 605, 1.00, 16.00, 30.00, '87.50', 'UN', '2014-12-04 10:01:50', 'francis', 1),
(704, 20, 890, 12.00, 16.10, 23.35, '45.03', 'UN', '2014-12-04 17:53:09', 'francis', 1),
(705, 20, 891, 4.00, 24.60, 35.70, '45.12', 'UN', '2014-12-04 18:00:02', 'francis', 1),
(706, 20, 892, 1.00, 93.50, 135.60, '45.03', 'UN', '2014-12-04 18:07:38', 'francis', 1),
(707, 20, 893, 4.00, 30.95, 44.90, '45.07', 'UN', '2014-12-04 18:10:35', 'francis', 1),
(708, 20, 894, 4.00, 53.00, 76.85, '45.00', 'UN', '2014-12-04 18:13:31', 'francis', 1),
(709, 18, 895, 3.00, 159.90, 175.80, '9.94', 'UN', '2014-12-04 18:38:06', 'francis', 1),
(710, 15, 793, 4.00, 6.32, 8.50, '34.49', 'UN', '2014-12-05 12:50:00', 'francis', 1),
(711, 18, 849, 1.00, 2.50, 10.00, '300.00', 'UN', '2014-12-05 16:42:29', 'francis', 1),
(712, 18, 896, 2.00, 50.00, 68.00, '36.00', 'UN', '2014-12-05 18:58:54', 'francis', 1),
(713, 18, 613, 1.00, 9.65, 10.00, '3.63', 'UN', '2014-12-05 19:02:00', 'francis', 1),
(714, 17, 549, 6.00, 2.50, 3.90, '56.00', 'UN', '2014-12-05 19:16:17', 'francis', 1),
(715, 17, 551, 4.00, 5.00, 7.90, '58.00', 'UN', '2014-12-05 19:18:55', 'francis', 1),
(716, 17, 548, 2.00, 19.90, 25.00, '25.63', 'UN', '2014-12-05 19:21:55', 'francis', 1),
(717, 17, 547, 3.00, 10.74, 15.00, '39.66', 'UN', '2014-12-05 19:25:37', 'francis', 1),
(718, 18, 613, 23.00, 9.65, 10.00, '3.63', 'UN', '2014-12-05 19:26:07', 'francis', 1),
(719, 17, 535, 48.00, 4.00, 6.00, '50.00', 'UN', '2014-12-05 19:27:40', 'francis', 1),
(720, 18, 612, 11.00, 4.98, 10.00, '100.80', 'UN', '2014-12-05 19:32:08', 'francis', 1),
(721, 17, 563, 50.00, 0.60, 0.90, '50.00', 'UN', '2014-12-05 19:32:49', 'francis', 1),
(722, 18, 897, 36.00, 1.75, 4.50, '157.14', 'UN', '2014-12-05 19:36:47', 'francis', 1),
(723, 18, 831, 12.00, 1.57, 3.50, '122.93', 'UN', '2014-12-05 19:37:31', 'francis', 1),
(724, 15, 527, 1.00, 70.53, 110.00, '55.96', 'UN', '2014-12-06 11:12:26', 'francis', 1),
(725, 17, 541, 4.00, 2.10, 3.50, '66.67', 'UN', '2014-12-06 11:18:18', 'francis', 1),
(726, 17, 543, 1.00, 4.45, 7.50, '68.54', 'UN', '2014-12-06 11:22:35', 'francis', 1),
(727, 15, 583, 1.00, 33.52, 46.00, '37.23', 'UN', '2014-12-06 13:14:20', 'francis', 1),
(728, 18, 666, 5.00, 59.18, 78.70, '32.98', 'UN', '2014-12-08 12:16:03', 'francis', 1),
(729, 15, 583, 8.00, 33.52, 46.00, '37.23', 'UN', '2014-12-08 14:12:53', 'francis', 1),
(730, 15, 517, 6.00, 9.59, 13.45, '40.25', 'UN', '2014-12-08 14:14:05', 'francis', 1),
(731, 15, 793, 24.00, 6.32, 8.50, '34.49', 'UN', '2014-12-08 14:15:15', 'francis', 1),
(732, 15, 529, 12.00, 4.88, 7.30, '49.59', 'UN', '2014-12-08 14:16:19', 'francis', 1),
(733, 15, 729, 6.00, 5.57, 7.80, '40.04', 'UN', '2014-12-08 14:16:51', 'francis', 1),
(734, 15, 720, 1.00, 107.35, 165.00, '53.70', 'UN', '2014-12-08 14:17:31', 'francis', 1),
(735, 15, 721, 1.00, 109.78, 165.00, '50.30', 'UN', '2014-12-08 14:18:13', 'francis', 1),
(736, 15, 792, 1.00, 109.78, 165.00, '50.30', 'UN', '2014-12-08 14:19:01', 'francis', 1),
(737, 15, 682, 4.00, 26.18, 39.30, '50.11', 'UN', '2014-12-08 14:19:57', 'francis', 1),
(738, 15, 630, 4.00, 26.18, 39.30, '50.11', 'UN', '2014-12-08 14:20:26', 'francis', 1),
(739, 15, 679, 4.00, 26.18, 39.30, '50.11', 'UN', '2014-12-08 14:21:16', 'francis', 1),
(740, 15, 588, 1.00, 98.94, 138.00, '39.48', 'UN', '2014-12-08 14:21:42', 'francis', 1),
(741, 18, 898, 2.00, 15.00, 20.50, '36.67', 'UN', '2014-12-08 18:47:07', 'francis', 1),
(742, 18, 687, 3.00, 59.18, 78.70, '32.98', 'UN', '2014-12-08 19:03:38', 'francis', 1),
(743, 17, 579, 1.00, 2.00, 4.70, '135.00', 'UN', '2014-12-08 19:57:09', 'francis', 1),
(744, 17, 566, 2.00, 2.05, 3.50, '70.73', 'UN', '2014-12-08 19:57:25', 'francis', 1),
(745, 17, 541, 1.00, 2.10, 3.50, '66.67', 'UN', '2014-12-09 12:33:54', 'francis', 1),
(746, 18, 895, 2.00, 159.90, 175.80, '9.94', 'UN', '2014-12-09 16:18:27', 'francis', 1),
(747, 15, 590, 2.00, 7.47, 12.00, '60.64', 'UN', '2014-12-09 16:46:04', 'francis', 1),
(748, 15, 793, 2.00, 6.32, 8.50, '34.49', 'UN', '2014-12-09 19:47:33', 'francis', 1),
(749, 18, 613, 1.00, 9.65, 10.00, '3.63', 'UN', '2014-12-09 19:47:54', 'francis', 1),
(750, 17, 569, 1.00, 3.40, 5.50, '61.76', 'UN', '2014-12-09 19:48:30', 'francis', 1),
(751, 17, 565, 1.00, 1.13, 2.00, '76.99', 'UN', '2014-12-09 19:48:53', 'francis', 1),
(752, 18, 822, 3.00, 1.99, 4.00, '101.01', 'UN', '2014-12-10 15:42:16', 'francis', 1),
(753, 19, 899, 1.00, 0.00, 200.00, '4372440.45', 'UN', '2014-12-10 18:55:40', 'francis', 1),
(754, 18, 822, 6.00, 1.99, 4.00, '101.01', 'UN', '2014-12-10 19:29:35', 'francis', 1),
(755, 15, 680, 1.00, 26.18, 39.30, '50.11', 'UN', '2014-12-10 19:50:28', 'francis', 1),
(756, 18, 567, 24.00, 3.30, 5.50, '66.67', 'UN', '2014-12-11 11:19:28', 'francis', 1),
(757, 17, 537, 12.00, 1.40, 2.30, '64.29', 'UN', '2014-12-11 11:24:56', 'francis', 1),
(758, 18, 741, 24.00, 2.58, 3.50, '35.66', 'UN', '2014-12-11 11:25:43', 'francis', 1),
(759, 17, 541, 25.00, 2.10, 3.50, '66.67', 'UN', '2014-12-11 11:26:26', 'francis', 1),
(760, 17, 539, 24.00, 2.10, 3.50, '66.67', 'UN', '2014-12-11 11:27:08', 'francis', 1),
(761, 17, 549, 5.00, 2.50, 3.90, '56.00', 'UN', '2014-12-11 11:28:33', 'francis', 1),
(762, 17, 545, 12.00, 3.80, 6.50, '71.05', 'UN', '2014-12-11 11:29:48', 'francis', 1),
(763, 18, 900, 12.00, 3.00, 7.95, '165.00', 'UN', '2014-12-11 11:41:54', 'francis', 1),
(764, 21, 787, 4.00, 14.58, 23.00, '57.75', 'UN', '2014-12-11 14:28:56', 'francis', 1),
(765, 15, 873, 1.00, 27.12, 39.30, '44.91', 'UN', '2014-12-11 14:31:20', 'francis', 1),
(766, 15, 625, 5.00, 106.01, 165.00, '55.65', 'UN', '2014-12-11 15:40:23', 'francis', 1),
(767, 15, 629, 3.00, 26.18, 39.30, '50.11', 'UN', '2014-12-11 15:41:02', 'francis', 1),
(768, 15, 680, 4.00, 26.18, 39.30, '50.11', 'UN', '2014-12-11 15:41:37', 'francis', 1),
(769, 15, 638, 4.00, 26.18, 39.30, '50.11', 'UN', '2014-12-11 15:42:20', 'francis', 1),
(770, 15, 734, 4.00, 26.19, 39.30, '50.06', 'UN', '2014-12-11 15:42:52', 'francis', 1),
(771, 15, 589, 1.00, 98.94, 138.00, '39.48', 'UN', '2014-12-11 15:43:40', 'francis', 1),
(772, 15, 513, 6.00, 9.59, 13.45, '40.25', 'UN', '2014-12-11 15:44:37', 'francis', 1),
(773, 15, 521, 6.00, 9.89, 13.75, '39.03', 'UN', '2014-12-11 15:46:15', 'francis', 1),
(774, 15, 596, 6.00, 7.24, 12.00, '65.75', 'UN', '2014-12-11 15:46:46', 'francis', 1),
(775, 15, 744, 6.00, 7.24, 12.00, '65.75', 'UN', '2014-12-11 15:47:09', 'francis', 1),
(776, 15, 595, 6.00, 7.24, 12.00, '65.75', 'UN', '2014-12-11 15:47:38', 'francis', 1),
(777, 15, 747, 6.00, 7.24, 12.00, '65.75', 'UN', '2014-12-11 15:48:27', 'francis', 1),
(778, 21, 778, 6.00, 52.87, 94.00, '77.79', 'UN', '2014-12-12 17:19:00', 'manasses', 1),
(779, 21, 784, 2.00, 52.87, 94.00, '77.79', 'UN', '2014-12-12 17:19:20', 'manasses', 1),
(780, 21, 879, 2.00, 50.00, 82.00, '64.00', 'UN', '2014-12-12 17:19:41', 'manasses', 1),
(781, 18, 640, 10.00, 26.50, 40.00, '50.94', 'UN', '2014-12-12 17:48:32', 'manasses', 1),
(782, 15, 510, 12.00, 9.59, 13.45, '40.25', 'UN', '2014-12-12 17:50:13', 'manasses', 1),
(783, 21, 791, 8.00, 14.58, 23.00, '57.75', 'UN', '2014-12-12 17:50:35', 'manasses', 1),
(784, 15, 901, 1.00, 78.00, 85.00, '8.97', 'UN', '2014-12-12 19:40:41', 'manasses', 1),
(785, 15, 902, 4.00, 34.10, 52.80, '54.84', 'UN', '2014-12-12 19:53:44', 'manasses', 1),
(786, 21, 903, 2.00, 52.87, 82.00, '55.10', 'UN', '2014-12-12 19:58:40', 'manasses', 1),
(787, 21, 903, 2.00, 52.87, 82.00, '55.10', 'UN', '2014-12-12 19:58:41', 'manasses', 1),
(788, 21, 904, 2.00, 52.87, 82.00, '55.10', 'UN', '2014-12-13 10:54:12', 'manasses', 1),
(789, 21, 780, 1.00, 52.87, 94.00, '77.79', 'UN', '2014-12-13 10:54:30', 'manasses', 1),
(790, 21, 905, 2.00, 52.87, 82.00, '55.10', 'UN', '2014-12-13 11:03:57', 'manasses', 1),
(791, 21, 906, 2.00, 52.87, 82.00, '55.10', 'UN', '2014-12-13 11:05:20', 'manasses', 1),
(792, 21, 907, 2.00, 52.87, 82.00, '55.10', 'UN', '2014-12-13 11:06:52', 'manasses', 1),
(793, 21, 908, 4.00, 14.58, 23.00, '57.75', 'UN', '2014-12-13 11:11:12', 'manasses', 1),
(794, 17, 542, 4.00, 2.10, 3.50, '66.67', 'UN', '2014-12-15 18:15:52', 'francis', 1),
(795, 18, 895, 1.00, 159.90, 175.80, '9.94', 'UN', '2014-12-15 20:02:13', 'francis', 1),
(796, 15, 729, 2.00, 5.57, 7.80, '40.04', 'UN', '2014-12-16 14:03:09', 'francis', 1),
(797, 15, 909, 4.00, 19.88, 26.00, '30.78', 'UN', '2014-12-17 17:51:09', 'manasses', 1),
(798, 15, 629, 8.00, 26.18, 39.30, '50.11', 'UN', '2014-12-17 17:54:12', 'manasses', 1),
(799, 15, 816, 4.00, 55.21, 80.00, '44.90', 'UN', '2014-12-17 18:03:09', 'manasses', 1),
(800, 15, 522, 6.00, 9.89, 13.75, '39.03', 'UN', '2014-12-17 18:04:29', 'manasses', 1),
(801, 15, 910, 6.00, 10.31, 13.45, '30.46', 'UN', '2014-12-17 18:10:29', 'manasses', 1),
(802, 15, 670, 6.00, 9.37, 13.45, '43.54', 'UN', '2014-12-17 18:11:48', 'manasses', 1),
(803, 15, 525, 4.00, 17.44, 23.50, '34.75', 'UN', '2014-12-17 18:15:45', 'manasses', 1),
(804, 15, 865, 2.00, 43.25, 64.90, '50.06', 'UN', '2014-12-17 18:16:47', 'manasses', 1),
(805, 18, 843, 12.00, 1.59, 3.50, '120.13', 'UN', '2014-12-17 18:26:45', 'manasses', 1),
(806, 18, 644, 12.00, 3.10, 3.50, '12.90', 'UN', '2014-12-17 18:27:06', 'manasses', 1),
(807, 17, 542, 12.00, 2.10, 3.50, '66.67', 'UN', '2014-12-17 18:27:58', 'manasses', 1),
(808, 18, 831, 12.00, 1.57, 3.50, '122.93', 'UN', '2014-12-17 18:28:37', 'manasses', 1),
(809, 19, 814, 1.00, 52.67, 75.24, '42.85', 'UN', '2014-12-18 11:30:29', 'francis', 1),
(810, 15, 510, 2.00, 9.59, 13.45, '40.25', 'UN', '2014-12-18 12:49:28', 'francis', 1),
(811, 15, 523, 1.00, 7.17, 10.00, '39.47', 'UN', '2014-12-18 12:49:44', 'francis', 1),
(812, 18, 911, 1.00, 69.89, 85.00, '21.62', 'UN', '2014-12-18 15:43:22', 'manasses', 1),
(813, 18, 912, 1.00, 69.89, 85.00, '21.62', 'UN', '2014-12-18 15:44:29', 'manasses', 1),
(814, 18, 913, 1.00, 69.89, 85.00, '21.62', 'UN', '2014-12-18 15:45:34', 'manasses', 1),
(815, 14, 506, 2.00, 23.50, 34.00, '44.68', 'UN', '2014-12-19 10:39:10', 'francis', 1),
(816, 19, 914, 1.00, 25.00, 34.00, '36.00', 'UN', '2014-12-19 15:02:08', 'francis', 1),
(817, 17, 551, 16.00, 5.00, 7.90, '58.00', 'UN', '2014-12-19 17:08:32', 'francis', 1),
(818, 21, 778, 10.00, 52.87, 94.00, '77.79', 'UN', '2014-12-19 17:21:15', 'francis', 1),
(819, 21, 915, 4.00, 14.90, 22.00, '47.65', 'UN', '2014-12-19 17:23:43', 'francis', 1),
(820, 15, 514, 6.00, 9.59, 13.45, '40.25', 'UN', '2014-12-19 17:24:04', 'francis', 1),
(821, 18, 697, 3.00, 6.32, 9.00, '42.41', 'UN', '2014-12-19 17:34:47', 'francis', 1),
(822, 18, 916, 1.00, 13.00, 15.00, '15.38', 'UN', '2014-12-19 17:36:04', 'francis', 1),
(823, 19, 654, 1.00, 149.42, 190.00, '27.16', 'UN', '2014-12-19 17:42:06', 'francis', 1),
(824, 15, 800, 5.00, 54.86, 78.90, '43.82', 'UN', '2014-12-19 18:24:04', 'francis', 1),
(825, 15, 594, 6.00, 7.24, 12.00, '65.75', 'UN', '2014-12-19 18:24:42', 'francis', 1),
(826, 15, 738, 4.00, 24.14, 36.25, '50.17', 'UN', '2014-12-19 18:25:32', 'francis', 1),
(827, 15, 676, 4.00, 24.14, 36.25, '50.17', 'UN', '2014-12-19 18:25:57', 'francis', 1),
(828, 15, 918, 4.00, 27.80, 39.30, '41.37', 'UN', '2014-12-19 18:32:34', 'francis', 1),
(829, 15, 920, 4.00, 27.80, 39.30, '41.37', 'UN', '2014-12-19 18:32:51', 'francis', 1),
(830, 15, 917, 4.00, 27.80, 39.30, '41.37', 'UN', '2014-12-19 18:33:05', 'francis', 1),
(831, 15, 919, 4.00, 27.80, 39.30, '41.37', 'UN', '2014-12-19 18:33:34', 'francis', 1),
(832, 15, 756, 6.00, 12.50, 17.50, '40.00', 'UN', '2014-12-19 18:34:14', 'francis', 1),
(833, 19, 702, 1.00, 42.11, 58.95, '39.99', 'UN', '2014-12-20 15:51:58', 'manasses', 1),
(834, 14, 921, 2.00, 23.50, 55.00, '134.04', 'UN', '2014-12-21 13:30:44', 'manasses', 1),
(835, 18, 822, 2.00, 1.99, 4.00, '101.01', 'UN', '2014-12-22 11:00:28', 'francis', 1),
(836, 17, 550, 24.00, 2.30, 3.20, '39.13', 'UN', '2014-12-22 12:22:53', 'francis', 1),
(837, 17, 549, 30.00, 2.50, 3.90, '56.00', 'UN', '2014-12-22 12:23:11', 'francis', 1),
(838, 19, 922, 1.00, 17.50, 19.50, '11.43', 'UN', '2014-12-22 12:29:26', 'francis', 1),
(839, 19, 923, 1.00, 42.11, 58.95, '39.99', 'UN', '2014-12-22 12:39:15', 'francis', 1),
(840, 15, 816, 1.00, 55.21, 80.00, '44.90', 'UN', '2014-12-23 11:06:02', 'francis', 1),
(841, 18, 839, 1.00, 2.48, 6.30, '154.03', 'UN', '2014-12-23 11:06:57', 'francis', 1),
(842, 19, 810, 3.00, 42.11, 58.95, '39.99', 'UN', '2014-12-23 17:04:27', 'francis', 1),
(843, 18, 861, 12.00, 3.39, 5.00, '47.49', 'UN', '2014-12-24 10:51:15', 'francis', 1),
(844, 18, 838, 24.00, 1.98, 5.00, '152.53', 'UN', '2014-12-24 10:52:08', 'francis', 1),
(845, 18, 613, 24.00, 9.65, 10.00, '3.63', 'UN', '2014-12-24 10:53:41', 'francis', 1),
(846, 14, 604, 2.00, 23.50, 34.00, '44.68', 'UN', '2014-12-24 11:58:18', 'francis', 1),
(847, 18, 860, 5.00, 33.77, 42.00, '24.37', 'UN', '2014-12-24 12:25:57', 'francis', 1),
(848, 14, 603, 40.00, 23.50, 34.00, '44.68', 'UN', '2014-12-26 16:52:52', 'francis', 1),
(849, 15, 758, 1.00, 10.19, 14.30, '40.33', 'UN', '2014-12-26 19:01:57', 'francis', 1),
(850, 14, 534, 30.00, 23.50, 34.00, '44.68', 'UN', '2014-12-27 10:14:26', 'manasses', 1),
(851, 14, 732, 30.00, 23.50, 34.00, '44.68', 'UN', '2014-12-27 11:33:00', 'manasses', 1),
(852, 17, 563, 9.00, 0.60, 0.90, '50.00', 'UN', '2014-12-27 13:08:57', 'manasses', 1);

-- --------------------------------------------------------

--
-- Estrutura para tabela `formapagamento`
--

CREATE TABLE IF NOT EXISTS `formapagamento` (
`formID` int(11) NOT NULL,
  `descricao` varchar(50) NOT NULL,
  `formAtivo` varchar(1) NOT NULL DEFAULT 'S'
) ENGINE=InnoDB  DEFAULT CHARSET=latin1 AUTO_INCREMENT=8 ;

--
-- Fazendo dump de dados para tabela `formapagamento`
--

INSERT INTO `formapagamento` (`formID`, `descricao`, `formAtivo`) VALUES
(1, 'Dinheiro', 'S'),
(2, 'Cartão (Crédito)', 'S'),
(3, 'Cartão (Débito)', 'S'),
(4, 'Cheque (com entrada)', 'S'),
(5, 'Cheque (sem entrada)', 'S'),
(6, 'Boleto', 'S'),
(7, 'Venda Vale', 'S');

-- --------------------------------------------------------

--
-- Estrutura para tabela `fornecedor`
--

CREATE TABLE IF NOT EXISTS `fornecedor` (
`fornecedorID` int(11) NOT NULL,
  `fornNomeFantasia` varchar(40) NOT NULL,
  `fornRazaoSocial` varchar(40) NOT NULL,
  `fornCnpj` varchar(20) NOT NULL,
  `fornInscEstadual` varchar(20) NOT NULL,
  `fornInscMunicipal` varchar(20) NOT NULL,
  `fornEndereco` varchar(40) NOT NULL,
  `fornNumero` varchar(6) NOT NULL,
  `fornBairro` varchar(50) NOT NULL,
  `fornCep` varchar(12) NOT NULL,
  `fornCidade` varchar(20) NOT NULL,
  `fornUf` varchar(2) NOT NULL,
  `fornComplemento` text NOT NULL,
  `fornContato` varchar(30) NOT NULL,
  `fornTelefone` varchar(14) NOT NULL,
  `fornFax` varchar(14) NOT NULL,
  `fornRadio` varchar(15) NOT NULL,
  `fornCelular` varchar(15) NOT NULL,
  `operadoraCelular` varchar(20) NOT NULL,
  `fornEmail` varchar(100) NOT NULL,
  `fornSite` varchar(100) NOT NULL,
  `fornAtivo` varchar(1) NOT NULL DEFAULT 'S',
  `fornData` timestamp NOT NULL DEFAULT CURRENT_TIMESTAMP,
  `fornUsuario` varchar(40) NOT NULL,
  `empresaID` int(11) NOT NULL
) ENGINE=InnoDB  DEFAULT CHARSET=latin1 AUTO_INCREMENT=22 ;

--
-- Fazendo dump de dados para tabela `fornecedor`
--

INSERT INTO `fornecedor` (`fornecedorID`, `fornNomeFantasia`, `fornRazaoSocial`, `fornCnpj`, `fornInscEstadual`, `fornInscMunicipal`, `fornEndereco`, `fornNumero`, `fornBairro`, `fornCep`, `fornCidade`, `fornUf`, `fornComplemento`, `fornContato`, `fornTelefone`, `fornFax`, `fornRadio`, `fornCelular`, `operadoraCelular`, `fornEmail`, `fornSite`, `fornAtivo`, `fornData`, `fornUsuario`, `empresaID`) VALUES
(14, 'Art & Cor', 'Isabel C. F. Caetano Tintas - ME', '19.092.548/0001-37', '441.064.070.113', '', 'Rua Joao Bordignon', '356', 'Jardim Cambui', '15990594', 'Matao', 'SP', '', 'Junior', '(16) 3384-3288', '', '', '(16) 3384-3288', 'VIVO', 'artcortintas27@gmail.com', 'http://', 'S', '2014-07-02 17:26:06', 'cadastro.Usuario@18d90a23', 1),
(15, 'Eucatex Distribuidora e Logística LTDA', 'Ereny Soares Sicupira EPP', '04.243.368/0001-31', '600.110.822.117', '', 'Rua Padre Celestino', '545', 'Centro', '07013100', 'Guarulhos', 'SP', '', 'Isadora', '(00) 0000-0000', '', '', '(19) 9985-30124', 'VIVO', 'postmaster@eucatex.com.br', 'http://www.eucatex.com.br', 'S', '2014-07-16 17:28:56', 'cadastro.Usuario@7f38ca98', 1),
(16, 'Forte em Midia Propaganda Ltda ME', 'Forte em Midia Propaganda Ltda Me', '12.750.405/0001-26', '', '', 'Rua Prudente de Moraes', '300', 'Jardim das Acacias', '13223400', 'VArzea Pta', 'SP', '', 'GEssé', '(11) 4596-0948', '', '', '(11) 9736-32768', 'VIVO', '', 'http://', 'S', '2014-08-12 14:19:20', 'cadastro.Usuario@1966fc90', 1),
(17, 'A Casa da Pintura', 'Nova ABC Distrib. de Tintas LTDA EPP', '06.131.826/0001-76', '635.574.027.114', '', 'Avenida Piraporinha', '1111', 'Planalto', '09891900', 'Sao B. do Campo', 'SP', 'Galpao 01', 'Patricia de Souza', '(11) 2789-9000', '(11) 2596-6677', '', '(11) 9436-78876', 'CLARO', 'patricia-scs@acasadapintura.com.br', 'http://www.nfe.fazenda.gov.br', 'S', '2014-08-13 11:56:33', 'cadastro.Usuario@37f082ba', 1),
(18, 'Art Cores Tintas', 'TGV Comerco de Tintas LTDA', '06.989.999/0001-20', '407.422.368.112', '', 'Avenida Fernando Arens', '171', 'Vila Arens II', '13202570', 'Jundiai', 'SP', '', 'Lucas ', '(11) 4817-0010', '', '', '', '', '', 'http://www.nfe.fazenda.gov.br', 'S', '2014-09-16 12:31:33', 'cadastro.Usuario@67e38ec8', 1),
(19, 'Distribuidora Paulista', 'Nogueira e Machado CTV Ltda', '62.389.135/0003-00', '600.141.597.119', '', 'rua o Saltense', '107', 'Julio Ustrito', '13323746', 'Salto', 'SP', '', 'Nilton', '(11) 4021-5079', '', '', '', '', '', 'http://', 'S', '2014-10-09 12:03:43', 'cadastro.Usuario@3adcbc57', 1),
(20, 'Mactra', 'Mactra Industria e Com. Ltda', '96.216.148/0001-37', '382.125.890.115', '', 'EST. M. BEEDITO REGAGNIN', '660', 'SERRINHA', '13254741', 'ITATIBA', 'SP', '', 'CECILIA', '(11) 4538-7744', '', '', '', '', '', 'http://', 'S', '2014-11-01 01:44:08', 'cadastro.Usuario@4ea17876', 1),
(21, 'Maza', 'Maza Produtos Quimicos LTDA', '96.230.719/0001-98', '453.035.568.110', '', 'Rua: Jose Oleto', '1140', 'Distrito Industrial II', '13739070', 'Mococa', 'SP', '', 'Silas', '(00) 0000-0000', '', '', '', '', '', 'http://www.nfe.fazenda.gov.br', 'S', '2014-11-07 13:51:51', 'cadastro.Usuario@2bbeb556', 1);

-- --------------------------------------------------------

--
-- Estrutura para tabela `funcionario`
--

CREATE TABLE IF NOT EXISTS `funcionario` (
`funcionarioID` int(11) NOT NULL,
  `cargoID` int(11) NOT NULL,
  `funcionarioNome` varchar(50) NOT NULL,
  `funcionarioNascimento` date NOT NULL,
  `funcionarioRg` varchar(20) NOT NULL,
  `funcionarioCpf` varchar(20) NOT NULL,
  `funcionarioEndereco` varchar(50) NOT NULL,
  `funcionarioNumero` varchar(10) NOT NULL,
  `funcionarioBairro` varchar(50) NOT NULL,
  `funcionarioCep` varchar(15) NOT NULL,
  `funcionarioCidade` varchar(40) NOT NULL,
  `funcionarioUf` varchar(2) NOT NULL,
  `funcionarioComplemento` varchar(100) NOT NULL,
  `funcionarioTelefone` varchar(15) NOT NULL,
  `funcionarioCelular` varchar(15) NOT NULL,
  `operadoraCelular` varchar(30) NOT NULL,
  `funcionarioEmail` varchar(100) NOT NULL,
  `funcionarioData` timestamp NOT NULL DEFAULT CURRENT_TIMESTAMP,
  `funcionarioUsuario` varchar(40) NOT NULL,
  `funcionarioAtivo` varchar(1) NOT NULL DEFAULT 'S',
  `empresaID` int(11) NOT NULL
) ENGINE=InnoDB  DEFAULT CHARSET=latin1 AUTO_INCREMENT=15 ;

--
-- Fazendo dump de dados para tabela `funcionario`
--

INSERT INTO `funcionario` (`funcionarioID`, `cargoID`, `funcionarioNome`, `funcionarioNascimento`, `funcionarioRg`, `funcionarioCpf`, `funcionarioEndereco`, `funcionarioNumero`, `funcionarioBairro`, `funcionarioCep`, `funcionarioCidade`, `funcionarioUf`, `funcionarioComplemento`, `funcionarioTelefone`, `funcionarioCelular`, `operadoraCelular`, `funcionarioEmail`, `funcionarioData`, `funcionarioUsuario`, `funcionarioAtivo`, `empresaID`) VALUES
(10, 3, 'Francis Daniele Maciel ', '1997-12-10', '55.250.717-9', '460.696.428-64', 'Rua Jaguariuna', '211', 'Jardim America 2', '13221500', 'Várzea Paulista', 'SP', '', '(11) 4596-6297', '(11) 9746-10141', 'VIVO', 'fran_dani99@hotmail.com', '2014-07-02 17:13:57', 'noeltintas', 'S', 1),
(12, 4, 'Noel Maciel de Gois', '1955-11-13', '105639424', '003.282.858-62', 'Rua: Angicos', '147', 'Jardim America 2', '13221490', 'Varzea paulista', 'SP', '', '(11) 4595-5735', '(11) 9705-55750', 'CLARO', 'noel.tintas@hotmail.com', '2014-07-08 14:56:52', 'francis', 'S', 1),
(13, 7, 'Manassés Maciel de Gois', '1982-08-17', '401626751', '216.487.698-96', 'Rua dos Angicos', '147', 'Jardim America 2', '13221490', 'Várzea Paulista', 'SP', '', '(11) 4595-5735', '(11) 9748-68949', 'VIVO', 'mm.gois@outlook.com', '2014-08-14 19:55:14', 'francis', 'S', 1);

-- --------------------------------------------------------

--
-- Estrutura para tabela `lancamentos`
--

CREATE TABLE IF NOT EXISTS `lancamentos` (
`lancamentoID` int(11) NOT NULL,
  `receberID` int(11) DEFAULT NULL,
  `pagarID` int(11) DEFAULT NULL,
  `vendaID` int(11) DEFAULT NULL,
  `transferenciaID` int(11) DEFAULT NULL,
  `contaPagarID` int(11) DEFAULT NULL,
  `livroID` int(11) NOT NULL,
  `formID` int(11) NOT NULL,
  `valor` float(10,2) NOT NULL,
  `desconto` float(10,2) DEFAULT NULL,
  `acrescimo` float(10,2) DEFAULT NULL,
  `data` timestamp NOT NULL DEFAULT CURRENT_TIMESTAMP ON UPDATE CURRENT_TIMESTAMP,
  `favorecido` text,
  `observacao` text,
  `tipo` varchar(1) NOT NULL COMMENT 'Ou ''R'' de Recebido Ou ''P'' de Pago Ou ''D'' de Deposito Ou ''T'' de Transferencia Ou ''C'' de Cheque sem Fundo Ou ''S'' de Servico',
  `usuario` varchar(50) NOT NULL,
  `empresaID` int(11) NOT NULL
) ENGINE=InnoDB  DEFAULT CHARSET=latin1 AUTO_INCREMENT=849 ;

--
-- Fazendo dump de dados para tabela `lancamentos`
--

INSERT INTO `lancamentos` (`lancamentoID`, `receberID`, `pagarID`, `vendaID`, `transferenciaID`, `contaPagarID`, `livroID`, `formID`, `valor`, `desconto`, `acrescimo`, `data`, `favorecido`, `observacao`, `tipo`, `usuario`, `empresaID`) VALUES
(1, 1, NULL, 1, NULL, NULL, 1, 1, 670.00, NULL, NULL, '2014-07-02 17:49:51', NULL, NULL, 'R', 'francis', 1),
(2, 5, NULL, 5, NULL, NULL, 1, 1, 42.00, NULL, NULL, '2014-07-02 17:57:03', NULL, NULL, 'R', 'francis', 1),
(3, 6, NULL, 865, NULL, NULL, 1, 7, 668.00, 0.00, 0.00, '2014-07-02 18:28:45', NULL, '', 'S', 'francis', 1),
(4, NULL, 1, NULL, NULL, 1, 1, 1, 50.00, 0.00, 0.00, '2014-07-02 18:31:30', 'gasolina', '', 'P', 'francis', 1),
(5, NULL, NULL, NULL, 1, NULL, 1, 1, 600.00, NULL, NULL, '2014-07-02 18:36:22', NULL, NULL, 'T', 'francis', 1),
(6, NULL, NULL, NULL, 1, NULL, 6, 1, 600.00, NULL, NULL, '2014-07-02 18:36:22', NULL, NULL, 'D', 'francis', 1),
(7, NULL, 2, NULL, NULL, 2, 1, 1, 200.00, 0.00, 0.00, '2014-07-02 18:38:28', 'Karoliny', 'vale ', 'P', 'francis', 1),
(8, 7, NULL, 866, NULL, NULL, 1, 1, 10.00, NULL, NULL, '2014-07-02 18:53:03', NULL, NULL, 'S', 'francis', 1),
(9, 2, NULL, 3, NULL, NULL, 6, 2, 80.00, 4.00, 0.00, '2014-07-02 18:56:15', NULL, 'valor total com desconto ', 'R', 'francis', 1),
(10, 3, NULL, 4, NULL, NULL, 1, 2, 19.00, 2.00, 0.00, '2014-07-02 18:56:40', NULL, 'valor taota com desconto', 'R', 'francis', 1),
(11, NULL, 10, NULL, NULL, 5, 7, 4, 250.00, 0.00, 0.00, '2014-07-11 13:12:57', 'Borracharia', '2 Pneus', 'P', 'francis', 1),
(12, NULL, 18, NULL, NULL, 8, 1, 1, 280.00, 0.00, 0.00, '2014-07-18 11:06:15', ' honorário', '', 'P', 'karoliny', 1),
(13, 8, NULL, 8, NULL, NULL, 1, 1, 26.90, NULL, NULL, '2014-07-24 14:36:23', NULL, NULL, 'R', 'karoliny', 1),
(14, NULL, 64, NULL, NULL, 19, 7, 6, 625.00, 0.00, 0.00, '2014-07-26 11:42:38', 'Gesse', 'Pago com o dinheiro de uma m&#227;o de obra !', 'P', 'karoliny', 1),
(15, NULL, 121, NULL, NULL, 30, 7, 6, 275.00, 0.00, 0.00, '2014-07-29 12:00:32', 'Gráfica Blantes', '', 'P', 'karoliny', 1),
(16, NULL, 122, NULL, NULL, 31, 7, 4, 510.00, 0.00, 0.00, '2014-08-05 11:15:08', 'Art-Cor', 'pago ', 'P', 'francis', 1),
(17, NULL, 79, NULL, NULL, 24, 7, 4, 500.00, 0.00, 0.00, '2014-08-05 14:59:28', 'Borracharia', 'pago ', 'P', 'francis', 1),
(18, NULL, 100, NULL, NULL, 28, 7, 6, 639.72, 0.00, 0.00, '2014-08-12 15:01:33', 'Eucatex Distribuidora Logistica', 'Senhor Noel já pagou ', 'P', 'karoliny', 1),
(19, NULL, 80, NULL, NULL, 25, 7, 4, 344.00, 0.00, 0.00, '2014-08-12 17:05:54', 'Casa do Pintor', 'pago dinheiro no banco', 'P', 'francis', 1),
(20, 9, NULL, 9, NULL, NULL, 1, 1, 8.50, NULL, NULL, '2014-08-15 18:05:41', NULL, NULL, 'R', 'karoliny', 1),
(21, NULL, 110, NULL, NULL, 29, 7, 6, 280.00, 0.00, 0.00, '2014-08-18 17:26:16', 'Contadora', 'pago', 'P', 'francis ', 1),
(22, NULL, 101, NULL, NULL, 28, 7, 6, 639.72, 0.00, 0.00, '2014-08-20 17:14:01', 'Eucatex Distribuidora Logistica', 'pago', 'P', 'francis', 1),
(23, 10, NULL, 10, NULL, NULL, 1, 1, 1.90, NULL, NULL, '2014-08-22 11:56:00', NULL, NULL, 'R', 'karoliny', 1),
(24, 11, NULL, 11, NULL, NULL, 1, 1, 11.30, NULL, NULL, '2014-08-23 12:14:29', NULL, NULL, 'R', 'karoliny', 1),
(25, NULL, 65, NULL, NULL, 19, 1, 6, 625.00, 0.00, 0.00, '2014-08-25 17:44:15', 'Gesse', 'Pago em dinheiro ', 'P', 'francis', 1),
(26, NULL, 102, NULL, NULL, 28, 1, 6, 639.72, 0.00, 0.00, '2014-08-26 19:39:14', 'Eucatex Distribuidora Logistica', 'pago em dinheiro ', 'P', 'francis ', 1),
(27, 12, NULL, 6, NULL, NULL, 1, 1, 8.50, NULL, NULL, '2014-09-01 20:45:45', NULL, NULL, 'R', 'francis', 1),
(28, NULL, 77, NULL, NULL, 23, 7, 4, 2130.00, 0.00, 0.00, '2014-09-03 11:30:40', 'Tal-Cor', 'Foi pago', 'P', 'karoliny', 1),
(29, 13, NULL, 13, NULL, NULL, 1, 1, 8.50, NULL, NULL, '2014-09-03 17:31:51', NULL, NULL, 'R', 'francis', 1),
(30, 14, NULL, 12, NULL, NULL, 1, 1, 12.00, NULL, NULL, '2014-09-04 11:35:30', NULL, NULL, 'R', 'karoliny', 1),
(31, 15, NULL, 15, NULL, NULL, 1, 1, 2.00, NULL, NULL, '2014-09-05 11:40:16', NULL, NULL, 'R', 'karoliny', 1),
(32, 16, NULL, 14, NULL, NULL, 1, 1, 9.00, NULL, NULL, '2014-09-05 18:05:49', NULL, NULL, 'R', 'francis', 1),
(33, 17, NULL, 16, NULL, NULL, 1, 1, 14.75, NULL, NULL, '2014-09-08 13:38:15', NULL, NULL, 'R', 'karoliny', 1),
(34, 18, NULL, 17, NULL, NULL, 1, 1, 96.00, NULL, NULL, '2014-09-11 18:19:26', NULL, NULL, 'R', 'francis', 1),
(35, 20, NULL, 20, NULL, NULL, 1, 1, 62.00, NULL, NULL, '2014-09-13 13:56:03', NULL, NULL, 'R', 'francis', 1),
(36, 22, NULL, 23, NULL, NULL, 1, 1, 20.00, NULL, NULL, '2014-09-16 17:30:18', NULL, NULL, 'R', 'francis', 1),
(37, 25, NULL, 22, NULL, NULL, 1, 1, 29.85, NULL, NULL, '2014-09-17 14:35:40', NULL, NULL, 'R', 'karoliny', 1),
(38, 26, NULL, 25, NULL, NULL, 1, 1, 13.45, NULL, NULL, '2014-09-17 17:51:00', NULL, NULL, 'R', 'francis', 1),
(39, NULL, 104, NULL, NULL, 29, 6, 6, 280.00, 0.00, 0.00, '2014-09-18 11:43:21', 'Contadora', '', 'P', 'manasses', 1),
(40, 27, NULL, 26, NULL, NULL, 1, 1, 59.75, NULL, NULL, '2014-09-18 14:50:22', NULL, NULL, 'R', 'karoliny', 1),
(41, 28, NULL, 29, NULL, NULL, 1, 1, 132.50, NULL, NULL, '2014-09-18 15:42:40', NULL, NULL, 'R', 'manasses', 1),
(42, 31, NULL, 28, NULL, NULL, 1, 1, 32.00, NULL, NULL, '2014-09-19 15:05:06', NULL, NULL, 'R', 'karoliny', 1),
(43, 32, NULL, 30, NULL, NULL, 1, 1, 140.00, NULL, NULL, '2014-09-19 17:50:13', NULL, NULL, 'R', 'francis', 1),
(44, 33, NULL, 32, NULL, NULL, 1, 1, 26.00, NULL, NULL, '2014-09-19 17:55:23', NULL, NULL, 'R', 'francis', 1),
(45, NULL, 123, NULL, NULL, 32, 6, 6, 566.27, 0.00, 0.00, '2014-09-19 18:58:13', 'Eucatex Distribuiç&#227;o e Logistica', '', 'P', 'francis', 1),
(46, 35, NULL, 34, NULL, NULL, 1, 1, 9.00, NULL, NULL, '2014-09-19 19:47:56', NULL, NULL, 'R', 'francis', 1),
(47, NULL, 136, NULL, NULL, 37, 6, 4, 600.00, 0.00, 0.00, '2014-09-22 12:24:19', 'Marcos', 'Pago', 'P', 'karoliny', 1),
(48, 37, NULL, 36, NULL, NULL, 1, 1, 183.00, NULL, NULL, '2014-09-22 17:27:15', NULL, NULL, 'R', 'francis', 1),
(49, 39, NULL, 31, NULL, NULL, 1, 1, 54.00, NULL, NULL, '2014-09-23 11:43:23', NULL, NULL, 'R', 'karoliny', 1),
(50, 40, NULL, 868, NULL, NULL, 1, 1, 1500.00, NULL, NULL, '2014-09-23 17:05:12', NULL, NULL, 'S', 'manasses', 1),
(51, 43, NULL, 38, NULL, NULL, 1, 1, 13.75, NULL, NULL, '2014-09-23 17:29:29', NULL, NULL, 'R', 'francis', 1),
(52, 44, NULL, 41, NULL, NULL, 1, 1, 89.50, NULL, NULL, '2014-09-23 17:36:38', NULL, NULL, 'R', 'manasses', 1),
(53, 46, NULL, 867, NULL, NULL, 1, 1, 104.80, NULL, NULL, '2014-09-24 11:26:03', NULL, NULL, 'S', 'manasses', 1),
(54, 45, NULL, 40, NULL, NULL, 6, 3, 102.00, 0.00, 0.00, '2014-09-24 20:21:07', NULL, '  pago', 'R', 'francis', 1),
(55, NULL, 66, NULL, NULL, 19, 6, 6, 625.00, 0.00, 0.00, '2014-09-25 20:51:43', 'Gesse', 'Pago', 'P', 'francis', 1),
(56, NULL, 151, NULL, NULL, 43, 1, 1, 210.00, 0.00, 0.00, '2014-09-26 18:35:26', 'Karoline', '', 'P', 'francis', 1),
(57, NULL, 152, NULL, NULL, 44, 1, 1, 210.00, 0.00, 0.00, '2014-09-26 18:36:14', 'Francis', '', 'P', 'francis', 1),
(58, NULL, 153, NULL, NULL, 45, 1, 1, 200.00, 0.00, 0.00, '2014-09-26 18:36:28', 'Marcos', '', 'P', 'francis', 1),
(59, NULL, 154, NULL, NULL, 46, 1, 1, 100.00, 0.00, 0.00, '2014-09-26 18:36:46', 'Joaquim', '', 'P', 'francis', 1),
(60, 49, NULL, 45, NULL, NULL, 1, 1, 19.00, NULL, NULL, '2014-09-29 16:37:53', NULL, NULL, 'R', 'manasses', 1),
(61, 51, NULL, 44, NULL, NULL, 1, 1, 54.00, NULL, NULL, '2014-09-29 18:36:46', NULL, NULL, 'R', 'francis', 1),
(62, 48, NULL, 42, NULL, NULL, 1, 7, 45.00, 0.00, 0.00, '2014-09-29 19:12:15', NULL, '', 'R', 'francis', 1),
(63, NULL, NULL, NULL, 2, NULL, 6, 1, -1289.27, NULL, NULL, '2014-09-29 20:14:22', NULL, NULL, 'T', 'manasses', 1),
(64, NULL, NULL, NULL, 2, NULL, 8, 1, -1289.27, NULL, NULL, '2014-09-29 20:14:22', NULL, NULL, 'D', 'manasses', 1),
(65, NULL, 155, NULL, NULL, 47, 1, 1, 916.53, 0.00, 0.00, '2014-09-29 20:21:56', 'Acerto de saldo do caixa da loja', 'Acerto do saldo caixa da loja.', 'P', 'manasses', 1),
(66, NULL, 156, NULL, NULL, 48, 9, 4, 180.00, 0.00, 0.00, '2014-09-30 14:27:07', 'Grafica Artgraf', '', 'P', 'manasses', 1),
(67, 53, NULL, 48, NULL, NULL, 1, 1, 46.50, NULL, NULL, '2014-09-30 15:27:37', NULL, NULL, 'R', 'manasses', 1),
(68, 54, NULL, 49, NULL, NULL, 1, 1, 2.80, NULL, NULL, '2014-09-30 21:52:22', NULL, NULL, 'R', 'manasses', 1),
(69, 50, NULL, 45, NULL, NULL, 1, 7, 9.00, 0.90, 0.00, '2014-10-01 10:45:41', NULL, '', 'R', 'manasses', 1),
(70, 55, NULL, 870, NULL, NULL, 9, 2, 760.00, 0.00, 0.00, '2014-10-01 10:54:31', NULL, 'Recebimento do cart&#227;o de crédito antecipado', 'S', 'manasses', 1),
(71, NULL, 157, NULL, NULL, 49, 9, 6, 99.00, 0.00, 0.00, '2014-10-01 10:58:56', 'Satélite com eletr. inf. ltda ME', 'Satelite caminhonete', 'P', 'manasses', 1),
(72, NULL, 161, NULL, NULL, 50, 9, 6, 135.03, 0.00, 0.00, '2014-10-01 12:46:25', 'Juros e tarifas máquina Cart&#227;o', 'Juros e tarifas das vendas cart&#227;o crédito/débito', 'P', 'manasses', 1),
(73, 52, NULL, 46, NULL, NULL, 9, 3, 55.50, 0.00, 0.00, '2014-10-01 12:47:58', NULL, '', 'R', 'manasses', 1),
(74, NULL, 162, NULL, NULL, 51, 9, 6, 675.59, 0.00, 0.00, '2014-10-01 12:48:26', 'Fatura Cart&#227;o Panamericano', '', 'P', 'manasses', 1),
(75, 57, NULL, 51, NULL, NULL, 1, 1, 139.90, NULL, NULL, '2014-10-01 16:41:35', NULL, NULL, 'R', 'manasses', 1),
(76, 58, NULL, 52, NULL, NULL, 1, 1, 190.00, NULL, NULL, '2014-10-02 13:29:41', NULL, NULL, 'R', 'manasses', 1),
(77, NULL, 78, NULL, NULL, 23, 1, 4, 2130.00, 0.00, 0.00, '2014-10-03 11:10:05', 'Tal-Cor', 'Ch. banco do brasil', 'P', 'manasses', 1),
(78, NULL, 163, NULL, NULL, 52, 1, 1, 425.00, 100.00, 0.00, '2014-10-03 18:13:21', 'Joaquim', 'recebeu de vale 100,00 ', 'P', 'francis', 1),
(79, NULL, 164, NULL, NULL, 53, 1, 1, 710.00, 250.00, 0.00, '2014-10-03 18:14:01', 'Marcos', 'recebeu 250,00 de vale ', 'P', 'francis', 1),
(80, NULL, 165, NULL, NULL, 54, 1, 1, 100.00, 0.00, 0.00, '2014-10-03 18:14:33', 'Francis', '', 'P', 'francis', 1),
(81, 62, NULL, 53, NULL, NULL, 1, 1, 7.10, NULL, NULL, '2014-10-06 12:34:39', NULL, NULL, 'R', 'manasses', 1),
(82, 65, NULL, 56, NULL, NULL, 1, 1, 35.00, NULL, NULL, '2014-10-08 17:05:28', NULL, NULL, 'R', 'manasses', 1),
(83, 47, NULL, 43, NULL, NULL, 1, 7, 115.00, 0.00, 0.00, '2014-10-08 17:40:38', NULL, 'Pago pelo filho dela mais velho', 'R', 'francis', 1),
(84, 68, NULL, 58, NULL, NULL, 1, 1, 24.45, NULL, NULL, '2014-10-09 20:58:29', NULL, NULL, 'R', 'francis', 1),
(85, NULL, 132, NULL, NULL, 35, 9, 4, 2758.50, 0.00, 0.00, '2014-10-10 10:35:52', 'Tal - Cor ', '', 'P', 'manasses', 1),
(86, NULL, 176, NULL, NULL, 57, 9, 1, 700.00, 0.00, 0.00, '2014-10-10 10:36:21', 'Amado José Silveira', '', 'P', 'manasses', 1),
(87, 69, NULL, 59, NULL, NULL, 1, 1, 60.00, NULL, NULL, '2014-10-10 15:11:49', NULL, NULL, 'R', 'manasses', 1),
(88, 56, NULL, 50, NULL, NULL, 1, 7, 108.00, 1.40, 0.00, '2014-10-11 11:31:23', NULL, 'coloquei o valor do desconto na de 198,40 ja com 1,40 ', 'R', 'francis', 1),
(89, 59, NULL, 869, NULL, NULL, 1, 6, 946.32, 0.00, 0.00, '2014-10-11 11:31:54', NULL, '', 'S', 'francis', 1),
(90, 63, NULL, 54, NULL, NULL, 1, 7, 42.00, 0.00, 0.00, '2014-10-11 11:32:16', NULL, '', 'R', 'francis', 1),
(91, 64, NULL, 55, NULL, NULL, 1, 7, 150.00, 0.00, 0.00, '2014-10-11 11:32:45', NULL, '', 'R', 'francis', 1),
(92, NULL, 135, NULL, NULL, 36, 9, 1, 120.00, 0.00, 0.00, '2014-10-11 14:26:35', 'Borracharia', '', 'P', 'manasses', 1),
(93, 66, NULL, 47, NULL, NULL, 9, 3, 48.70, 0.00, 0.00, '2014-10-11 14:29:48', NULL, '', 'R', 'manasses', 1),
(94, 73, NULL, 39, NULL, NULL, 1, 1, 38.80, NULL, NULL, '2014-10-13 11:20:36', NULL, NULL, 'R', 'karoliny', 1),
(95, NULL, 137, NULL, NULL, 38, 9, 6, 283.94, 0.00, 0.00, '2014-10-13 20:28:40', 'ArtCores Tintas', '', 'P', 'manasses', 1),
(96, NULL, 198, NULL, NULL, 61, 1, 1, 141.92, 0.00, 0.00, '2014-10-13 20:31:48', 'Art Cor Comercio de Tintas Ltda', '', 'P', 'manasses', 1),
(97, NULL, 199, NULL, NULL, 62, 1, 1, 40.00, 0.00, 0.00, '2014-10-13 20:32:36', 'Mix Publicidade e Propaganda', '', 'P', 'manasses', 1),
(98, NULL, 200, NULL, NULL, 63, 1, 1, 20.00, 0.00, 0.00, '2014-10-13 20:33:16', 'Posto JP - Celta', '', 'P', 'manasses', 1),
(99, 23, NULL, 24, NULL, NULL, 9, 6, 454.19, 0.00, 0.00, '2014-10-14 17:21:00', NULL, '', 'R', 'manasses', 1),
(100, NULL, 168, NULL, NULL, 56, 9, 6, 155.00, 0.00, 0.00, '2014-10-14 17:35:14', 'Forte System', '', 'P', 'manasses', 1),
(101, NULL, 201, NULL, NULL, 64, 9, 6, 31.90, 0.00, 0.00, '2014-10-14 17:36:51', 'Vivo Celular Vera', '', 'P', 'manasses', 1),
(102, NULL, 202, NULL, NULL, 65, 9, 6, 46.75, 0.00, 0.00, '2014-10-14 17:37:21', 'CPFL ', '', 'P', 'manasses', 1),
(103, 74, NULL, 65, NULL, NULL, 9, 3, 93.60, 0.00, 0.00, '2014-10-16 10:48:24', NULL, '', 'R', 'manasses', 1),
(104, 77, NULL, 68, NULL, NULL, 1, 7, 115.00, 0.00, 0.00, '2014-10-16 19:27:07', NULL, 'Pago', 'R', 'francis', 1),
(105, NULL, 124, NULL, NULL, 32, 9, 6, 566.27, 0.00, 0.00, '2014-10-16 20:44:17', 'Eucatex Distribuiç&#227;o e Logistica', '', 'P', 'manasses', 1),
(106, NULL, 140, NULL, NULL, 39, 9, 6, 649.00, 0.00, 0.00, '2014-10-16 20:44:28', 'Eucatex Distribuiç&#227;o e Logistica', '', 'P', 'manasses', 1),
(107, 78, NULL, 66, NULL, NULL, 1, 1, 84.00, NULL, NULL, '2014-10-17 12:34:35', NULL, NULL, 'R', 'karoliny', 1),
(108, 41, NULL, 868, NULL, NULL, 1, 5, 750.00, 0.00, 0.00, '2014-10-17 16:41:50', NULL, '', 'S', 'manasses', 1),
(109, NULL, 203, NULL, NULL, 66, 1, 1, 1000.00, 0.00, 0.00, '2014-10-17 16:45:22', 'Marcos', '', 'P', 'manasses', 1),
(110, NULL, 204, NULL, NULL, 67, 1, 1, 650.00, 0.00, 0.00, '2014-10-17 16:45:36', 'Joaquim', '', 'P', 'manasses', 1),
(111, NULL, 205, NULL, NULL, 68, 1, 1, 175.00, 0.00, 0.00, '2014-10-17 16:45:47', 'Francis', '', 'P', 'manasses', 1),
(112, 80, NULL, 71, NULL, NULL, 1, 1, 12.00, NULL, NULL, '2014-10-17 20:40:21', NULL, NULL, 'R', 'francis', 1),
(113, 81, NULL, 70, NULL, NULL, 1, 1, 26.35, NULL, NULL, '2014-10-18 13:16:28', NULL, NULL, 'R', 'karoliny', 1),
(114, 82, NULL, 73, NULL, NULL, 1, 1, 30.00, NULL, NULL, '2014-10-18 13:21:33', NULL, NULL, 'R', 'karoliny', 1),
(115, 79, NULL, 64, NULL, NULL, 9, 3, 84.00, 0.00, 0.00, '2014-10-20 11:08:11', NULL, '', 'R', 'manasses', 1),
(116, NULL, 197, NULL, NULL, 60, 1, 6, 41.91, 0.00, 0.00, '2014-10-21 11:39:18', 'CGSN - Simples Nacional', '', 'P', 'manasses', 1),
(117, 84, NULL, 69, NULL, NULL, 1, 1, 34.00, NULL, NULL, '2014-10-21 15:37:14', NULL, NULL, 'R', 'manasses', 1),
(118, 85, NULL, 69, NULL, NULL, 9, 3, 0.00, 0.00, 0.00, '2014-10-23 10:33:23', NULL, '', 'R', 'manasses', 1),
(119, 71, NULL, 62, NULL, NULL, 9, 6, 117.30, 0.00, 0.00, '2014-10-23 10:35:20', NULL, '', 'R', 'manasses', 1),
(120, 75, NULL, 63, NULL, NULL, 9, 6, 176.40, 0.00, 0.00, '2014-10-23 10:35:30', NULL, '', 'R', 'manasses', 1),
(121, NULL, 149, NULL, NULL, 42, 9, 6, 163.27, 0.00, 0.00, '2014-10-23 19:46:43', 'ArtCores Tintas', '', 'P', 'francis', 1),
(122, 70, NULL, 61, NULL, NULL, 9, 2, 52.00, 0.00, 0.00, '2014-10-24 09:58:51', NULL, '', 'R', 'manasses', 1),
(123, NULL, 105, NULL, NULL, 29, 9, 6, 280.00, 0.00, 0.00, '2014-10-24 20:02:52', 'Contadora', '', 'P', 'manasses', 1),
(124, NULL, 212, NULL, NULL, 73, 9, 1, 200.00, 0.00, 0.00, '2014-10-24 20:03:00', 'Marcos', '', 'P', 'manasses', 1),
(125, NULL, 213, NULL, NULL, 74, 9, 1, 100.00, 0.00, 0.00, '2014-10-24 20:03:21', 'Joaquim', '', 'P', 'manasses', 1),
(126, NULL, 217, NULL, NULL, 78, 9, 1, 225.00, 0.00, 0.00, '2014-10-24 20:03:32', 'Karol', '', 'P', 'manasses', 1),
(127, NULL, 220, NULL, NULL, 81, 9, 1, 300.00, 0.00, 0.00, '2014-10-24 20:04:29', 'Débora', '', 'P', 'manasses', 1),
(128, 89, NULL, 75, NULL, NULL, 1, 1, 225.00, NULL, NULL, '2014-10-27 10:42:23', NULL, NULL, 'R', 'karoliny', 1),
(129, NULL, 214, NULL, NULL, 75, 9, 1, 210.00, 0.00, 0.00, '2014-10-27 19:23:28', 'Márcia', '', 'P', 'manasses', 1),
(130, NULL, 216, NULL, NULL, 77, 9, 1, 225.00, 0.00, 0.00, '2014-10-27 19:33:55', 'Francis', '', 'P', 'manasses', 1),
(131, 91, NULL, 81, NULL, NULL, 1, 1, 56.50, NULL, NULL, '2014-10-30 13:40:18', NULL, NULL, 'R', 'manasses', 1),
(132, 93, NULL, 78, NULL, NULL, 1, 1, 26.00, NULL, NULL, '2014-11-01 12:16:21', NULL, NULL, 'R', 'francis', 1),
(133, 94, NULL, 84, NULL, NULL, 1, 1, 38.95, NULL, NULL, '2014-11-01 12:31:24', NULL, NULL, 'R', 'francis', 1),
(134, 95, NULL, 86, NULL, NULL, 1, 1, 13.75, NULL, NULL, '2014-11-01 12:46:19', NULL, NULL, 'R', 'francis', 1),
(135, 96, NULL, 87, NULL, NULL, 1, 1, 150.00, NULL, NULL, '2014-11-01 12:58:15', NULL, NULL, 'R', 'francis', 1),
(136, 97, NULL, 88, NULL, NULL, 1, 1, 62.50, NULL, NULL, '2014-11-01 13:03:28', NULL, NULL, 'R', 'francis', 1),
(137, 98, NULL, 89, NULL, NULL, 1, 1, 60.00, NULL, NULL, '2014-11-01 13:08:14', NULL, NULL, 'R', 'francis', 1),
(138, 99, NULL, 90, NULL, NULL, 1, 1, 23.45, NULL, NULL, '2014-11-01 13:19:15', NULL, NULL, 'R', 'francis', 1),
(139, 101, NULL, 80, NULL, NULL, 1, 1, 64.00, NULL, NULL, '2014-11-01 14:05:57', NULL, NULL, 'R', 'karoliny', 1),
(140, 102, NULL, 93, NULL, NULL, 1, 1, 24.00, NULL, NULL, '2014-11-01 15:05:44', NULL, NULL, 'R', 'karoliny', 1),
(141, 106, NULL, 96, NULL, NULL, 1, 1, 49.00, NULL, NULL, '2014-11-01 15:49:03', NULL, NULL, 'R', 'manasses', 1),
(142, 108, NULL, 98, NULL, NULL, 1, 1, 99.00, NULL, NULL, '2014-11-01 16:44:52', NULL, NULL, 'R', 'manasses', 1),
(143, 109, NULL, 99, NULL, NULL, 1, 1, 20.00, NULL, NULL, '2014-11-01 17:22:57', NULL, NULL, 'R', 'manasses', 1),
(144, 110, NULL, 100, NULL, NULL, 1, 1, 7.00, NULL, NULL, '2014-11-01 18:45:02', NULL, NULL, 'R', 'manasses', 1),
(145, 112, NULL, 102, NULL, NULL, 1, 1, 195.00, NULL, NULL, '2014-11-01 20:22:31', NULL, NULL, 'R', 'manasses', 1),
(146, 113, NULL, 94, NULL, NULL, 1, 1, 25.00, NULL, NULL, '2014-11-03 11:03:49', NULL, NULL, 'R', 'karoliny', 1),
(147, 114, NULL, 104, NULL, NULL, 1, 1, 95.00, NULL, NULL, '2014-11-03 12:34:51', NULL, NULL, 'R', 'karoliny', 1),
(148, NULL, 218, NULL, NULL, 79, 1, 1, 570.00, 430.00, 0.00, '2014-11-03 14:47:49', 'Marcos', 'Ja foi descontado fatura cart&#227;o Rold&#227;o', 'P', 'manasses', 1),
(149, NULL, 219, NULL, NULL, 80, 1, 1, 500.00, 150.00, 0.00, '2014-11-03 14:48:26', 'Joaquim', '02 dias a menos de trabalho.', 'P', 'manasses', 1),
(150, 116, NULL, 92, NULL, NULL, 1, 1, 23.45, NULL, NULL, '2014-11-03 17:23:28', NULL, NULL, 'R', 'francis', 1),
(151, 117, NULL, 108, NULL, NULL, 1, 1, 87.00, NULL, NULL, '2014-11-03 17:29:53', NULL, NULL, 'R', 'francis', 1),
(152, 118, NULL, 109, NULL, NULL, 1, 1, 37.90, NULL, NULL, '2014-11-03 17:31:32', NULL, NULL, 'R', 'francis', 1),
(153, 119, NULL, 110, NULL, NULL, 1, 1, 496.00, NULL, NULL, '2014-11-03 18:00:42', NULL, NULL, 'R', 'francis', 1),
(154, 120, NULL, 111, NULL, NULL, 1, 1, 3.50, NULL, NULL, '2014-11-03 19:22:35', NULL, NULL, 'R', 'francis', 1),
(155, 122, NULL, 105, NULL, NULL, 1, 1, 5.90, NULL, NULL, '2014-11-04 10:48:20', NULL, NULL, 'R', 'karoliny', 1),
(156, 123, NULL, 114, NULL, NULL, 1, 1, 5.20, NULL, NULL, '2014-11-04 10:56:25', NULL, NULL, 'R', 'karoliny', 1),
(157, NULL, 227, NULL, NULL, 84, 9, 6, 1404.43, 0.00, 0.00, '2014-11-04 11:52:58', 'Cart&#227;o Panamerico', '', 'P', 'manasses', 1),
(158, NULL, 166, NULL, NULL, 55, 9, 6, 442.80, 0.00, 0.00, '2014-11-04 11:53:11', 'Eucatex Distribuiç&#227;o e Logistica', '', 'P', 'manasses', 1),
(159, NULL, 226, NULL, NULL, 83, 9, 6, 353.38, 0.00, 0.00, '2014-11-04 11:54:03', 'M Baladi /boticario', '', 'P', 'manasses', 1),
(160, NULL, 158, NULL, NULL, 49, 9, 6, 99.00, 0.00, 0.00, '2014-11-04 11:54:40', 'Satélite com eletr. inf. ltda ME', '', 'P', 'manasses', 1),
(161, 124, NULL, 115, NULL, NULL, 1, 1, 685.00, NULL, NULL, '2014-11-04 13:42:28', NULL, NULL, 'R', 'karoliny', 1),
(162, 126, NULL, 107, NULL, NULL, 1, 1, 235.00, NULL, NULL, '2014-11-04 14:12:41', NULL, NULL, 'R', 'manasses', 1),
(163, 128, NULL, 118, NULL, NULL, 1, 1, 15.60, NULL, NULL, '2014-11-04 16:00:01', NULL, NULL, 'R', 'manasses', 1),
(164, 129, NULL, 120, NULL, NULL, 1, 1, 18.10, NULL, NULL, '2014-11-04 19:19:46', NULL, NULL, 'R', 'francis', 1),
(165, 130, NULL, 121, NULL, NULL, 1, 1, 33.00, NULL, NULL, '2014-11-04 19:22:58', NULL, NULL, 'R', 'francis', 1),
(166, 131, NULL, 122, NULL, NULL, 1, 1, 15.80, NULL, NULL, '2014-11-04 19:24:34', NULL, NULL, 'R', 'francis', 1),
(167, 132, NULL, 123, NULL, NULL, 1, 1, 225.00, NULL, NULL, '2014-11-04 19:27:24', NULL, NULL, 'R', 'francis', 1),
(168, 134, NULL, 119, NULL, NULL, 1, 1, 25.45, NULL, NULL, '2014-11-05 15:24:08', NULL, NULL, 'R', 'manasses', 1),
(169, NULL, 191, NULL, NULL, 59, 9, 1, 51.80, 0.00, 0.00, '2014-11-05 15:28:32', 'Banco Itau Tarifa c-c', '', 'P', 'manasses', 1),
(170, 135, NULL, 125, NULL, NULL, 1, 1, 32.00, NULL, NULL, '2014-11-05 17:02:58', NULL, NULL, 'R', 'francis', 1),
(171, 136, NULL, 127, NULL, NULL, 1, 1, 10.00, NULL, NULL, '2014-11-05 17:52:21', NULL, NULL, 'R', 'francis', 1),
(172, 137, NULL, 128, NULL, NULL, 1, 1, 21.30, NULL, NULL, '2014-11-05 19:27:21', NULL, NULL, 'R', 'francis', 1),
(173, 138, NULL, 116, NULL, NULL, 1, 1, 10.00, NULL, NULL, '2014-11-06 10:36:06', NULL, NULL, 'R', 'karoliny', 1),
(174, 139, NULL, 130, NULL, NULL, 1, 1, 26.90, NULL, NULL, '2014-11-06 10:45:55', NULL, NULL, 'R', 'karoliny', 1),
(175, 141, NULL, 131, NULL, NULL, 1, 1, 100.00, NULL, NULL, '2014-11-06 11:08:35', NULL, NULL, 'R', 'karoliny', 1),
(176, 143, NULL, 133, NULL, NULL, 1, 1, 14.30, NULL, NULL, '2014-11-06 11:39:21', NULL, NULL, 'R', 'karoliny', 1),
(177, 144, NULL, 134, NULL, NULL, 1, 1, 13.45, NULL, NULL, '2014-11-06 11:49:07', NULL, NULL, 'R', 'karoliny', 1),
(178, 146, NULL, 136, NULL, NULL, 1, 1, 34.00, NULL, NULL, '2014-11-06 13:06:44', NULL, NULL, 'R', 'karoliny', 1),
(179, 147, NULL, 126, NULL, NULL, 1, 1, 11.70, NULL, NULL, '2014-11-06 15:55:52', NULL, NULL, 'R', 'MANASSES', 1),
(180, 148, NULL, 138, NULL, NULL, 1, 1, 40.00, NULL, NULL, '2014-11-06 15:56:30', NULL, NULL, 'R', 'MANASSES', 1),
(181, 149, NULL, 139, NULL, NULL, 1, 1, 3.50, NULL, NULL, '2014-11-06 15:57:05', NULL, NULL, 'R', 'MANASSES', 1),
(182, 150, NULL, 140, NULL, NULL, 1, 1, 57.15, NULL, NULL, '2014-11-06 15:57:57', NULL, NULL, 'R', 'MANASSES', 1),
(183, 151, NULL, 141, NULL, NULL, 1, 1, 37.30, NULL, NULL, '2014-11-06 16:08:11', NULL, NULL, 'R', 'MANASSES', 1),
(184, 152, NULL, 142, NULL, NULL, 1, 1, 4.00, NULL, NULL, '2014-11-06 16:11:34', NULL, NULL, 'R', 'MANASSES', 1),
(185, 153, NULL, 129, NULL, NULL, 1, 1, 3.85, NULL, NULL, '2014-11-06 16:41:12', NULL, NULL, 'R', 'francis', 1),
(186, 154, NULL, 144, NULL, NULL, 1, 1, 57.15, NULL, NULL, '2014-11-06 17:14:50', NULL, NULL, 'R', 'francis', 1),
(187, 155, NULL, 146, NULL, NULL, 1, 1, 2.30, NULL, NULL, '2014-11-06 17:38:18', NULL, NULL, 'R', 'francis', 1),
(188, 157, NULL, 148, NULL, NULL, 1, 1, 36.25, NULL, NULL, '2014-11-06 18:05:27', NULL, NULL, 'R', 'francis', 1),
(189, 158, NULL, 149, NULL, NULL, 1, 1, 9.30, NULL, NULL, '2014-11-06 18:09:43', NULL, NULL, 'R', 'francis', 1),
(190, 156, NULL, 147, NULL, NULL, 1, 7, 48.75, 0.00, 0.00, '2014-11-06 18:58:12', NULL, 'pago loja noemia', 'R', 'francis', 1),
(191, 160, NULL, 143, NULL, NULL, 1, 1, 12.50, NULL, NULL, '2014-11-07 15:13:57', NULL, NULL, 'R', 'manasses', 1),
(192, 161, NULL, 152, NULL, NULL, 1, 1, 10.00, NULL, NULL, '2014-11-07 15:51:03', NULL, NULL, 'R', 'manasses', 1),
(193, 162, NULL, 150, NULL, NULL, 1, 1, 34.00, NULL, NULL, '2014-11-07 17:27:05', NULL, NULL, 'R', 'francis', 1),
(194, 163, NULL, 154, NULL, NULL, 1, 1, 42.80, NULL, NULL, '2014-11-07 18:01:08', NULL, NULL, 'R', 'francis', 1),
(195, 164, NULL, 155, NULL, NULL, 1, 1, 26.95, NULL, NULL, '2014-11-07 18:46:53', NULL, NULL, 'R', 'francis', 1),
(196, 165, NULL, 156, NULL, NULL, 1, 1, 30.00, NULL, NULL, '2014-11-07 19:49:03', NULL, NULL, 'R', 'francis', 1),
(197, 166, NULL, 157, NULL, NULL, 1, 1, 10.00, NULL, NULL, '2014-11-07 19:55:50', NULL, NULL, 'R', 'francis', 1),
(198, 167, NULL, 153, NULL, NULL, 1, 1, 165.00, NULL, NULL, '2014-11-07 20:57:01', NULL, NULL, 'R', 'manasses', 1),
(199, NULL, 245, NULL, NULL, 88, 9, 4, 430.00, 0.00, 0.00, '2014-11-07 21:08:28', 'Marcos Calhas', '', 'P', 'manasses', 1),
(200, 169, NULL, 158, NULL, NULL, 1, 1, 52.00, NULL, NULL, '2014-11-08 11:07:34', NULL, NULL, 'R', 'francis', 1),
(201, 140, NULL, 130, NULL, NULL, 9, 3, 0.00, 0.00, 0.00, '2014-11-08 11:15:28', NULL, '', 'R', 'manasses', 1),
(202, 100, NULL, 91, NULL, NULL, 9, 3, 663.43, 0.00, 0.00, '2014-11-08 11:15:42', NULL, '', 'R', 'manasses', 1),
(203, 103, NULL, 83, NULL, NULL, 9, 3, 228.00, 0.00, 0.00, '2014-11-08 11:15:50', NULL, '', 'R', 'manasses', 1),
(204, 107, NULL, 97, NULL, NULL, 9, 3, 14.00, 0.00, 0.00, '2014-11-08 11:16:03', NULL, '', 'R', 'manasses', 1),
(205, 121, NULL, 112, NULL, NULL, 9, 3, 43.60, 0.00, 0.00, '2014-11-08 11:16:12', NULL, '', 'R', 'manasses', 1),
(206, 127, NULL, 117, NULL, NULL, 9, 3, 73.85, 0.00, 0.00, '2014-11-08 11:16:21', NULL, '', 'R', 'manasses', 1),
(207, 145, NULL, 135, NULL, NULL, 9, 3, 61.90, 0.00, 0.00, '2014-11-08 11:16:30', NULL, '', 'R', 'manasses', 1),
(208, 168, NULL, 153, NULL, NULL, 9, 4, 0.00, 0.00, 0.00, '2014-11-08 11:16:40', NULL, '', 'R', 'manasses', 1),
(209, 170, NULL, 160, NULL, NULL, 9, 3, 52.30, 0.00, 0.00, '2014-11-08 11:16:51', NULL, '', 'R', 'manasses', 1),
(210, 125, NULL, 115, NULL, NULL, 9, 2, 0.00, 0.00, 0.00, '2014-11-08 11:17:48', NULL, '', 'R', 'manasses', 1),
(211, 159, NULL, 137, NULL, NULL, 9, 2, 56.00, 0.00, 0.00, '2014-11-08 11:18:02', NULL, '', 'R', 'manasses', 1),
(212, 142, NULL, 132, NULL, NULL, 9, 2, 21.10, 0.00, 0.00, '2014-11-08 11:18:24', NULL, '', 'R', 'manasses', 1),
(213, 133, NULL, 124, NULL, NULL, 9, 2, 76.60, 0.00, 0.00, '2014-11-08 11:18:41', NULL, '', 'R', 'manasses', 1),
(214, 111, NULL, 101, NULL, NULL, 9, 2, 157.00, 0.00, 0.00, '2014-11-08 11:18:59', NULL, '', 'R', 'manasses', 1),
(215, 104, NULL, 95, NULL, NULL, 9, 2, 52.50, 0.00, 0.00, '2014-11-08 11:19:19', NULL, '', 'R', 'manasses', 1),
(216, 105, NULL, 95, NULL, NULL, 9, 2, 52.50, 0.00, 0.00, '2014-11-08 11:20:00', NULL, '', 'R', 'manasses', 1),
(217, 171, NULL, 161, NULL, NULL, 1, 1, 6.00, NULL, NULL, '2014-11-08 12:21:11', NULL, NULL, 'R', 'francis', 1),
(218, 172, NULL, 162, NULL, NULL, 1, 1, 2.90, NULL, NULL, '2014-11-08 12:22:42', NULL, NULL, 'R', 'francis', 1),
(219, 173, NULL, 163, NULL, NULL, 1, 1, 2.50, NULL, NULL, '2014-11-08 12:31:41', NULL, NULL, 'R', 'francis', 1),
(220, 175, NULL, 165, NULL, NULL, 1, 1, 31.75, NULL, NULL, '2014-11-08 13:39:29', NULL, NULL, 'R', 'francis', 1),
(221, 176, NULL, 166, NULL, NULL, 1, 1, 29.90, NULL, NULL, '2014-11-08 13:50:12', NULL, NULL, 'R', 'francis', 1),
(222, 177, NULL, 159, NULL, NULL, 1, 1, 9.30, NULL, NULL, '2014-11-08 14:58:58', NULL, NULL, 'R', 'MANASSES', 1),
(223, 178, NULL, 168, NULL, NULL, 1, 1, 3.90, NULL, NULL, '2014-11-08 15:26:02', NULL, NULL, 'R', 'manasses', 1),
(224, 179, NULL, 169, NULL, NULL, 1, 1, 12.00, NULL, NULL, '2014-11-08 15:29:52', NULL, NULL, 'R', 'manasses', 1),
(225, NULL, 67, NULL, NULL, 19, 9, 6, 625.00, 0.00, 0.00, '2014-11-10 10:12:59', 'Gesse', '', 'P', 'manasses', 1),
(226, 180, NULL, 170, NULL, NULL, 1, 1, 90.00, NULL, NULL, '2014-11-10 10:32:46', NULL, NULL, 'R', 'manasses', 1),
(227, 181, NULL, 171, NULL, NULL, 1, 1, 20.00, NULL, NULL, '2014-11-10 10:59:56', NULL, NULL, 'R', 'manasses', 1),
(228, 182, NULL, 172, NULL, NULL, 1, 1, 9.50, NULL, NULL, '2014-11-10 12:59:51', NULL, NULL, 'R', 'manasses', 1),
(229, 183, NULL, 173, NULL, NULL, 1, 1, 185.00, NULL, NULL, '2014-11-10 13:42:05', NULL, NULL, 'R', 'manasses', 1),
(230, 185, NULL, 175, NULL, NULL, 1, 1, 13.45, NULL, NULL, '2014-11-10 14:36:08', NULL, NULL, 'R', 'manasses', 1),
(231, 186, NULL, 167, NULL, NULL, 1, 1, 195.00, NULL, NULL, '2014-11-10 16:30:28', NULL, NULL, 'R', 'francis', 1),
(232, NULL, 265, NULL, NULL, 94, 1, 1, 195.00, 0.00, 0.00, '2014-11-10 16:37:22', 'Mauricio Compra da Parati', '', 'P', 'francis', 1),
(233, 188, NULL, 178, NULL, NULL, 1, 1, 31.75, NULL, NULL, '2014-11-10 17:26:34', NULL, NULL, 'R', 'francis', 1),
(234, 189, NULL, 179, NULL, NULL, 1, 1, 14.25, NULL, NULL, '2014-11-10 18:20:43', NULL, NULL, 'R', 'francis', 1),
(235, 190, NULL, 180, NULL, NULL, 1, 1, 13.45, NULL, NULL, '2014-11-10 18:25:34', NULL, NULL, 'R', 'francis', 1),
(236, 193, NULL, 182, NULL, NULL, 1, 1, 2.40, NULL, NULL, '2014-11-11 11:10:08', NULL, NULL, 'R', 'manasses', 1),
(237, 67, NULL, 57, NULL, NULL, 1, 7, 196.40, 0.00, 0.00, '2014-11-11 12:46:52', NULL, '', 'R', 'manasses', 1),
(238, 72, NULL, 60, NULL, NULL, 1, 7, 9.20, 0.00, 0.00, '2014-11-11 12:47:12', NULL, '', 'R', 'manasses', 1),
(239, 87, NULL, 72, NULL, NULL, 1, 7, 17.60, 0.00, 0.00, '2014-11-11 12:48:11', NULL, '', 'R', 'manasses', 1),
(240, 194, NULL, 183, NULL, NULL, 1, 1, 5.40, NULL, NULL, '2014-11-11 12:59:28', NULL, NULL, 'R', 'manasses', 1),
(241, 195, NULL, 184, NULL, NULL, 1, 1, 11.55, NULL, NULL, '2014-11-11 13:42:20', NULL, NULL, 'R', 'manasses', 1),
(242, NULL, 133, NULL, NULL, 35, 9, 4, 2758.50, 0.00, 0.00, '2014-11-11 16:31:28', 'Tal - Cor ', '', 'P', 'francis', 1),
(243, 197, NULL, 181, NULL, NULL, 1, 1, 15.60, NULL, NULL, '2014-11-11 17:30:39', NULL, NULL, 'R', 'francis', 1),
(244, 198, NULL, 188, NULL, NULL, 1, 1, 35.45, NULL, NULL, '2014-11-11 18:45:49', NULL, NULL, 'R', 'francis', 1),
(245, 200, NULL, 190, NULL, NULL, 1, 1, 12.00, NULL, NULL, '2014-11-11 19:55:23', NULL, NULL, 'R', 'francis', 1),
(246, 201, NULL, 186, NULL, NULL, 1, 1, 12.50, NULL, NULL, '2014-11-12 10:11:13', NULL, NULL, 'R', 'manasses', 1),
(247, 202, NULL, 192, NULL, NULL, 1, 1, 12.00, NULL, NULL, '2014-11-12 11:15:17', NULL, NULL, 'R', 'manasses', 1),
(248, 203, NULL, 193, NULL, NULL, 1, 1, 8.75, NULL, NULL, '2014-11-12 11:37:36', NULL, NULL, 'R', 'manasses', 1),
(249, 206, NULL, 196, NULL, NULL, 1, 1, 44.00, NULL, NULL, '2014-11-12 12:42:22', NULL, NULL, 'R', 'manasses', 1),
(250, 207, NULL, 197, NULL, NULL, 1, 1, 14.80, NULL, NULL, '2014-11-12 13:15:22', NULL, NULL, 'R', 'manasses', 1),
(251, 209, NULL, 199, NULL, NULL, 1, 1, 6.00, NULL, NULL, '2014-11-12 16:07:57', NULL, NULL, 'R', 'manasses', 1),
(252, 211, NULL, 201, NULL, NULL, 1, 1, 37.00, NULL, NULL, '2014-11-12 16:39:51', NULL, NULL, 'R', 'manasses', 1),
(253, 214, NULL, 204, NULL, NULL, 1, 1, 6.00, NULL, NULL, '2014-11-13 11:31:37', NULL, NULL, 'R', 'manasses', 1),
(254, 215, NULL, 205, NULL, NULL, 1, 1, 12.00, NULL, NULL, '2014-11-13 11:58:24', NULL, NULL, 'R', 'manasses', 1),
(255, 216, NULL, 206, NULL, NULL, 1, 1, 30.00, NULL, NULL, '2014-11-13 12:00:23', NULL, NULL, 'R', 'manasses', 1),
(256, NULL, 138, NULL, NULL, 38, 9, 6, 281.00, 0.00, 0.00, '2014-11-13 12:01:21', 'ArtCores Tintas', '', 'P', 'manasses', 1),
(257, 217, NULL, 207, NULL, NULL, 1, 1, 21.00, NULL, NULL, '2014-11-13 12:45:40', NULL, NULL, 'R', 'manasses', 1),
(258, 218, NULL, 208, NULL, NULL, 1, 1, 30.00, NULL, NULL, '2014-11-13 13:46:32', NULL, NULL, 'R', 'manasses', 1),
(259, 219, NULL, 209, NULL, NULL, 1, 1, 34.00, NULL, NULL, '2014-11-13 14:30:20', NULL, NULL, 'R', 'manasses', 1),
(260, 220, NULL, 210, NULL, NULL, 1, 1, 13.70, NULL, NULL, '2014-11-13 15:10:33', NULL, NULL, 'R', 'manasses', 1),
(261, 221, NULL, 211, NULL, NULL, 1, 1, 26.00, NULL, NULL, '2014-11-13 15:57:18', NULL, NULL, 'R', 'manasses', 1),
(262, 222, NULL, 191, NULL, NULL, 1, 1, 26.00, NULL, NULL, '2014-11-13 18:03:58', NULL, NULL, 'R', 'francis', 1),
(263, 223, NULL, 213, NULL, NULL, 1, 1, 50.00, NULL, NULL, '2014-11-13 19:39:18', NULL, NULL, 'R', 'francis', 1),
(264, 225, NULL, 214, NULL, NULL, 1, 1, 10.00, NULL, NULL, '2014-11-13 19:43:48', NULL, NULL, 'R', 'francis', 1),
(265, 227, NULL, 216, NULL, NULL, 1, 1, 36.00, NULL, NULL, '2014-11-14 12:02:18', NULL, NULL, 'R', 'manasses', 1),
(266, 228, NULL, 216, NULL, NULL, 1, 1, 36.00, NULL, NULL, '2014-11-14 12:13:07', NULL, NULL, 'R', 'manasses', 1),
(267, 229, NULL, 217, NULL, NULL, 1, 1, 14.20, NULL, NULL, '2014-11-14 12:16:03', NULL, NULL, 'R', 'manasses', 1),
(268, 230, NULL, 218, NULL, NULL, 1, 1, 165.00, NULL, NULL, '2014-11-14 13:06:10', NULL, NULL, 'R', 'manasses', 1),
(269, 232, NULL, 219, NULL, NULL, 1, 1, 9.10, NULL, NULL, '2014-11-14 13:11:10', NULL, NULL, 'R', 'manasses', 1),
(270, 234, NULL, 221, NULL, NULL, 1, 1, 11.00, NULL, NULL, '2014-11-14 15:12:06', NULL, NULL, 'R', 'manasses', 1),
(271, NULL, 125, NULL, NULL, 32, 9, 6, 566.27, 0.00, 0.00, '2014-11-14 16:43:51', 'Eucatex Distribuiç&#227;o e Logistica', '', 'P', 'francis', 1),
(272, NULL, 144, NULL, NULL, 40, 9, 6, 649.00, 0.00, 0.00, '2014-11-14 16:44:02', 'Eucatex Distribuiç&#227;o e Logistica', '', 'P', 'francis', 1),
(273, 235, NULL, 215, NULL, NULL, 1, 1, 15.00, NULL, NULL, '2014-11-14 16:48:29', NULL, NULL, 'R', 'francis', 1),
(274, 236, NULL, 223, NULL, NULL, 1, 1, 39.30, NULL, NULL, '2014-11-14 19:59:01', NULL, NULL, 'R', 'francis', 1),
(275, 237, NULL, 222, NULL, NULL, 1, 1, 33.00, NULL, NULL, '2014-11-15 10:33:21', NULL, NULL, 'R', 'manasses', 1),
(276, 238, NULL, 225, NULL, NULL, 1, 1, 12.00, NULL, NULL, '2014-11-15 11:02:21', NULL, NULL, 'R', 'manasses', 1),
(277, 242, NULL, 228, NULL, NULL, 1, 1, 36.25, NULL, NULL, '2014-11-15 12:26:51', NULL, NULL, 'R', 'manasses', 1),
(278, 243, NULL, 229, NULL, NULL, 1, 1, 60.00, NULL, NULL, '2014-11-15 13:10:01', NULL, NULL, 'R', 'manasses', 1),
(279, 244, NULL, 230, NULL, NULL, 1, 1, 90.00, NULL, NULL, '2014-11-15 13:13:28', NULL, NULL, 'R', 'manasses', 1),
(280, 76, NULL, 67, NULL, NULL, 9, 6, 60.00, 0.00, 0.00, '2014-11-15 13:13:53', NULL, '', 'R', 'manasses', 1),
(281, 86, NULL, 76, NULL, NULL, 9, 6, 521.60, 0.00, 0.00, '2014-11-15 13:14:02', NULL, '', 'R', 'manasses', 1),
(282, 88, NULL, 77, NULL, NULL, 9, 7, 195.00, 0.00, 0.00, '2014-11-15 13:14:09', NULL, '', 'R', 'manasses', 1),
(283, 196, NULL, 185, NULL, NULL, 9, 3, 185.00, 0.00, 0.00, '2014-11-15 13:14:16', NULL, '', 'R', 'manasses', 1),
(284, 199, NULL, 189, NULL, NULL, 9, 3, 39.35, 0.00, 0.00, '2014-11-15 13:14:24', NULL, '', 'R', 'manasses', 1),
(285, 205, NULL, 195, NULL, NULL, 9, 3, 20.00, 0.00, 0.00, '2014-11-15 13:14:32', NULL, '', 'R', 'manasses', 1),
(286, 208, NULL, 198, NULL, NULL, 9, 3, 57.15, 0.00, 0.00, '2014-11-15 13:14:47', NULL, '', 'R', 'manasses', 1),
(287, 210, NULL, 200, NULL, NULL, 9, 3, 47.25, 0.00, 0.00, '2014-11-15 13:15:03', NULL, '', 'R', 'manasses', 1),
(288, 212, NULL, 202, NULL, NULL, 9, 3, 185.00, 0.00, 0.00, '2014-11-15 13:15:14', NULL, '', 'R', 'manasses', 1),
(289, 233, NULL, 220, NULL, NULL, 9, 3, 30.40, 0.00, 0.00, '2014-11-15 13:15:26', NULL, '', 'R', 'manasses', 1),
(290, 90, NULL, 79, NULL, NULL, 9, 6, 102.35, 0.00, 0.00, '2014-11-15 13:15:34', NULL, '', 'R', 'manasses', 1),
(291, 239, NULL, 226, NULL, NULL, 9, 3, 68.50, 0.00, 0.00, '2014-11-15 13:15:41', NULL, '', 'R', 'manasses', 1),
(292, 92, NULL, 82, NULL, NULL, 9, 6, 289.75, 0.00, 0.00, '2014-11-15 13:15:50', NULL, '', 'R', 'manasses', 1),
(293, 224, NULL, 213, NULL, NULL, 1, 7, 310.00, 72.00, 0.00, '2014-11-15 13:17:06', NULL, 'Levou 02 latas de tintas Branco 18L.', 'R', 'manasses', 1),
(294, 246, NULL, 232, NULL, NULL, 1, 1, 95.50, NULL, NULL, '2014-11-15 14:30:50', NULL, NULL, 'R', 'manasses', 1),
(295, 249, NULL, 234, NULL, NULL, 1, 1, 115.00, NULL, NULL, '2014-11-15 14:34:32', NULL, NULL, 'R', 'manasses', 1),
(296, 252, NULL, 236, NULL, NULL, 1, 1, 34.00, NULL, NULL, '2014-11-15 15:35:49', NULL, NULL, 'R', 'manasses', 1),
(297, 253, NULL, 237, NULL, NULL, 1, 1, 76.00, NULL, NULL, '2014-11-15 15:38:46', NULL, NULL, 'R', 'manasses', 1),
(298, NULL, 270, NULL, NULL, 98, 1, 1, 200.00, 0.00, 0.00, '2014-11-17 13:06:24', 'Francis', '', 'P', 'manasses', 1),
(299, NULL, 272, NULL, NULL, 100, 1, 1, 1000.00, 0.00, 0.00, '2014-11-17 13:06:34', 'Marcos', '', 'P', 'manasses', 1),
(300, 254, NULL, 238, NULL, NULL, 1, 1, 9.50, NULL, NULL, '2014-11-17 15:43:59', NULL, NULL, 'R', 'manasses', 1),
(301, 187, NULL, 177, NULL, NULL, 1, 7, 88.70, 0.00, 0.00, '2014-11-17 17:50:32', NULL, 'pago', 'R', 'francis', 1),
(302, 256, NULL, 240, NULL, NULL, 1, 1, 2.90, NULL, NULL, '2014-11-17 18:35:25', NULL, NULL, 'R', 'francis', 1),
(303, NULL, 188, NULL, NULL, 58, 9, 4, 701.00, 0.00, 0.00, '2014-11-18 11:06:54', 'Tal - Cor ', '', 'P', 'manasses', 1),
(304, NULL, 206, NULL, NULL, 69, 9, 6, 206.84, 0.00, 0.00, '2014-11-18 11:07:07', 'Art Cor Comercio de Tintas Ltda', '', 'P', 'manasses', 1),
(305, 259, NULL, 243, NULL, NULL, 1, 1, 60.00, NULL, NULL, '2014-11-18 11:57:28', NULL, NULL, 'R', 'manasses', 1),
(306, 262, NULL, 245, NULL, NULL, 1, 1, 39.30, NULL, NULL, '2014-11-18 13:40:40', NULL, NULL, 'R', 'manasses', 1),
(307, 263, NULL, 246, NULL, NULL, 1, 1, 1.50, NULL, NULL, '2014-11-18 14:01:44', NULL, NULL, 'R', 'manasses', 1),
(308, 266, NULL, 241, NULL, NULL, 1, 1, 25.60, NULL, NULL, '2014-11-18 17:18:36', NULL, NULL, 'R', 'francis', 1),
(309, 269, NULL, 249, NULL, NULL, 1, 1, 241.50, NULL, NULL, '2014-11-18 18:04:09', NULL, NULL, 'R', 'manasses', 1),
(310, 271, NULL, 251, NULL, NULL, 1, 1, 22.65, NULL, NULL, '2014-11-18 18:33:14', NULL, NULL, 'R', 'francis', 1),
(311, 272, NULL, 252, NULL, NULL, 1, 1, 69.00, NULL, NULL, '2014-11-18 20:03:53', NULL, NULL, 'R', 'manasses', 1),
(312, 273, NULL, 254, NULL, NULL, 1, 1, 16.00, NULL, NULL, '2014-11-19 10:38:45', NULL, NULL, 'R', 'manasses', 1),
(313, NULL, 177, NULL, NULL, 57, 9, 1, 700.00, 0.00, 0.00, '2014-11-19 10:40:53', 'Amado José Silveira', '', 'P', 'manasses', 1),
(314, NULL, 221, NULL, NULL, 82, 9, 1, 401.69, 0.00, 0.00, '2014-11-19 10:41:03', 'Eucatex Distribuidora', '', 'P', 'manasses', 1),
(315, NULL, 277, NULL, NULL, 103, 9, 4, 662.00, 0.00, 0.00, '2014-11-19 11:14:32', 'Center Dias', '', 'P', 'manasses', 1),
(316, NULL, 271, NULL, NULL, 99, 9, 1, 250.00, 0.00, 0.00, '2014-11-19 11:15:00', 'Marcia', '', 'P', 'manasses', 1),
(317, 275, NULL, 256, NULL, NULL, 1, 1, 60.00, NULL, NULL, '2014-11-19 12:04:28', NULL, NULL, 'R', 'manasses', 1),
(318, 276, NULL, 257, NULL, NULL, 1, 1, 12.00, NULL, NULL, '2014-11-19 12:55:17', NULL, NULL, 'R', 'manasses', 1),
(319, 278, NULL, 259, NULL, NULL, 1, 1, 3.50, NULL, NULL, '2014-11-19 13:40:32', NULL, NULL, 'R', 'manasses', 1),
(320, 279, NULL, 260, NULL, NULL, 1, 1, 23.00, NULL, NULL, '2014-11-19 14:04:05', NULL, NULL, 'R', 'manasses', 1),
(321, 280, NULL, 261, NULL, NULL, 1, 1, 12.00, NULL, NULL, '2014-11-19 15:52:16', NULL, NULL, 'R', 'manasses', 1),
(322, 282, NULL, 263, NULL, NULL, 1, 1, 12.00, NULL, NULL, '2014-11-19 16:42:35', NULL, NULL, 'R', 'francis', 1),
(323, 283, NULL, 264, NULL, NULL, 1, 1, 15.95, NULL, NULL, '2014-11-19 17:08:41', NULL, NULL, 'R', 'francis', 1),
(324, 286, NULL, 266, NULL, NULL, 1, 1, 10.00, NULL, NULL, '2014-11-19 17:16:40', NULL, NULL, 'R', 'francis', 1),
(325, 288, NULL, 267, NULL, NULL, 1, 1, 105.00, NULL, NULL, '2014-11-19 19:11:07', NULL, NULL, 'R', 'francis', 1),
(326, 289, NULL, 262, NULL, NULL, 1, 1, 22.00, NULL, NULL, '2014-11-20 11:08:38', NULL, NULL, 'R', 'manasses', 1),
(327, 291, NULL, 270, NULL, NULL, 1, 1, 22.00, NULL, NULL, '2014-11-20 12:04:50', NULL, NULL, 'R', 'manasses', 1),
(328, 292, NULL, 271, NULL, NULL, 1, 1, 165.00, NULL, NULL, '2014-11-20 12:11:58', NULL, NULL, 'R', 'manasses', 1),
(329, 293, NULL, 272, NULL, NULL, 1, 1, 100.85, NULL, NULL, '2014-11-20 12:17:34', NULL, NULL, 'R', 'manasses', 1),
(330, NULL, 209, NULL, NULL, 70, 9, 6, 130.00, 0.00, 0.00, '2014-11-20 12:31:57', 'ArtCores TINAS', '', 'P', 'manasses', 1),
(331, 294, NULL, 273, NULL, NULL, 1, 1, 12.00, NULL, NULL, '2014-11-20 12:37:26', NULL, NULL, 'R', 'manasses', 1),
(332, 295, NULL, 274, NULL, NULL, 1, 1, 12.00, NULL, NULL, '2014-11-20 13:03:47', NULL, NULL, 'R', 'manasses', 1),
(333, 296, NULL, 275, NULL, NULL, 1, 1, 20.90, NULL, NULL, '2014-11-20 13:04:27', NULL, NULL, 'R', 'manasses', 1),
(334, 297, NULL, 276, NULL, NULL, 1, 1, 7.90, NULL, NULL, '2014-11-20 13:49:04', NULL, NULL, 'R', 'manasses', 1),
(335, 298, NULL, 277, NULL, NULL, 1, 1, 26.50, NULL, NULL, '2014-11-20 13:56:03', NULL, NULL, 'R', 'manasses', 1),
(336, 299, NULL, 278, NULL, NULL, 1, 1, 29.60, NULL, NULL, '2014-11-20 14:10:42', NULL, NULL, 'R', 'manasses', 1),
(337, 301, NULL, 280, NULL, NULL, 1, 1, 20.00, NULL, NULL, '2014-11-20 15:19:22', NULL, NULL, 'R', 'manasses', 1),
(338, 302, NULL, 281, NULL, NULL, 1, 1, 14.00, NULL, NULL, '2014-11-20 16:18:08', NULL, NULL, 'R', 'manasses', 1),
(339, 303, NULL, 282, NULL, NULL, 1, 1, 39.30, NULL, NULL, '2014-11-20 17:43:11', NULL, NULL, 'R', 'manasses', 1),
(340, 304, NULL, 283, NULL, NULL, 1, 1, 21.95, NULL, NULL, '2014-11-21 10:50:57', NULL, NULL, 'R', 'manasses', 1),
(341, 305, NULL, 284, NULL, NULL, 1, 1, 26.90, NULL, NULL, '2014-11-21 11:39:42', NULL, NULL, 'R', 'manasses', 1),
(342, 306, NULL, 285, NULL, NULL, 1, 1, 7.60, NULL, NULL, '2014-11-21 11:50:43', NULL, NULL, 'R', 'manasses', 1),
(343, 307, NULL, 286, NULL, NULL, 1, 1, 10.00, NULL, NULL, '2014-11-21 12:29:00', NULL, NULL, 'R', 'manasses', 1),
(344, 308, NULL, 287, NULL, NULL, 1, 1, 13.45, NULL, NULL, '2014-11-21 12:29:39', NULL, NULL, 'R', 'manasses', 1),
(345, 309, NULL, 288, NULL, NULL, 1, 1, 38.00, NULL, NULL, '2014-11-21 13:39:27', NULL, NULL, 'R', 'manasses', 1),
(346, 310, NULL, 289, NULL, NULL, 1, 1, 10.00, NULL, NULL, '2014-11-21 13:47:53', NULL, NULL, 'R', 'manasses', 1),
(347, 312, NULL, 290, NULL, NULL, 1, 1, 7.90, NULL, NULL, '2014-11-21 15:43:02', NULL, NULL, 'R', 'manasses', 1),
(348, 313, NULL, 291, NULL, NULL, 1, 1, 13.00, NULL, NULL, '2014-11-21 15:55:47', NULL, NULL, 'R', 'manasses', 1),
(349, NULL, 281, NULL, NULL, 104, 9, 6, 289.69, 0.00, 0.00, '2014-11-21 16:23:17', 'Cart&#227;o Crédito M&#227;e', '', 'P', 'manasses', 1),
(350, 315, NULL, 293, NULL, NULL, 1, 1, 14.50, NULL, NULL, '2014-11-21 17:41:52', NULL, NULL, 'R', 'manasses', 1),
(351, 316, NULL, 294, NULL, NULL, 1, 1, 10.00, NULL, NULL, '2014-11-21 17:43:35', NULL, NULL, 'R', 'manasses', 1),
(352, 323, NULL, 299, NULL, NULL, 1, 1, 58.95, NULL, NULL, '2014-11-21 19:38:41', NULL, NULL, 'R', 'manasses', 1),
(353, 327, NULL, 303, NULL, NULL, 1, 1, 286.25, NULL, NULL, '2014-11-22 13:18:15', NULL, NULL, 'R', 'manasses', 1),
(354, 329, NULL, 305, NULL, NULL, 1, 1, 14.50, NULL, NULL, '2014-11-22 13:30:47', NULL, NULL, 'R', 'manasses', 1),
(355, 330, NULL, 306, NULL, NULL, 1, 1, 5.30, NULL, NULL, '2014-11-22 13:33:03', NULL, NULL, 'R', 'manasses', 1),
(356, NULL, 228, NULL, NULL, 85, 9, 6, 417.99, 0.00, 0.00, '2014-11-22 13:44:29', 'Distribuidora Paulista', '', 'P', 'manasses', 1),
(357, NULL, 266, NULL, NULL, 95, 9, 6, 784.00, 0.00, 0.00, '2014-11-22 13:44:37', 'Aniversario Francis', '', 'P', 'manasses', 1),
(358, NULL, 210, NULL, NULL, 71, 1, 6, 134.70, 120.00, 0.00, '2014-11-22 13:45:09', 'ArtCores TINAS', '', 'P', 'manasses', 1),
(359, NULL, 150, NULL, NULL, 42, 1, 6, 162.00, 0.00, 0.00, '2014-11-22 13:45:23', 'ArtCores Tintas', '', 'P', 'manasses', 1),
(360, 333, NULL, 309, NULL, NULL, 1, 1, 260.00, NULL, NULL, '2014-11-24 11:45:18', NULL, NULL, 'R', 'francis', 1),
(361, 335, NULL, 311, NULL, NULL, 1, 1, 30.00, NULL, NULL, '2014-11-24 13:10:00', NULL, NULL, 'R', 'francis', 1),
(362, 336, NULL, 312, NULL, NULL, 1, 1, 12.00, NULL, NULL, '2014-11-24 14:09:39', NULL, NULL, 'R', 'francis', 1),
(363, 337, NULL, 313, NULL, NULL, 1, 1, 69.00, NULL, NULL, '2014-11-24 14:50:07', NULL, NULL, 'R', 'francis', 1),
(364, 338, NULL, 314, NULL, NULL, 1, 1, 3.60, NULL, NULL, '2014-11-24 16:17:25', NULL, NULL, 'R', 'francis', 1),
(365, 339, NULL, 315, NULL, NULL, 1, 1, 30.00, NULL, NULL, '2014-11-24 16:57:19', NULL, NULL, 'R', 'francis', 1),
(366, 340, NULL, 316, NULL, NULL, 1, 1, 10.00, NULL, NULL, '2014-11-24 17:00:31', NULL, NULL, 'R', 'francis', 1),
(367, NULL, 169, NULL, NULL, 56, 9, 6, 150.00, 0.00, 0.00, '2014-11-24 18:27:41', 'Forte System', '', 'P', 'francis', 1),
(368, NULL, 106, NULL, NULL, 29, 9, 6, 280.00, 0.00, 0.00, '2014-11-24 18:28:03', 'Contadora', '', 'P', 'francis', 1),
(369, NULL, 269, NULL, NULL, 97, 9, 6, 167.21, 0.00, 0.00, '2014-11-24 18:28:26', 'Guia Simples Nacional', '', 'P', 'francis', 1),
(370, NULL, 282, NULL, NULL, 105, 9, 6, 324.25, 0.00, 0.00, '2014-11-24 18:28:35', 'Conta de Agua, luz e telefone', '', 'P', 'francis', 1),
(371, NULL, 284, NULL, NULL, 107, 9, 6, 650.00, 0.00, 0.00, '2014-11-24 18:28:44', 'Carne Carro', '', 'P', 'francis', 1),
(372, NULL, 233, NULL, NULL, 87, 9, 6, 50.00, 0.00, 0.00, '2014-11-24 18:28:52', 'Várzea net ', '', 'P', 'francis', 1),
(373, 342, NULL, 318, NULL, NULL, 1, 1, 34.00, NULL, NULL, '2014-11-24 18:53:54', NULL, NULL, 'R', 'francis', 1),
(374, 343, NULL, 319, NULL, NULL, 1, 1, 3.80, NULL, NULL, '2014-11-24 18:57:38', NULL, NULL, 'R', 'francis', 1),
(375, 42, NULL, 868, NULL, NULL, 9, 5, 750.00, 0.00, 0.00, '2014-11-25 11:00:11', NULL, '', 'S', 'francis', 1),
(376, 248, NULL, 233, NULL, NULL, 9, 3, 70.00, 0.00, 0.00, '2014-11-25 11:01:14', NULL, '', 'R', 'francis', 1),
(377, 255, NULL, 224, NULL, NULL, 9, 3, 12.00, 0.00, 0.00, '2014-11-25 11:01:24', NULL, '', 'R', 'francis', 1),
(378, 270, NULL, 249, NULL, NULL, 9, 4, 418.00, 0.00, 0.00, '2014-11-25 11:01:31', NULL, '', 'R', 'francis', 1),
(379, 258, NULL, 242, NULL, NULL, 9, 3, 7.00, 0.00, 0.00, '2014-11-25 11:01:40', NULL, '', 'R', 'francis', 1),
(380, 265, NULL, 248, NULL, NULL, 9, 3, 19.65, 0.00, 0.00, '2014-11-25 11:01:48', NULL, '', 'R', 'francis', 1),
(381, 274, NULL, 255, NULL, NULL, 9, 3, 58.95, 0.00, 0.00, '2014-11-25 11:01:57', NULL, '', 'R', 'francis', 1),
(382, 300, NULL, 279, NULL, NULL, 9, 3, 10.00, 0.00, 0.00, '2014-11-25 11:02:04', NULL, '', 'R', 'francis', 1),
(383, 314, NULL, 292, NULL, NULL, 9, 3, 36.50, 0.00, 0.00, '2014-11-25 11:02:13', NULL, '', 'R', 'francis', 1),
(384, 320, NULL, 296, NULL, NULL, 9, 3, 10.00, 0.00, 0.00, '2014-11-25 11:02:21', NULL, '', 'R', 'francis', 1),
(385, 321, NULL, 297, NULL, NULL, 9, 3, 18.70, 0.00, 0.00, '2014-11-25 11:02:28', NULL, '', 'R', 'francis', 1),
(386, 328, NULL, 304, NULL, NULL, 9, 3, 185.00, 0.00, 0.00, '2014-11-25 11:02:38', NULL, '', 'R', 'francis', 1),
(387, 341, NULL, 317, NULL, NULL, 9, 3, 24.30, 0.00, 0.00, '2014-11-25 11:03:00', NULL, '', 'R', 'francis', 1),
(388, 24, NULL, 24, NULL, NULL, 9, 6, 454.19, 0.00, 0.00, '2014-11-25 11:03:12', NULL, '', 'R', 'francis', 1),
(389, 174, NULL, 164, NULL, NULL, 9, 2, 34.00, 0.00, 0.00, '2014-11-25 11:04:03', NULL, '', 'R', 'francis', 1),
(390, 184, NULL, 174, NULL, NULL, 9, 2, 50.00, 0.00, 0.00, '2014-11-25 11:04:41', NULL, '', 'R', 'francis', 1),
(391, 191, NULL, 176, NULL, NULL, 9, 2, 103.50, 0.00, 0.00, '2014-11-25 11:04:53', NULL, '', 'R', 'francis', 1),
(392, 204, NULL, 194, NULL, NULL, 9, 2, 48.00, 0.00, 0.00, '2014-11-25 11:05:06', NULL, '', 'R', 'francis', 1),
(393, 213, NULL, 203, NULL, NULL, 9, 2, 34.30, 0.00, 0.00, '2014-11-25 11:05:18', NULL, '', 'R', 'francis', 1),
(394, 226, NULL, 212, NULL, NULL, 9, 2, 102.84, 0.00, 0.00, '2014-11-25 11:05:29', NULL, '', 'R', 'francis', 1),
(395, 231, NULL, 218, NULL, NULL, 9, 2, 0.00, 0.00, 0.00, '2014-11-25 11:05:51', NULL, '', 'R', 'francis', 1),
(396, 240, NULL, 227, NULL, NULL, 9, 2, 97.50, 0.00, 0.00, '2014-11-25 11:06:50', NULL, '', 'R', 'francis', 1),
(397, 245, NULL, 231, NULL, NULL, 9, 2, 77.30, 0.00, 0.00, '2014-11-25 11:07:26', NULL, '', 'R', 'francis', 1),
(398, 247, NULL, 232, NULL, NULL, 9, 2, 16.20, 0.00, 0.00, '2014-11-25 11:07:39', NULL, '', 'R', 'francis', 1),
(399, 250, NULL, 235, NULL, NULL, 9, 2, 57.50, 0.00, 0.00, '2014-11-25 11:07:55', NULL, '', 'R', 'francis', 1),
(400, 257, NULL, 239, NULL, NULL, 9, 2, 39.30, 0.00, 0.00, '2014-11-25 11:08:12', NULL, '', 'R', 'francis', 1),
(401, 260, NULL, 244, NULL, NULL, 9, 2, 36.50, 0.00, 0.00, '2014-11-25 11:08:26', NULL, '', 'R', 'francis', 1),
(402, 261, NULL, 244, NULL, NULL, 9, 2, 36.50, 0.00, 0.00, '2014-11-25 11:08:40', NULL, '', 'R', 'francis', 1),
(403, 264, NULL, 247, NULL, NULL, 9, 2, 24.00, 0.00, 0.00, '2014-11-25 11:08:54', NULL, '', 'R', 'francis', 1),
(404, 267, NULL, 250, NULL, NULL, 9, 2, 96.25, 0.00, 0.00, '2014-11-25 11:09:08', NULL, '', 'R', 'francis', 1),
(405, 284, NULL, 265, NULL, NULL, 9, 2, 109.50, 0.00, 0.00, '2014-11-25 11:09:25', NULL, '', 'R', 'francis', 1),
(406, 290, NULL, 269, NULL, NULL, 9, 2, 160.00, 0.00, 0.00, '2014-11-25 11:09:47', NULL, '', 'R', 'francis', 1),
(407, 317, NULL, 295, NULL, NULL, 9, 2, 75.97, 0.00, 0.00, '2014-11-25 11:10:24', NULL, '', 'R', 'francis', 1),
(408, 325, NULL, 301, NULL, NULL, 9, 2, 58.90, 0.00, 0.00, '2014-11-25 11:10:45', NULL, '', 'R', 'francis', 1),
(409, 326, NULL, 302, NULL, NULL, 9, 2, 190.95, 0.00, 0.00, '2014-11-25 11:11:15', NULL, '', 'R', 'francis', 1),
(410, 332, NULL, 268, NULL, NULL, 9, 2, 126.20, 0.00, 0.00, '2014-11-25 11:11:33', NULL, '', 'R', 'francis', 1),
(411, 192, NULL, 176, NULL, NULL, 9, 2, 103.50, 0.00, 0.00, '2014-11-25 11:12:42', NULL, '', 'R', 'francis', 1),
(412, 241, NULL, 227, NULL, NULL, 9, 2, 97.50, 0.00, 0.00, '2014-11-25 11:13:02', NULL, '', 'R', 'francis', 1),
(413, 251, NULL, 235, NULL, NULL, 9, 2, 57.50, 0.00, 0.00, '2014-11-25 11:13:24', NULL, '', 'R', 'francis', 1),
(414, 268, NULL, 250, NULL, NULL, 9, 2, 96.25, 0.00, 0.00, '2014-11-25 11:13:38', NULL, '', 'R', 'francis', 1),
(415, 285, NULL, 265, NULL, NULL, 9, 2, 109.50, 0.00, 0.00, '2014-11-25 11:14:01', NULL, '', 'R', 'francis', 1),
(416, 318, NULL, 295, NULL, NULL, 9, 2, 75.97, 0.00, 0.00, '2014-11-25 11:14:22', NULL, '', 'R', 'francis', 1),
(417, 319, NULL, 295, NULL, NULL, 9, 2, 75.97, 0.00, 0.00, '2014-11-25 11:14:42', NULL, '', 'R', 'francis', 1),
(418, 311, NULL, 289, NULL, NULL, 1, 7, 50.00, 0.00, 0.30, '2014-11-25 14:57:19', NULL, '', 'R', 'francis', 1),
(419, 352, NULL, 325, NULL, NULL, 1, 1, 35.00, NULL, NULL, '2014-11-25 15:07:50', NULL, NULL, 'R', 'francis', 1),
(420, 353, NULL, 326, NULL, NULL, 1, 1, 143.00, NULL, NULL, '2014-11-25 16:21:16', NULL, NULL, 'R', 'francis', 1),
(421, 355, NULL, 328, NULL, NULL, 1, 1, 2.10, NULL, NULL, '2014-11-25 19:52:37', NULL, NULL, 'R', 'francis', 1),
(422, 357, NULL, 329, NULL, NULL, 1, 1, 60.00, NULL, NULL, '2014-11-26 10:48:52', NULL, NULL, 'R', 'francis', 1),
(423, NULL, 68, NULL, NULL, 19, 9, 6, 625.00, 0.00, 0.00, '2014-11-26 10:59:32', 'Gesse', '', 'P', 'manasses', 1),
(424, 358, NULL, 330, NULL, NULL, 1, 1, 50.00, NULL, NULL, '2014-11-26 11:13:17', NULL, NULL, 'R', 'francis', 1),
(425, 359, NULL, 331, NULL, NULL, 1, 1, 4.00, NULL, NULL, '2014-11-26 11:24:08', NULL, NULL, 'R', 'francis', 1),
(426, 360, NULL, 332, NULL, NULL, 1, 1, 150.00, NULL, NULL, '2014-11-26 12:29:52', NULL, NULL, 'R', 'francis', 1),
(427, 361, NULL, 333, NULL, NULL, 1, 1, 39.55, NULL, NULL, '2014-11-26 13:29:05', NULL, NULL, 'R', 'francis', 1),
(428, 362, NULL, 334, NULL, NULL, 1, 1, 13.45, NULL, NULL, '2014-11-26 14:02:30', NULL, NULL, 'R', 'francis', 1),
(429, 363, NULL, 335, NULL, NULL, 1, 1, 13.75, NULL, NULL, '2014-11-26 14:03:01', NULL, NULL, 'R', 'francis', 1),
(430, 364, NULL, 336, NULL, NULL, 1, 1, 38.35, NULL, NULL, '2014-11-26 15:29:23', NULL, NULL, 'R', 'francis', 1),
(431, 365, NULL, 337, NULL, NULL, 1, 1, 5.00, NULL, NULL, '2014-11-26 16:01:12', NULL, NULL, 'R', 'francis', 1);
INSERT INTO `lancamentos` (`lancamentoID`, `receberID`, `pagarID`, `vendaID`, `transferenciaID`, `contaPagarID`, `livroID`, `formID`, `valor`, `desconto`, `acrescimo`, `data`, `favorecido`, `observacao`, `tipo`, `usuario`, `empresaID`) VALUES
(432, 366, NULL, 338, NULL, NULL, 1, 1, 77.75, NULL, NULL, '2014-11-26 16:13:07', NULL, NULL, 'R', 'francis', 1),
(433, 367, NULL, 339, NULL, NULL, 1, 1, 13.00, NULL, NULL, '2014-11-26 16:22:59', NULL, NULL, 'R', 'francis', 1),
(434, 370, NULL, 342, NULL, NULL, 1, 1, 1.80, NULL, NULL, '2014-11-27 10:40:47', NULL, NULL, 'R', 'francis', 1),
(435, NULL, 230, NULL, NULL, 86, 9, 6, 652.36, 0.00, 0.00, '2014-11-27 10:49:02', 'Eucatex Logistica', '', 'P', 'francis', 1),
(436, NULL, 229, NULL, NULL, 85, 9, 6, 417.99, 0.00, 0.00, '2014-11-27 10:56:11', 'Distribuidora Paulista', '', 'P', 'manasses', 1),
(437, 371, NULL, 343, NULL, NULL, 1, 1, 39.30, NULL, NULL, '2014-11-27 11:15:43', NULL, NULL, 'R', 'francis', 1),
(438, 372, NULL, 344, NULL, NULL, 1, 1, 11.00, NULL, NULL, '2014-11-27 11:53:25', NULL, NULL, 'R', 'francis', 1),
(439, 374, NULL, 346, NULL, NULL, 1, 1, 9.50, NULL, NULL, '2014-11-27 14:52:12', NULL, NULL, 'R', 'francis', 1),
(440, 375, NULL, 347, NULL, NULL, 1, 1, 20.90, NULL, NULL, '2014-11-27 15:45:28', NULL, NULL, 'R', 'francis', 1),
(441, 376, NULL, 348, NULL, NULL, 1, 1, 18.35, NULL, NULL, '2014-11-27 17:46:53', NULL, NULL, 'R', 'francis', 1),
(442, 377, NULL, 349, NULL, NULL, 1, 1, 4.50, NULL, NULL, '2014-11-27 17:50:30', NULL, NULL, 'R', 'francis', 1),
(443, 378, NULL, 350, NULL, NULL, 1, 1, 15.45, NULL, NULL, '2014-11-27 17:56:56', NULL, NULL, 'R', 'francis', 1),
(444, 379, NULL, 351, NULL, NULL, 1, 1, 50.70, NULL, NULL, '2014-11-27 18:13:07', NULL, NULL, 'R', 'francis', 1),
(445, 381, NULL, 353, NULL, NULL, 1, 1, 82.00, NULL, NULL, '2014-11-27 20:02:21', NULL, NULL, 'R', 'francis', 1),
(446, 382, NULL, 353, NULL, NULL, 1, 1, 82.00, NULL, NULL, '2014-11-27 20:02:41', NULL, NULL, 'R', 'francis', 1),
(447, 383, NULL, 354, NULL, NULL, 1, 1, 230.00, NULL, NULL, '2014-11-28 10:26:39', NULL, NULL, 'R', 'francis', 1),
(448, 384, NULL, 355, NULL, NULL, 1, 1, 3.20, NULL, NULL, '2014-11-28 11:06:44', NULL, NULL, 'R', 'francis', 1),
(449, 385, NULL, 356, NULL, NULL, 1, 1, 39.30, NULL, NULL, '2014-11-28 12:17:57', NULL, NULL, 'R', 'francis', 1),
(450, 386, NULL, 357, NULL, NULL, 1, 1, 93.50, NULL, NULL, '2014-11-28 14:43:56', NULL, NULL, 'R', 'francis', 1),
(451, 388, NULL, 358, NULL, NULL, 1, 1, 13.45, NULL, NULL, '2014-11-28 16:22:01', NULL, NULL, 'R', 'francis', 1),
(452, 390, NULL, 360, NULL, NULL, 1, 1, 94.00, NULL, NULL, '2014-11-28 17:22:46', NULL, NULL, 'R', 'francis', 1),
(453, 391, NULL, 361, NULL, NULL, 1, 1, 68.00, NULL, NULL, '2014-11-28 17:24:19', NULL, NULL, 'R', 'francis', 1),
(454, 392, NULL, 362, NULL, NULL, 1, 1, 20.00, NULL, NULL, '2014-11-28 17:26:16', NULL, NULL, 'R', 'francis', 1),
(455, 394, NULL, 364, NULL, NULL, 1, 1, 1.80, NULL, NULL, '2014-11-28 17:45:12', NULL, NULL, 'R', 'francis', 1),
(456, 395, NULL, 365, NULL, NULL, 1, 1, 60.00, NULL, NULL, '2014-11-28 17:49:23', NULL, NULL, 'R', 'francis', 1),
(457, 349, NULL, 872, NULL, NULL, 9, 7, 1000.00, 0.00, 0.00, '2014-11-28 17:56:51', NULL, '', 'S', 'manasses', 1),
(458, 351, NULL, 324, NULL, NULL, 9, 3, 20.00, 0.00, 0.00, '2014-11-28 17:57:01', NULL, '', 'R', 'manasses', 1),
(459, 387, NULL, 357, NULL, NULL, 9, 4, 0.00, 0.00, 0.00, '2014-11-28 17:57:15', NULL, '', 'R', 'manasses', 1),
(460, 393, NULL, 363, NULL, NULL, 9, 3, 155.00, 0.00, 0.00, '2014-11-28 17:57:32', NULL, '', 'R', 'manasses', 1),
(461, 373, NULL, 345, NULL, NULL, 9, 3, 57.15, 0.00, 0.00, '2014-11-28 17:57:41', NULL, '', 'R', 'manasses', 1),
(462, 380, NULL, 352, NULL, NULL, 9, 3, 25.00, 0.00, 0.00, '2014-11-28 17:57:52', NULL, '', 'R', 'manasses', 1),
(463, 396, NULL, 366, NULL, NULL, 1, 1, 7.75, NULL, NULL, '2014-11-28 18:05:22', NULL, NULL, 'R', 'francis', 1),
(464, 350, NULL, 323, NULL, NULL, 9, 2, 35.25, 0.00, 0.00, '2014-11-28 18:11:18', NULL, '', 'R', 'manasses', 1),
(465, NULL, 159, NULL, NULL, 49, 9, 6, 99.00, 0.00, 0.00, '2014-11-28 18:12:11', 'Satélite com eletr. inf. ltda ME', '', 'P', 'manasses', 1),
(466, 399, NULL, 369, NULL, NULL, 1, 1, 7.50, NULL, NULL, '2014-11-28 18:39:04', NULL, NULL, 'R', 'francis', 1),
(467, 400, NULL, 370, NULL, NULL, 1, 1, 50.00, NULL, NULL, '2014-11-28 18:56:54', NULL, NULL, 'R', 'francis', 1),
(468, 404, NULL, 374, NULL, NULL, 1, 1, 22.50, NULL, NULL, '2014-11-28 19:44:55', NULL, NULL, 'R', 'francis', 1),
(469, 405, NULL, 375, NULL, NULL, 1, 1, 7.20, NULL, NULL, '2014-11-29 11:06:18', NULL, NULL, 'R', 'francis', 1),
(470, 406, NULL, 376, NULL, NULL, 1, 1, 240.00, NULL, NULL, '2014-11-29 11:09:45', NULL, NULL, 'R', 'francis', 1),
(471, 409, NULL, 379, NULL, NULL, 1, 1, 8.00, NULL, NULL, '2014-11-29 12:30:03', NULL, NULL, 'R', 'francis', 1),
(472, 410, NULL, 380, NULL, NULL, 1, 1, 8.80, NULL, NULL, '2014-11-29 13:00:59', NULL, NULL, 'R', 'francis', 1),
(473, 411, NULL, 380, NULL, NULL, 1, 1, 8.80, NULL, NULL, '2014-11-29 13:01:02', NULL, NULL, 'R', 'francis', 1),
(474, 412, NULL, 381, NULL, NULL, 1, 1, 80.00, NULL, NULL, '2014-11-29 13:07:24', NULL, NULL, 'R', 'francis', 1),
(475, 413, NULL, 382, NULL, NULL, 1, 1, 77.75, NULL, NULL, '2014-11-29 13:09:04', NULL, NULL, 'R', 'francis', 1),
(476, 414, NULL, 383, NULL, NULL, 1, 1, 10.00, NULL, NULL, '2014-11-29 13:41:35', NULL, NULL, 'R', 'francis', 1),
(477, 416, NULL, 385, NULL, NULL, 1, 1, 64.00, NULL, NULL, '2014-11-29 14:02:17', NULL, NULL, 'R', 'francis', 1),
(478, 417, NULL, 386, NULL, NULL, 1, 1, 13.95, NULL, NULL, '2014-11-29 14:07:01', NULL, NULL, 'R', 'francis', 1),
(479, 418, NULL, 387, NULL, NULL, 1, 1, 195.00, NULL, NULL, '2014-11-29 14:20:26', NULL, NULL, 'R', 'francis', 1),
(480, 419, NULL, 388, NULL, NULL, 1, 1, 10.00, NULL, NULL, '2014-11-29 14:24:00', NULL, NULL, 'R', 'francis', 1),
(481, 420, NULL, 389, NULL, NULL, 1, 1, 36.30, NULL, NULL, '2014-11-29 14:32:36', NULL, NULL, 'R', 'francis', 1),
(482, 421, NULL, 390, NULL, NULL, 1, 1, 36.00, NULL, NULL, '2014-12-01 10:21:05', NULL, NULL, 'R', 'francis', 1),
(483, 422, NULL, 391, NULL, NULL, 1, 1, 16.45, NULL, NULL, '2014-12-01 10:36:32', NULL, NULL, 'R', 'francis', 1),
(484, 423, NULL, 392, NULL, NULL, 1, 1, 15.00, NULL, NULL, '2014-12-01 10:46:04', NULL, NULL, 'R', 'francis', 1),
(485, 424, NULL, 393, NULL, NULL, 1, 1, 4.60, NULL, NULL, '2014-12-01 12:03:30', NULL, NULL, 'R', 'francis', 1),
(486, 425, NULL, 394, NULL, NULL, 1, 1, 56.00, NULL, NULL, '2014-12-01 14:47:20', NULL, NULL, 'R', 'francis', 1),
(487, 426, NULL, 395, NULL, NULL, 1, 1, 64.00, NULL, NULL, '2014-12-01 15:04:16', NULL, NULL, 'R', 'francis', 1),
(488, 428, NULL, 397, NULL, NULL, 1, 1, 15.45, NULL, NULL, '2014-12-01 15:25:18', NULL, NULL, 'R', 'francis', 1),
(489, 429, NULL, 398, NULL, NULL, 1, 1, 10.00, NULL, NULL, '2014-12-01 15:27:20', NULL, NULL, 'R', 'francis', 1),
(490, 431, NULL, 400, NULL, NULL, 1, 1, 3.20, NULL, NULL, '2014-12-01 15:36:18', NULL, NULL, 'R', 'francis', 1),
(491, NULL, 167, NULL, NULL, 55, 9, 6, 442.79, 0.00, 0.00, '2014-12-01 15:45:58', 'Eucatex Distribuiç&#227;o e Logistica', '', 'P', 'francis', 1),
(492, NULL, 257, NULL, NULL, 91, 9, 6, 640.56, 0.00, 0.00, '2014-12-01 15:46:09', 'Distribuidora Paulista', '', 'P', 'francis', 1),
(493, 432, NULL, 401, NULL, NULL, 1, 1, 44.35, NULL, NULL, '2014-12-01 16:23:30', NULL, NULL, 'R', 'francis', 1),
(494, 434, NULL, 403, NULL, NULL, 1, 1, 66.00, NULL, NULL, '2014-12-01 17:08:24', NULL, NULL, 'R', 'francis', 1),
(495, 435, NULL, 404, NULL, NULL, 1, 1, 10.00, NULL, NULL, '2014-12-01 17:55:23', NULL, NULL, 'R', 'francis', 1),
(496, 436, NULL, 405, NULL, NULL, 1, 1, 20.00, NULL, NULL, '2014-12-01 18:43:03', NULL, NULL, 'R', 'francis', 1),
(497, 439, NULL, 407, NULL, NULL, 1, 1, 36.00, NULL, NULL, '2014-12-01 19:11:30', NULL, NULL, 'R', 'francis', 1),
(498, 437, NULL, 405, NULL, NULL, 1, 7, 4.00, 0.00, 0.00, '2014-12-01 19:14:52', NULL, '', 'R', 'francis', 1),
(499, 440, NULL, 408, NULL, NULL, 1, 1, 10.90, NULL, NULL, '2014-12-01 19:40:08', NULL, NULL, 'R', 'francis', 1),
(500, 441, NULL, 409, NULL, NULL, 1, 1, 42.00, NULL, NULL, '2014-12-02 10:23:16', NULL, NULL, 'R', 'francis', 1),
(501, 442, NULL, 410, NULL, NULL, 1, 1, 86.60, NULL, NULL, '2014-12-02 10:30:35', NULL, NULL, 'R', 'francis', 1),
(502, 443, NULL, 411, NULL, NULL, 1, 1, 46.00, NULL, NULL, '2014-12-02 10:36:55', NULL, NULL, 'R', 'francis', 1),
(503, 444, NULL, 412, NULL, NULL, 1, 1, 3.50, NULL, NULL, '2014-12-02 10:38:01', NULL, NULL, 'R', 'francis', 1),
(504, 445, NULL, 413, NULL, NULL, 1, 1, 87.00, NULL, NULL, '2014-12-02 10:44:33', NULL, NULL, 'R', 'francis', 1),
(505, 446, NULL, 414, NULL, NULL, 1, 1, 6.30, NULL, NULL, '2014-12-02 10:56:49', NULL, NULL, 'R', 'francis', 1),
(506, 448, NULL, 416, NULL, NULL, 1, 1, 39.30, NULL, NULL, '2014-12-02 11:58:02', NULL, NULL, 'R', 'francis', 1),
(507, 452, NULL, 419, NULL, NULL, 1, 1, 185.00, NULL, NULL, '2014-12-02 13:22:36', NULL, NULL, 'R', 'francis', 1),
(508, NULL, 246, NULL, NULL, 89, 9, 4, 605.92, 0.00, 0.00, '2014-12-02 14:37:54', 'Art Cor Comercio de Tintas Ltda', '', 'P', 'francis', 1),
(509, 457, NULL, 423, NULL, NULL, 1, 1, 64.00, NULL, NULL, '2014-12-02 17:31:43', NULL, NULL, 'R', 'francis', 1),
(510, 458, NULL, 424, NULL, NULL, 1, 1, 17.10, NULL, NULL, '2014-12-02 18:22:40', NULL, NULL, 'R', 'francis', 1),
(511, 459, NULL, 425, NULL, NULL, 1, 1, 26.90, NULL, NULL, '2014-12-02 19:12:36', NULL, NULL, 'R', 'francis', 1),
(512, 460, NULL, 426, NULL, NULL, 1, 1, 270.00, NULL, NULL, '2014-12-02 20:13:12', NULL, NULL, 'R', 'francis', 1),
(513, 461, NULL, 427, NULL, NULL, 1, 1, 62.00, NULL, NULL, '2014-12-03 11:02:21', NULL, NULL, 'R', 'francis ', 1),
(514, 462, NULL, 428, NULL, NULL, 1, 1, 20.65, NULL, NULL, '2014-12-03 11:06:32', NULL, NULL, 'R', 'francis ', 1),
(515, 463, NULL, 429, NULL, NULL, 1, 1, 5.50, NULL, NULL, '2014-12-03 11:13:50', NULL, NULL, 'R', 'francis ', 1),
(516, 465, NULL, 431, NULL, NULL, 1, 1, 16.00, NULL, NULL, '2014-12-03 12:34:52', NULL, NULL, 'R', 'francis ', 1),
(517, 466, NULL, 432, NULL, NULL, 1, 1, 7.00, NULL, NULL, '2014-12-03 12:38:42', NULL, NULL, 'R', 'francis ', 1),
(518, 467, NULL, 433, NULL, NULL, 1, 1, 180.00, NULL, NULL, '2014-12-03 13:16:35', NULL, NULL, 'R', 'francis ', 1),
(519, 469, NULL, 435, NULL, NULL, 1, 1, 17.00, NULL, NULL, '2014-12-03 15:28:38', NULL, NULL, 'R', 'francis', 1),
(520, NULL, 222, NULL, NULL, 82, 9, 1, 401.69, 0.00, 0.00, '2014-12-03 15:42:08', 'Eucatex Distribuidora', '', 'P', 'francis', 1),
(521, NULL, 192, NULL, NULL, 59, 9, 1, 51.80, 0.00, 0.00, '2014-12-03 15:42:16', 'Banco Itau Tarifa c-c', '', 'P', 'francis', 1),
(522, NULL, 258, NULL, NULL, 92, 9, 6, 646.20, 0.00, 0.00, '2014-12-03 15:42:23', 'Eucatex Logistica', '', 'P', 'francis', 1),
(523, NULL, 290, NULL, NULL, 111, 9, 6, 556.17, 0.00, 0.00, '2014-12-03 15:42:30', 'Carne carro', '', 'P', 'francis', 1),
(524, 470, NULL, 436, NULL, NULL, 1, 1, 12.30, NULL, NULL, '2014-12-03 17:26:52', NULL, NULL, 'R', 'francis', 1),
(525, 473, NULL, 439, NULL, NULL, 1, 1, 17.00, NULL, NULL, '2014-12-03 19:14:42', NULL, NULL, 'R', 'francis', 1),
(526, 464, NULL, 430, NULL, NULL, 1, 7, 90.00, 30.00, 0.00, '2014-12-03 19:17:00', NULL, 'devolveu grafiato', 'R', 'francis', 1),
(527, 474, NULL, 440, NULL, NULL, 1, 1, 94.00, NULL, NULL, '2014-12-03 19:38:04', NULL, NULL, 'R', 'francis', 1),
(528, 475, NULL, 441, NULL, NULL, 1, 1, 13.45, NULL, NULL, '2014-12-03 19:40:17', NULL, NULL, 'R', 'francis', 1),
(529, 476, NULL, 442, NULL, NULL, 1, 1, 12.00, NULL, NULL, '2014-12-03 19:50:45', NULL, NULL, 'R', 'francis', 1),
(530, 478, NULL, 444, NULL, NULL, 1, 1, 67.70, NULL, NULL, '2014-12-04 10:05:53', NULL, NULL, 'R', 'francis', 1),
(531, 480, NULL, 446, NULL, NULL, 1, 1, 60.00, NULL, NULL, '2014-12-04 10:52:15', NULL, NULL, 'R', 'francis', 1),
(532, 481, NULL, 447, NULL, NULL, 1, 1, 10.00, NULL, NULL, '2014-12-04 11:01:02', NULL, NULL, 'R', 'francis', 1),
(533, 482, NULL, 448, NULL, NULL, 1, 1, 9.50, NULL, NULL, '2014-12-04 11:03:13', NULL, NULL, 'R', 'francis', 1),
(534, 483, NULL, 449, NULL, NULL, 1, 1, 13.80, NULL, NULL, '2014-12-04 11:50:17', NULL, NULL, 'R', 'francis', 1),
(535, 484, NULL, 450, NULL, NULL, 1, 1, 6.75, NULL, NULL, '2014-12-04 12:36:06', NULL, NULL, 'R', 'francis', 1),
(536, 485, NULL, 451, NULL, NULL, 1, 1, 4.20, NULL, NULL, '2014-12-04 13:11:40', NULL, NULL, 'R', 'francis', 1),
(537, 486, NULL, 452, NULL, NULL, 1, 1, 12.00, NULL, NULL, '2014-12-04 15:27:21', NULL, NULL, 'R', 'francis', 1),
(538, 487, NULL, 453, NULL, NULL, 1, 1, 12.00, NULL, NULL, '2014-12-04 16:18:07', NULL, NULL, 'R', 'francis', 1),
(539, 488, NULL, 454, NULL, NULL, 1, 1, 15.00, NULL, NULL, '2014-12-04 18:04:19', NULL, NULL, 'R', 'francis', 1),
(540, 490, NULL, 455, NULL, NULL, 1, 1, 12.00, NULL, NULL, '2014-12-04 18:29:29', NULL, NULL, 'R', 'francis', 1),
(541, 491, NULL, 456, NULL, NULL, 1, 1, 78.00, NULL, NULL, '2014-12-04 18:30:30', NULL, NULL, 'R', 'francis', 1),
(542, 493, NULL, 458, NULL, NULL, 1, 1, 42.00, NULL, NULL, '2014-12-04 18:49:33', NULL, NULL, 'R', 'francis', 1),
(543, 494, NULL, 459, NULL, NULL, 1, 1, 2.50, NULL, NULL, '2014-12-04 18:56:07', NULL, NULL, 'R', 'francis', 1),
(544, 498, NULL, 463, NULL, NULL, 1, 1, 10.00, NULL, NULL, '2014-12-05 10:34:07', NULL, NULL, 'R', 'francis', 1),
(545, 500, NULL, 465, NULL, NULL, 1, 1, 41.40, NULL, NULL, '2014-12-05 10:44:29', NULL, NULL, 'R', 'francis', 1),
(546, 501, NULL, 466, NULL, NULL, 1, 1, 26.10, NULL, NULL, '2014-12-05 10:47:34', NULL, NULL, 'R', 'francis', 1),
(547, 502, NULL, 467, NULL, NULL, 1, 1, 3.50, NULL, NULL, '2014-12-05 10:48:29', NULL, NULL, 'R', 'francis', 1),
(548, 495, NULL, 460, NULL, NULL, 1, 7, 64.70, 0.00, 0.00, '2014-12-05 10:53:53', NULL, 'pago ', 'R', 'francis', 1),
(549, 503, NULL, 468, NULL, NULL, 1, 1, 82.00, NULL, NULL, '2014-12-05 10:56:36', NULL, NULL, 'R', 'francis', 1),
(550, 504, NULL, 469, NULL, NULL, 1, 1, 64.00, NULL, NULL, '2014-12-05 11:12:41', NULL, NULL, 'R', 'francis', 1),
(551, 506, NULL, 471, NULL, NULL, 1, 1, 74.67, NULL, NULL, '2014-12-05 12:42:16', NULL, NULL, 'R', 'francis', 1),
(552, 507, NULL, 472, NULL, NULL, 1, 1, 30.00, NULL, NULL, '2014-12-05 12:51:42', NULL, NULL, 'R', 'francis', 1),
(553, 508, NULL, 473, NULL, NULL, 1, 1, 36.30, NULL, NULL, '2014-12-05 13:11:24', NULL, NULL, 'R', 'francis', 1),
(554, 509, NULL, 474, NULL, NULL, 1, 1, 10.00, NULL, NULL, '2014-12-05 13:34:11', NULL, NULL, 'R', 'francis', 1),
(555, 510, NULL, 475, NULL, NULL, 1, 1, 13.45, NULL, NULL, '2014-12-05 14:00:11', NULL, NULL, 'R', 'francis', 1),
(556, 511, NULL, 476, NULL, NULL, 1, 1, 12.00, NULL, NULL, '2014-12-05 14:06:08', NULL, NULL, 'R', 'francis', 1),
(557, 512, NULL, 477, NULL, NULL, 1, 1, 23.50, NULL, NULL, '2014-12-05 14:58:39', NULL, NULL, 'R', 'francis', 1),
(558, 513, NULL, 478, NULL, NULL, 1, 1, 2.00, NULL, NULL, '2014-12-05 16:16:37', NULL, NULL, 'R', 'francis', 1),
(559, 514, NULL, 479, NULL, NULL, 1, 1, 30.00, NULL, NULL, '2014-12-05 17:35:44', NULL, NULL, 'R', 'francis', 1),
(560, 515, NULL, 480, NULL, NULL, 1, 1, 23.00, NULL, NULL, '2014-12-05 17:44:15', NULL, NULL, 'R', 'francis', 1),
(561, 517, NULL, 482, NULL, NULL, 1, 1, 160.00, NULL, NULL, '2014-12-06 10:35:54', NULL, NULL, 'R', 'francis', 1),
(562, 519, NULL, 484, NULL, NULL, 1, 1, 24.80, NULL, NULL, '2014-12-06 10:46:50', NULL, NULL, 'R', 'francis', 1),
(563, 520, NULL, 485, NULL, NULL, 1, 1, 46.00, NULL, NULL, '2014-12-06 10:48:53', NULL, NULL, 'R', 'francis', 1),
(564, 521, NULL, 486, NULL, NULL, 1, 1, 72.40, NULL, NULL, '2014-12-06 11:09:03', NULL, NULL, 'R', 'francis', 1),
(565, 522, NULL, 487, NULL, NULL, 1, 1, 100.00, NULL, NULL, '2014-12-06 11:23:13', NULL, NULL, 'R', 'francis', 1),
(566, 523, NULL, 488, NULL, NULL, 1, 1, 30.00, NULL, NULL, '2014-12-06 11:49:22', NULL, NULL, 'R', 'francis', 1),
(567, 524, NULL, 489, NULL, NULL, 1, 1, 12.00, NULL, NULL, '2014-12-06 11:51:54', NULL, NULL, 'R', 'francis', 1),
(568, 525, NULL, 490, NULL, NULL, 1, 1, 6.25, NULL, NULL, '2014-12-06 12:14:47', NULL, NULL, 'R', 'francis', 1),
(569, 526, NULL, 492, NULL, NULL, 1, 1, 30.00, NULL, NULL, '2014-12-06 12:45:45', NULL, NULL, 'R', 'francis', 1),
(570, 527, NULL, 494, NULL, NULL, 1, 1, 54.00, NULL, NULL, '2014-12-06 13:10:02', NULL, NULL, 'R', 'francis', 1),
(571, 528, NULL, 495, NULL, NULL, 1, 1, 1.25, NULL, NULL, '2014-12-06 13:11:26', NULL, NULL, 'R', 'francis', 1),
(572, 529, NULL, 496, NULL, NULL, 1, 1, 46.00, NULL, NULL, '2014-12-06 13:14:56', NULL, NULL, 'R', 'francis', 1),
(573, 531, NULL, 498, NULL, NULL, 1, 1, 2.00, NULL, NULL, '2014-12-06 13:47:34', NULL, NULL, 'R', 'francis', 1),
(574, 532, NULL, 499, NULL, NULL, 1, 1, 42.00, NULL, NULL, '2014-12-06 14:06:12', NULL, NULL, 'R', 'francis', 1),
(575, 534, NULL, 500, NULL, NULL, 1, 1, 76.85, NULL, NULL, '2014-12-06 14:07:09', NULL, NULL, 'R', 'francis', 1),
(576, 535, NULL, 501, NULL, NULL, 1, 1, 60.00, NULL, NULL, '2014-12-06 14:15:33', NULL, NULL, 'R', 'francis', 1),
(577, 538, NULL, 504, NULL, NULL, 1, 1, 3.50, NULL, NULL, '2014-12-08 12:55:28', NULL, NULL, 'R', 'francis', 1),
(578, 539, NULL, 505, NULL, NULL, 1, 1, 24.00, NULL, NULL, '2014-12-08 13:24:17', NULL, NULL, 'R', 'francis', 1),
(579, 540, NULL, 506, NULL, NULL, 1, 1, 7.90, NULL, NULL, '2014-12-08 14:02:18', NULL, NULL, 'R', 'francis', 1),
(580, 543, NULL, 508, NULL, NULL, 1, 1, 7.00, NULL, NULL, '2014-12-08 14:35:32', NULL, NULL, 'R', 'francis', 1),
(581, 544, NULL, 509, NULL, NULL, 1, 1, 10.00, NULL, NULL, '2014-12-08 15:36:30', NULL, NULL, 'R', 'francis', 1),
(582, 545, NULL, 510, NULL, NULL, 1, 1, 36.80, NULL, NULL, '2014-12-08 15:38:07', NULL, NULL, 'R', 'francis', 1),
(583, 546, NULL, 511, NULL, NULL, 1, 1, 10.00, NULL, NULL, '2014-12-08 17:33:08', NULL, NULL, 'R', 'francis', 1),
(584, 548, NULL, 513, NULL, NULL, 1, 1, 68.00, NULL, NULL, '2014-12-08 18:03:11', NULL, NULL, 'R', 'francis', 1),
(585, 549, NULL, 514, NULL, NULL, 1, 1, 1.80, NULL, NULL, '2014-12-08 18:04:41', NULL, NULL, 'R', 'francis', 1),
(586, 550, NULL, 515, NULL, NULL, 1, 1, 3.50, NULL, NULL, '2014-12-08 18:16:42', NULL, NULL, 'R', 'francis', 1),
(587, 552, NULL, 517, NULL, NULL, 1, 1, 39.00, NULL, NULL, '2014-12-08 18:55:53', NULL, NULL, 'R', 'francis', 1),
(588, 560, NULL, 524, NULL, NULL, 1, 1, 10.00, NULL, NULL, '2014-12-09 10:23:03', NULL, NULL, 'R', 'francis', 1),
(589, 561, NULL, 525, NULL, NULL, 1, 1, 51.00, NULL, NULL, '2014-12-09 10:49:23', NULL, NULL, 'R', 'francis', 1),
(590, 518, NULL, 483, NULL, NULL, 1, 7, 190.00, 0.00, 0.00, '2014-12-09 11:45:28', NULL, 'cartao debito', 'R', 'francis', 1),
(591, 505, NULL, 470, NULL, NULL, 1, 7, 13.20, 0.00, 0.00, '2014-12-09 11:46:07', NULL, 'cartao debito', 'R', 'francis', 1),
(592, 499, NULL, 464, NULL, NULL, 1, 7, 7.00, 0.00, 0.00, '2014-12-09 11:46:55', NULL, 'cartao debito', 'R', 'francis', 1),
(593, 479, NULL, 445, NULL, NULL, 1, 7, 30.00, 0.00, 0.00, '2014-12-09 11:48:49', NULL, 'cartao debito', 'R', 'francis', 1),
(594, 427, NULL, 396, NULL, NULL, 1, 7, 36.10, 0.00, 0.00, '2014-12-09 11:49:25', NULL, 'cartao debito', 'R', 'francis', 1),
(595, 454, NULL, 420, NULL, NULL, 1, 7, 42.00, 0.00, 0.00, '2014-12-09 11:50:19', NULL, 'cartao debito', 'R', 'francis', 1),
(596, 451, NULL, 418, NULL, NULL, 1, 7, 185.00, 0.00, 0.00, '2014-12-09 11:51:04', NULL, 'cartao debito', 'R', 'francis', 1),
(597, 565, NULL, 527, NULL, NULL, 1, 1, 15.45, NULL, NULL, '2014-12-09 14:07:39', NULL, NULL, 'R', 'francis', 1),
(598, 566, NULL, 528, NULL, NULL, 1, 1, 13.20, NULL, NULL, '2014-12-09 14:28:49', NULL, NULL, 'R', 'francis', 1),
(599, NULL, 261, NULL, NULL, 93, 9, 6, 900.85, 0.00, 0.00, '2014-12-09 15:06:34', 'Maza Produtos Quimicos ', '', 'P', 'francis', 1),
(600, NULL, 267, NULL, NULL, 96, 9, 6, 376.40, 0.00, 0.00, '2014-12-09 15:06:45', 'Eucatex Logistica', '', 'P', 'francis', 1),
(601, 567, NULL, 529, NULL, NULL, 1, 1, 23.00, NULL, NULL, '2014-12-09 15:14:33', NULL, NULL, 'R', 'francis', 1),
(602, 569, NULL, 531, NULL, NULL, 1, 1, 26.00, NULL, NULL, '2014-12-09 15:23:54', NULL, NULL, 'R', 'francis', 1),
(603, 573, NULL, 535, NULL, NULL, 1, 1, 36.25, NULL, NULL, '2014-12-09 17:44:46', NULL, NULL, 'R', 'francis', 1),
(604, 575, NULL, 537, NULL, NULL, 1, 1, 12.00, NULL, NULL, '2014-12-09 18:44:04', NULL, NULL, 'R', 'francis', 1),
(605, 577, NULL, 539, NULL, NULL, 1, 1, 46.00, NULL, NULL, '2014-12-09 19:11:04', NULL, NULL, 'R', 'francis', 1),
(606, 578, NULL, 540, NULL, NULL, 1, 1, 127.80, NULL, NULL, '2014-12-09 19:44:20', NULL, NULL, 'R', 'francis', 1),
(607, NULL, 134, NULL, NULL, 35, 9, 4, 2758.50, 0.00, 0.00, '2014-12-10 11:22:53', 'Tal - Cor ', '', 'P', 'francis', 1),
(608, 580, NULL, 542, NULL, NULL, 1, 1, 40.00, NULL, NULL, '2014-12-10 11:44:04', NULL, NULL, 'R', 'francis', 1),
(609, 582, NULL, 543, NULL, NULL, 1, 1, 145.00, NULL, NULL, '2014-12-10 11:50:26', NULL, NULL, 'R', 'francis', 1),
(610, 584, NULL, 545, NULL, NULL, 1, 1, 10.00, NULL, NULL, '2014-12-10 13:04:55', NULL, NULL, 'R', 'francis', 1),
(611, 590, NULL, 549, NULL, NULL, 1, 1, 14.00, NULL, NULL, '2014-12-10 16:02:49', NULL, NULL, 'R', 'francis', 1),
(612, 591, NULL, 550, NULL, NULL, 1, 1, 12.00, NULL, NULL, '2014-12-10 16:05:00', NULL, NULL, 'R', 'francis', 1),
(613, 592, NULL, 551, NULL, NULL, 1, 1, 60.00, NULL, NULL, '2014-12-10 16:37:08', NULL, NULL, 'R', 'francis', 1),
(614, 593, NULL, 552, NULL, NULL, 1, 1, 13.45, NULL, NULL, '2014-12-10 16:41:57', NULL, NULL, 'R', 'francis', 1),
(615, 598, NULL, 557, NULL, NULL, 1, 1, 185.00, NULL, NULL, '2014-12-10 18:57:41', NULL, NULL, 'R', 'francis', 1),
(616, 599, NULL, 558, NULL, NULL, 1, 1, 7.00, NULL, NULL, '2014-12-10 19:34:33', NULL, NULL, 'R', 'francis', 1),
(617, 600, NULL, 559, NULL, NULL, 1, 1, 24.80, NULL, NULL, '2014-12-10 19:48:08', NULL, NULL, 'R', 'francis', 1),
(618, 601, NULL, 560, NULL, NULL, 1, 1, 39.30, NULL, NULL, '2014-12-10 19:51:21', NULL, NULL, 'R', 'francis', 1),
(619, 602, NULL, 561, NULL, NULL, 1, 1, 75.00, NULL, NULL, '2014-12-11 11:00:30', NULL, NULL, 'R', 'francis', 1),
(620, 603, NULL, 562, NULL, NULL, 1, 1, 2.70, NULL, NULL, '2014-12-11 11:04:49', NULL, NULL, 'R', 'francis', 1),
(621, 604, NULL, 563, NULL, NULL, 1, 1, 7.30, NULL, NULL, '2014-12-11 11:22:15', NULL, NULL, 'R', 'francis', 1),
(622, 605, NULL, 564, NULL, NULL, 1, 1, 69.30, NULL, NULL, '2014-12-11 12:14:15', NULL, NULL, 'R', 'francis', 1),
(623, 606, NULL, 565, NULL, NULL, 1, 1, 54.20, NULL, NULL, '2014-12-11 12:36:09', NULL, NULL, 'R', 'francis', 1),
(624, 608, NULL, 567, NULL, NULL, 1, 1, 5.00, NULL, NULL, '2014-12-11 13:55:20', NULL, NULL, 'R', 'francis', 1),
(625, NULL, 276, NULL, NULL, 102, 9, 6, 406.93, 0.00, 0.00, '2014-12-11 14:15:08', 'Mactra', '', 'P', 'francis', 1),
(626, 610, NULL, 569, NULL, NULL, 1, 1, 17.90, NULL, NULL, '2014-12-11 14:30:32', NULL, NULL, 'R', 'francis', 1),
(627, 611, NULL, 570, NULL, NULL, 1, 1, 16.30, NULL, NULL, '2014-12-11 15:35:00', NULL, NULL, 'R', 'francis', 1),
(628, 613, NULL, 572, NULL, NULL, 1, 1, 24.00, NULL, NULL, '2014-12-11 16:08:20', NULL, NULL, 'R', 'francis', 1),
(629, 614, NULL, 573, NULL, NULL, 1, 1, 130.00, NULL, NULL, '2014-12-11 16:55:55', NULL, NULL, 'R', 'francis', 1),
(630, 615, NULL, 574, NULL, NULL, 1, 1, 24.00, NULL, NULL, '2014-12-11 17:05:26', NULL, NULL, 'R', 'francis', 1),
(631, 616, NULL, 575, NULL, NULL, 1, 1, 3.80, NULL, NULL, '2014-12-11 17:07:26', NULL, NULL, 'R', 'francis', 1),
(632, 618, NULL, 577, NULL, NULL, 1, 1, 81.50, NULL, NULL, '2014-12-11 17:59:38', NULL, NULL, 'R', 'francis', 1),
(633, 619, NULL, 578, NULL, NULL, 1, 1, 44.00, NULL, NULL, '2014-12-11 18:33:53', NULL, NULL, 'R', 'francis', 1),
(634, 621, NULL, 308, NULL, NULL, 1, 1, 10.00, NULL, NULL, '2014-12-12 10:33:42', NULL, NULL, 'R', 'manasses', 1),
(635, 622, NULL, 581, NULL, NULL, 1, 1, 78.90, NULL, NULL, '2014-12-12 11:10:27', NULL, NULL, 'R', 'manasses', 1),
(636, 624, NULL, 582, NULL, NULL, 1, 1, 110.00, NULL, NULL, '2014-12-12 12:28:18', NULL, NULL, 'R', 'manasses', 1),
(637, 624, NULL, 582, NULL, NULL, 1, 1, 110.00, NULL, NULL, '2014-12-12 12:28:18', NULL, NULL, 'R', 'manasses', 1),
(638, 625, NULL, 583, NULL, NULL, 1, 1, 145.00, NULL, NULL, '2014-12-12 13:19:30', NULL, NULL, 'R', 'manasses', 1),
(639, 626, NULL, 584, NULL, NULL, 1, 1, 14.10, NULL, NULL, '2014-12-12 13:58:41', NULL, NULL, 'R', 'manasses', 1),
(640, 629, NULL, 587, NULL, NULL, 1, 1, 83.15, NULL, NULL, '2014-12-12 16:49:40', NULL, NULL, 'R', 'manasses', 1),
(641, NULL, 306, NULL, NULL, 116, 9, 6, 1217.09, 0.00, 0.00, '2014-12-12 17:15:23', 'Cart&#227;o de Crédito', '', 'P', 'manasses', 1),
(642, NULL, 170, NULL, NULL, 56, 9, 6, 150.00, 0.00, 0.00, '2014-12-12 17:15:31', 'Forte System', '', 'P', 'manasses', 1),
(643, NULL, 289, NULL, NULL, 110, 9, 6, 60.79, 0.00, 0.00, '2014-12-12 17:15:39', 'Conta de Agua ', '', 'P', 'manasses', 1),
(644, NULL, 145, NULL, NULL, 40, 9, 6, 649.19, 0.00, 0.00, '2014-12-12 17:15:48', 'Eucatex Distribuiç&#227;o e Logistica', '', 'P', 'manasses', 1),
(645, NULL, 273, NULL, NULL, 101, 9, 6, 472.80, 0.00, 0.00, '2014-12-12 17:15:57', 'Eucatex Logistica', '', 'P', 'manasses', 1),
(646, NULL, 139, NULL, NULL, 38, 9, 6, 281.00, 0.00, 0.00, '2014-12-12 17:17:15', 'ArtCores Tintas', '', 'P', 'manasses', 1),
(647, 631, NULL, 589, NULL, NULL, 1, 1, 125.00, NULL, NULL, '2014-12-12 19:41:26', NULL, NULL, 'R', 'manasses', 1),
(648, 633, NULL, 591, NULL, NULL, 1, 1, 30.00, NULL, NULL, '2014-12-13 10:49:01', NULL, NULL, 'R', 'manasses', 1),
(649, 634, NULL, 592, NULL, NULL, 1, 1, 5.00, NULL, NULL, '2014-12-13 10:50:43', NULL, NULL, 'R', 'manasses', 1),
(650, 635, NULL, 593, NULL, NULL, 1, 1, 24.00, NULL, NULL, '2014-12-13 11:03:22', NULL, NULL, 'R', 'manasses', 1),
(651, 636, NULL, 594, NULL, NULL, 1, 1, 60.00, NULL, NULL, '2014-12-13 12:01:50', NULL, NULL, 'R', 'manasses', 1),
(652, 637, NULL, 595, NULL, NULL, 1, 1, 391.55, NULL, NULL, '2014-12-13 12:08:48', NULL, NULL, 'R', 'manasses', 1),
(653, 641, NULL, 599, NULL, NULL, 1, 1, 124.00, NULL, NULL, '2014-12-13 14:51:51', NULL, NULL, 'R', 'manasses', 1),
(654, 642, NULL, 580, NULL, NULL, 1, 1, 3.75, NULL, NULL, '2014-12-15 12:02:24', NULL, NULL, 'R', 'francis', 1),
(655, 643, NULL, 601, NULL, NULL, 1, 1, 10.00, NULL, NULL, '2014-12-15 12:42:02', NULL, NULL, 'R', 'francis', 1),
(656, 644, NULL, 602, NULL, NULL, 1, 1, 30.00, NULL, NULL, '2014-12-15 13:01:21', NULL, NULL, 'R', 'francis', 1),
(657, 646, NULL, 604, NULL, NULL, 1, 1, 127.00, NULL, NULL, '2014-12-15 13:07:37', NULL, NULL, 'R', 'francis', 1),
(658, 647, NULL, 605, NULL, NULL, 1, 1, 30.00, NULL, NULL, '2014-12-15 13:14:05', NULL, NULL, 'R', 'francis', 1),
(659, 648, NULL, 606, NULL, NULL, 1, 1, 6.00, NULL, NULL, '2014-12-15 14:11:00', NULL, NULL, 'R', 'francis', 1),
(660, 650, NULL, 607, NULL, NULL, 1, 1, 39.30, NULL, NULL, '2014-12-15 14:12:52', NULL, NULL, 'R', 'francis', 1),
(661, 651, NULL, 608, NULL, NULL, 1, 1, 26.90, NULL, NULL, '2014-12-15 14:58:50', NULL, NULL, 'R', 'francis', 1),
(662, 652, NULL, 609, NULL, NULL, 1, 1, 8.50, NULL, NULL, '2014-12-15 14:59:55', NULL, NULL, 'R', 'francis', 1),
(663, 653, NULL, 610, NULL, NULL, 1, 1, 36.00, NULL, NULL, '2014-12-15 17:02:29', NULL, NULL, 'R', 'francis', 1),
(664, NULL, 178, NULL, NULL, 57, 9, 1, 700.00, 0.00, 0.00, '2014-12-15 17:43:04', 'Amado José Silveira', '', 'P', 'francis', 1),
(665, NULL, 107, NULL, NULL, 29, 9, 6, 280.00, 0.00, 0.00, '2014-12-15 17:43:13', 'Contadora', '', 'P', 'francis', 1),
(666, NULL, 285, NULL, NULL, 108, 9, 6, 348.66, 0.00, 0.00, '2014-12-15 17:43:23', 'Eucatex Logistica', '', 'P', 'francis', 1),
(667, 628, NULL, 586, NULL, NULL, 1, 7, 98.25, 0.00, 0.00, '2014-12-15 17:52:44', NULL, 'pago', 'R', 'francis', 1),
(668, 655, NULL, 612, NULL, NULL, 1, 1, 40.00, NULL, NULL, '2014-12-15 19:05:36', NULL, NULL, 'R', 'francis', 1),
(669, 656, NULL, 613, NULL, NULL, 1, 1, 69.30, NULL, NULL, '2014-12-15 19:55:11', NULL, NULL, 'R', 'francis', 1),
(670, 659, NULL, 616, NULL, NULL, 1, 1, 2.70, NULL, NULL, '2014-12-16 11:28:05', NULL, NULL, 'R', 'francis', 1),
(671, 662, NULL, 619, NULL, NULL, 1, 1, 15.60, NULL, NULL, '2014-12-16 12:36:14', NULL, NULL, 'R', 'francis', 1),
(672, 667, NULL, 624, NULL, NULL, 1, 1, 124.00, NULL, NULL, '2014-12-16 13:40:22', NULL, NULL, 'R', 'francis', 1),
(673, 670, NULL, 627, NULL, NULL, 1, 1, 7.30, NULL, NULL, '2014-12-16 15:50:07', NULL, NULL, 'R', 'francis', 1),
(674, 671, NULL, 628, NULL, NULL, 1, 1, 14.35, NULL, NULL, '2014-12-16 16:26:26', NULL, NULL, 'R', 'francis', 1),
(675, 673, NULL, 630, NULL, NULL, 1, 1, 41.40, NULL, NULL, '2014-12-16 17:14:25', NULL, NULL, 'R', 'francis', 1),
(676, 675, NULL, 632, NULL, NULL, 1, 1, 10.00, NULL, NULL, '2014-12-16 18:38:53', NULL, NULL, 'R', 'francis', 1),
(677, 678, NULL, 635, NULL, NULL, 1, 1, 17.25, NULL, NULL, '2014-12-17 11:50:32', NULL, NULL, 'R', 'francis', 1),
(678, 679, NULL, 636, NULL, NULL, 1, 1, 8.00, NULL, NULL, '2014-12-17 11:51:26', NULL, NULL, 'R', 'francis', 1),
(679, 680, NULL, 637, NULL, NULL, 1, 1, 40.00, NULL, NULL, '2014-12-17 11:53:12', NULL, NULL, 'R', 'francis', 1),
(680, 681, NULL, 638, NULL, NULL, 1, 1, 50.00, NULL, NULL, '2014-12-17 12:27:40', NULL, NULL, 'R', 'francis', 1),
(681, 682, NULL, 639, NULL, NULL, 1, 1, 30.00, NULL, NULL, '2014-12-17 12:35:16', NULL, NULL, 'R', 'francis', 1),
(682, 684, NULL, 641, NULL, NULL, 1, 1, 38.00, NULL, NULL, '2014-12-17 14:52:39', NULL, NULL, 'R', 'francis', 1),
(683, 685, NULL, 642, NULL, NULL, 1, 1, 21.40, NULL, NULL, '2014-12-17 16:14:18', NULL, NULL, 'R', 'francis', 1),
(684, 686, NULL, 643, NULL, NULL, 1, 1, 27.00, NULL, NULL, '2014-12-17 17:26:54', NULL, NULL, 'R', 'francis', 1),
(685, 687, NULL, 644, NULL, NULL, 1, 1, 13.00, NULL, NULL, '2014-12-17 17:32:20', NULL, NULL, 'R', 'francis', 1),
(686, NULL, 189, NULL, NULL, 58, 9, 4, 701.00, 0.00, 0.00, '2014-12-17 18:13:42', 'Tal - Cor ', '', 'P', 'francis', 1),
(687, NULL, 207, NULL, NULL, 69, 9, 6, 204.00, 0.00, 0.00, '2014-12-17 18:13:52', 'Art Cor Comercio de Tintas Ltda', '', 'P', 'francis', 1),
(688, NULL, 223, NULL, NULL, 82, 9, 1, 401.69, 0.00, 0.00, '2014-12-17 18:14:04', 'Eucatex Distribuidora', '', 'P', 'francis', 1),
(689, NULL, 262, NULL, NULL, 93, 9, 6, 625.72, 0.00, 0.00, '2014-12-17 18:14:13', 'Maza Produtos Quimicos ', '', 'P', 'francis', 1),
(690, 688, NULL, 645, NULL, NULL, 1, 1, 35.00, NULL, NULL, '2014-12-17 19:32:34', NULL, NULL, 'R', 'francis', 1),
(691, 689, NULL, 646, NULL, NULL, 1, 1, 16.00, NULL, NULL, '2014-12-18 10:38:08', NULL, NULL, 'R', 'francis', 1),
(692, 630, NULL, 588, NULL, NULL, 1, 7, 198.50, 0.00, 0.00, '2014-12-18 10:48:51', NULL, 'pela irma', 'R', 'francis', 1),
(693, NULL, 278, NULL, NULL, 103, 9, 4, 602.00, 0.00, 0.00, '2014-12-18 10:50:07', 'Center Dias', '', 'P', 'francis', 1),
(694, 654, NULL, 611, NULL, NULL, 1, 7, 10.50, 0.00, 0.00, '2014-12-18 10:50:10', NULL, 'pago pela irma', 'R', 'francis', 1),
(695, 407, NULL, 377, NULL, NULL, 9, 3, 53.50, 0.00, 0.00, '2014-12-18 10:57:29', NULL, '', 'R', 'francis', 1),
(696, 691, NULL, 648, NULL, NULL, 1, 1, 183.00, NULL, NULL, '2014-12-18 11:26:19', NULL, NULL, 'R', 'francis', 1),
(697, 594, NULL, 553, NULL, NULL, 9, 7, 30.00, 0.00, 0.00, '2014-12-18 11:36:54', NULL, 'pago com o cartao', 'R', 'francis', 1),
(698, 693, NULL, 650, NULL, NULL, 1, 1, 3.20, NULL, NULL, '2014-12-18 11:41:11', NULL, NULL, 'R', 'francis', 1),
(699, 695, NULL, 652, NULL, NULL, 1, 1, 10.00, NULL, NULL, '2014-12-18 12:47:10', NULL, NULL, 'R', 'francis', 1),
(700, 696, NULL, 653, NULL, NULL, 1, 1, 44.30, NULL, NULL, '2014-12-18 13:57:56', NULL, NULL, 'R', 'francis', 1),
(701, 698, NULL, 655, NULL, NULL, 1, 1, 14.00, NULL, NULL, '2014-12-18 16:06:47', NULL, NULL, 'R', 'francis', 1),
(702, 699, NULL, 656, NULL, NULL, 1, 1, 2.00, NULL, NULL, '2014-12-18 16:10:55', NULL, NULL, 'R', 'francis', 1),
(703, 700, NULL, 657, NULL, NULL, 1, 1, 50.00, NULL, NULL, '2014-12-18 16:25:28', NULL, NULL, 'R', 'francis', 1),
(704, 701, NULL, 658, NULL, NULL, 1, 1, 42.00, NULL, NULL, '2014-12-18 16:44:44', NULL, NULL, 'R', 'francis', 1),
(705, 702, NULL, 659, NULL, NULL, 1, 1, 15.25, NULL, NULL, '2014-12-18 16:50:26', NULL, NULL, 'R', 'francis', 1),
(706, 703, NULL, 660, NULL, NULL, 1, 1, 23.90, NULL, NULL, '2014-12-18 16:54:53', NULL, NULL, 'R', 'francis', 1),
(707, 704, NULL, 661, NULL, NULL, 1, 1, 35.80, NULL, NULL, '2014-12-18 17:04:19', NULL, NULL, 'R', 'francis', 1),
(708, 705, NULL, 662, NULL, NULL, 1, 1, 30.00, NULL, NULL, '2014-12-18 17:55:31', NULL, NULL, 'R', 'francis', 1),
(709, 707, NULL, 664, NULL, NULL, 1, 1, 3.50, NULL, NULL, '2014-12-18 19:19:33', NULL, NULL, 'R', 'francis', 1),
(710, 717, NULL, 667, NULL, NULL, 1, 1, 8.00, NULL, NULL, '2014-12-18 20:00:23', NULL, NULL, 'R', 'francis', 1),
(711, 718, NULL, 668, NULL, NULL, 1, 1, 20.00, NULL, NULL, '2014-12-19 10:37:47', NULL, NULL, 'R', 'francis', 1),
(712, 719, NULL, 669, NULL, NULL, 1, 1, 6.40, NULL, NULL, '2014-12-19 10:58:09', NULL, NULL, 'R', 'francis', 1),
(713, 722, NULL, 672, NULL, NULL, 1, 1, 58.95, NULL, NULL, '2014-12-19 12:32:54', NULL, NULL, 'R', 'francis', 1),
(714, 723, NULL, 673, NULL, NULL, 1, 1, 10.00, NULL, NULL, '2014-12-19 12:34:29', NULL, NULL, 'R', 'francis', 1),
(715, 725, NULL, 675, NULL, NULL, 1, 1, 7.50, NULL, NULL, '2014-12-19 13:06:46', NULL, NULL, 'R', 'francis', 1),
(716, 727, NULL, 677, NULL, NULL, 1, 1, 93.00, NULL, NULL, '2014-12-19 14:16:57', NULL, NULL, 'R', 'francis', 1),
(717, 729, NULL, 679, NULL, NULL, 1, 1, 17.00, NULL, NULL, '2014-12-19 15:23:06', NULL, NULL, 'R', 'francis', 1),
(718, 730, NULL, 680, NULL, NULL, 1, 1, 13.00, NULL, NULL, '2014-12-19 15:44:39', NULL, NULL, 'R', 'francis', 1),
(719, 731, NULL, 681, NULL, NULL, 1, 1, 21.00, NULL, NULL, '2014-12-19 15:54:34', NULL, NULL, 'R', 'francis', 1),
(720, 733, NULL, 683, NULL, NULL, 1, 1, 190.00, NULL, NULL, '2014-12-19 17:00:52', NULL, NULL, 'R', 'francis', 1),
(721, 737, NULL, 687, NULL, NULL, 1, 1, 7.80, NULL, NULL, '2014-12-19 18:21:59', NULL, NULL, 'R', 'francis', 1),
(722, 738, NULL, 688, NULL, NULL, 1, 1, 3.00, NULL, NULL, '2014-12-20 11:18:22', NULL, NULL, 'R', 'francis', 1),
(723, 739, NULL, 689, NULL, NULL, 1, 1, 10.00, NULL, NULL, '2014-12-20 11:19:36', NULL, NULL, 'R', 'francis', 1),
(724, 742, NULL, 692, NULL, NULL, 1, 1, 57.00, NULL, NULL, '2014-12-20 12:26:53', NULL, NULL, 'R', 'francis', 1),
(725, 744, NULL, 694, NULL, NULL, 1, 1, 2.50, NULL, NULL, '2014-12-20 14:13:00', NULL, NULL, 'R', 'francis', 1),
(726, 745, NULL, 695, NULL, NULL, 1, 1, 19.40, NULL, NULL, '2014-12-20 14:17:46', NULL, NULL, 'R', 'francis', 1),
(727, 747, NULL, 697, NULL, NULL, 1, 1, 30.00, NULL, NULL, '2014-12-20 14:29:18', NULL, NULL, 'R', 'francis', 1),
(728, 748, NULL, 698, NULL, NULL, 1, 1, 32.20, NULL, NULL, '2014-12-20 14:37:32', NULL, NULL, 'R', 'francis', 1),
(729, 753, NULL, 703, NULL, NULL, 1, 1, 13.45, NULL, NULL, '2014-12-21 11:21:07', NULL, NULL, 'R', 'manasses', 1),
(730, 754, NULL, 704, NULL, NULL, 1, 1, 82.70, NULL, NULL, '2014-12-21 13:00:29', NULL, NULL, 'R', 'manasses', 1),
(731, 755, NULL, 705, NULL, NULL, 1, 1, 130.00, NULL, NULL, '2014-12-21 13:34:19', NULL, NULL, 'R', 'manasses', 1),
(732, 756, NULL, 706, NULL, NULL, 1, 1, 80.00, NULL, NULL, '2014-12-21 13:58:54', NULL, NULL, 'R', 'manasses', 1),
(733, 758, NULL, 700, NULL, NULL, 1, 1, 24.00, NULL, NULL, '2014-12-22 10:50:59', NULL, NULL, 'R', 'francis', 1),
(734, 759, NULL, 708, NULL, NULL, 1, 1, 8.50, NULL, NULL, '2014-12-22 10:52:10', NULL, NULL, 'R', 'francis', 1),
(735, 760, NULL, 709, NULL, NULL, 1, 1, 2.00, NULL, NULL, '2014-12-22 11:53:06', NULL, NULL, 'R', 'francis', 1),
(736, 762, NULL, 711, NULL, NULL, 1, 1, 19.50, NULL, NULL, '2014-12-22 12:30:04', NULL, NULL, 'R', 'francis', 1),
(737, 763, NULL, 712, NULL, NULL, 1, 1, 1.90, NULL, NULL, '2014-12-22 13:09:14', NULL, NULL, 'R', 'francis', 1),
(738, NULL, 287, NULL, NULL, 109, 9, 6, 594.65, 0.00, 0.00, '2014-12-22 13:10:39', 'Maza Produtos Quimicos ', '', 'P', 'MANASSES', 1),
(739, NULL, 211, NULL, NULL, 72, 9, 6, 253.00, 0.00, 0.00, '2014-12-22 13:10:50', 'ArtCores TINAS', '', 'P', 'MANASSES', 1),
(740, 752, NULL, 702, NULL, NULL, 9, 3, 115.45, 0.00, 0.00, '2014-12-22 13:11:32', NULL, '', 'R', 'francis', 1),
(741, NULL, 234, NULL, NULL, 87, 9, 6, 50.00, 0.00, 0.00, '2014-12-22 13:11:44', 'Várzea net ', '', 'P', 'MANASSES', 1),
(742, 433, NULL, 402, NULL, NULL, 9, 3, 34.00, 0.00, 0.00, '2014-12-22 13:11:48', NULL, '', 'R', 'francis', 1),
(743, 115, NULL, 106, NULL, NULL, 9, 6, 63.45, 0.00, 0.00, '2014-12-22 13:12:06', NULL, '', 'R', 'francis', 1),
(744, 447, NULL, 415, NULL, NULL, 9, 3, 84.00, 0.00, 0.00, '2014-12-22 13:12:23', NULL, '', 'R', 'francis', 1),
(745, 453, NULL, 419, NULL, NULL, 9, 3, 0.00, 0.00, 0.00, '2014-12-22 13:12:34', NULL, '', 'R', 'francis', 1),
(746, 455, NULL, 421, NULL, NULL, 9, 3, 39.00, 0.00, 0.00, '2014-12-22 13:28:53', NULL, '', 'R', 'francis', 1),
(747, 471, NULL, 437, NULL, NULL, 9, 3, 30.00, 0.00, 0.00, '2014-12-22 13:29:04', NULL, '', 'R', 'francis', 1),
(748, 477, NULL, 443, NULL, NULL, 9, 3, 4.00, 0.00, 0.00, '2014-12-22 13:29:35', NULL, '', 'R', 'francis', 1),
(749, 530, NULL, 497, NULL, NULL, 9, 3, 87.80, 0.00, 0.00, '2014-12-22 13:29:48', NULL, '', 'R', 'francis', 1),
(750, 537, NULL, 503, NULL, NULL, 9, 3, 245.00, 0.00, 0.00, '2014-12-22 13:29:59', NULL, '', 'R', 'francis', 1),
(751, 547, NULL, 512, NULL, NULL, 9, 3, 641.35, 0.00, 0.00, '2014-12-22 13:30:08', NULL, '', 'R', 'francis', 1),
(752, 551, NULL, 516, NULL, NULL, 9, 3, 89.55, 0.00, 0.00, '2014-12-22 13:30:17', NULL, '', 'R', 'francis', 1),
(753, 555, NULL, 520, NULL, NULL, 9, 3, 40.00, 0.00, 0.00, '2014-12-22 13:30:24', NULL, '', 'R', 'francis', 1),
(754, 556, NULL, 520, NULL, NULL, 9, 3, 39.00, 0.00, 0.00, '2014-12-22 13:33:27', NULL, '', 'R', 'francis', 1),
(755, 557, NULL, 521, NULL, NULL, 9, 3, 94.30, 0.00, 0.00, '2014-12-22 13:37:57', NULL, '', 'R', 'francis', 1),
(756, 559, NULL, 523, NULL, NULL, 9, 3, 15.70, 0.00, 0.00, '2014-12-22 13:38:07', NULL, '', 'R', 'francis', 1),
(757, 576, NULL, 538, NULL, NULL, 9, 3, 100.30, 0.00, 0.00, '2014-12-22 13:38:20', NULL, '', 'R', 'francis', 1),
(758, 579, NULL, 541, NULL, NULL, 9, 3, 68.70, 0.00, 0.00, '2014-12-22 13:38:29', NULL, '', 'R', 'francis', 1),
(759, 581, NULL, 542, NULL, NULL, 9, 3, 8.00, 0.00, 0.00, '2014-12-22 13:38:41', NULL, '', 'R', 'francis', 1),
(760, 583, NULL, 544, NULL, NULL, 9, 3, 32.00, 0.00, 0.00, '2014-12-22 13:38:48', NULL, '', 'R', 'francis', 1),
(761, 585, NULL, 546, NULL, NULL, 9, 3, 17.00, 0.00, 0.00, '2014-12-22 13:38:54', NULL, '', 'R', 'francis', 1),
(762, 589, NULL, 548, NULL, NULL, 9, 3, 35.10, 0.00, 0.00, '2014-12-22 13:39:01', NULL, '', 'R', 'francis', 1),
(763, 596, NULL, 555, NULL, NULL, 9, 3, 6.50, 0.00, 0.00, '2014-12-22 13:39:07', NULL, '', 'R', 'francis', 1),
(764, 607, NULL, 566, NULL, NULL, 9, 3, 21.20, 0.00, 0.00, '2014-12-22 13:39:14', NULL, '', 'R', 'francis', 1),
(765, 609, NULL, 568, NULL, NULL, 9, 3, 36.25, 0.00, 0.00, '2014-12-22 13:39:20', NULL, '', 'R', 'francis', 1),
(766, 617, NULL, 576, NULL, NULL, 9, 3, 155.00, 0.00, 0.00, '2014-12-22 13:39:28', NULL, '', 'R', 'francis', 1),
(767, 620, NULL, 579, NULL, NULL, 9, 3, 256.30, 0.00, 0.00, '2014-12-22 13:39:35', NULL, '', 'R', 'francis', 1),
(768, 627, NULL, 585, NULL, NULL, 9, 3, 7.90, 0.00, 0.00, '2014-12-22 13:39:45', NULL, '', 'R', 'francis', 1),
(769, 638, NULL, 596, NULL, NULL, 9, 3, 34.00, 0.00, 0.00, '2014-12-22 13:39:55', NULL, '', 'R', 'francis', 1),
(770, 639, NULL, 597, NULL, NULL, 9, 3, 240.00, 0.00, 0.00, '2014-12-22 13:40:04', NULL, '', 'R', 'francis', 1),
(771, 640, NULL, 598, NULL, NULL, 9, 3, 165.00, 0.00, 0.00, '2014-12-22 13:40:11', NULL, '', 'R', 'francis', 1),
(772, 645, NULL, 603, NULL, NULL, 9, 3, 90.00, 0.00, 0.00, '2014-12-22 13:40:20', NULL, '', 'R', 'francis', 1),
(773, 649, NULL, 606, NULL, NULL, 9, 3, 10.00, 0.00, 0.00, '2014-12-22 13:40:27', NULL, '', 'R', 'francis', 1),
(774, 658, NULL, 615, NULL, NULL, 9, 3, 28.50, 0.00, 0.00, '2014-12-22 13:40:40', NULL, '', 'R', 'francis', 1),
(775, 660, NULL, 617, NULL, NULL, 9, 3, 32.80, 0.00, 0.00, '2014-12-22 13:40:48', NULL, '', 'R', 'francis', 1),
(776, 661, NULL, 618, NULL, NULL, 9, 3, 61.00, 0.00, 0.00, '2014-12-22 13:40:56', NULL, '', 'R', 'francis', 1),
(777, 663, NULL, 620, NULL, NULL, 9, 3, 80.10, 0.00, 0.00, '2014-12-22 13:41:03', NULL, '', 'R', 'francis', 1),
(778, 664, NULL, 621, NULL, NULL, 9, 3, 58.95, 0.00, 0.00, '2014-12-22 13:41:11', NULL, '', 'R', 'francis', 1),
(779, 668, NULL, 625, NULL, NULL, 9, 3, 22.75, 0.00, 0.00, '2014-12-22 13:41:18', NULL, '', 'R', 'francis', 1),
(780, 690, NULL, 647, NULL, NULL, 9, 3, 15.50, 0.00, 0.00, '2014-12-22 13:41:29', NULL, '', 'R', 'francis', 1),
(781, 706, NULL, 663, NULL, NULL, 9, 3, 7.90, 0.00, 0.00, '2014-12-22 13:41:40', NULL, '', 'R', 'francis', 1),
(782, 715, NULL, 666, NULL, NULL, 9, 3, 211.73, 0.00, 0.00, '2014-12-22 13:41:47', NULL, '', 'R', 'francis', 1),
(783, 716, NULL, 666, NULL, NULL, 9, 3, 201.00, 0.00, 0.00, '2014-12-22 13:41:56', NULL, '', 'R', 'francis', 1),
(784, 720, NULL, 670, NULL, NULL, 9, 3, 22.00, 0.00, 0.00, '2014-12-22 13:42:03', NULL, '', 'R', 'francis', 1),
(785, 726, NULL, 676, NULL, NULL, 9, 3, 20.80, 0.00, 0.00, '2014-12-22 13:42:10', NULL, '', 'R', 'francis', 1),
(786, 728, NULL, 678, NULL, NULL, 9, 3, 100.00, 0.00, 0.00, '2014-12-22 13:42:18', NULL, '', 'R', 'francis', 1),
(787, 732, NULL, 682, NULL, NULL, 9, 3, 78.00, 0.00, 0.00, '2014-12-22 13:42:28', NULL, '', 'R', 'francis', 1),
(788, 740, NULL, 690, NULL, NULL, 9, 3, 46.60, 0.00, 0.00, '2014-12-22 13:42:38', NULL, '', 'R', 'francis', 1),
(789, 741, NULL, 691, NULL, NULL, 9, 3, 43.00, 0.00, 0.00, '2014-12-22 13:42:46', NULL, '', 'R', 'francis', 1),
(790, 743, NULL, 693, NULL, NULL, 9, 3, 26.00, 0.00, 0.00, '2014-12-22 13:42:53', NULL, '', 'R', 'francis', 1),
(791, 749, NULL, 699, NULL, NULL, 9, 3, 22.80, 0.00, 0.00, '2014-12-22 13:43:03', NULL, '', 'R', 'francis', 1),
(792, 750, NULL, 600, NULL, NULL, 9, 3, 130.00, 0.00, 0.00, '2014-12-22 13:43:10', NULL, '', 'R', 'francis', 1),
(793, 751, NULL, 701, NULL, NULL, 9, 3, 28.90, 0.00, 0.00, '2014-12-22 13:43:17', NULL, '', 'R', 'francis', 1),
(794, 765, NULL, 714, NULL, NULL, 1, 1, 111.30, NULL, NULL, '2014-12-22 14:18:48', NULL, NULL, 'R', 'francis', 1),
(795, 766, NULL, 715, NULL, NULL, 1, 1, 17.00, NULL, NULL, '2014-12-22 14:42:47', NULL, NULL, 'R', 'francis', 1),
(796, 767, NULL, 716, NULL, NULL, 1, 1, 120.00, NULL, NULL, '2014-12-22 15:50:38', NULL, NULL, 'R', 'francis', 1),
(797, NULL, 326, NULL, NULL, 125, 9, 6, 659.05, 0.00, 0.00, '2014-12-22 16:02:44', 'Darf Simples Nacional', '', 'P', 'manasses', 1),
(798, 768, NULL, 717, NULL, NULL, 1, 1, 21.85, NULL, NULL, '2014-12-22 17:35:39', NULL, NULL, 'R', 'francis', 1),
(799, 769, NULL, 718, NULL, NULL, 1, 1, 76.55, NULL, NULL, '2014-12-22 18:39:52', NULL, NULL, 'R', 'francis', 1),
(800, 770, NULL, 719, NULL, NULL, 1, 1, 47.90, NULL, NULL, '2014-12-22 19:05:43', NULL, NULL, 'R', 'francis', 1),
(801, 771, NULL, 720, NULL, NULL, 1, 1, 0.90, NULL, NULL, '2014-12-23 10:57:28', NULL, NULL, 'R', 'francis', 1),
(802, 773, NULL, 722, NULL, NULL, 1, 1, 7.80, NULL, NULL, '2014-12-23 11:04:26', NULL, NULL, 'R', 'francis', 1),
(803, 774, NULL, 723, NULL, NULL, 1, 1, 16.00, NULL, NULL, '2014-12-23 12:13:41', NULL, NULL, 'R', 'francis', 1),
(804, 775, NULL, 724, NULL, NULL, 1, 1, 18.00, NULL, NULL, '2014-12-23 12:26:33', NULL, NULL, 'R', 'francis', 1),
(805, 776, NULL, 725, NULL, NULL, 1, 1, 60.00, NULL, NULL, '2014-12-23 12:50:51', NULL, NULL, 'R', 'francis', 1),
(806, 777, NULL, 726, NULL, NULL, 1, 1, 21.85, NULL, NULL, '2014-12-23 13:05:27', NULL, NULL, 'R', 'francis', 1),
(807, 779, NULL, 728, NULL, NULL, 1, 1, 17.50, NULL, NULL, '2014-12-23 13:35:14', NULL, NULL, 'R', 'francis', 1),
(808, 780, NULL, 729, NULL, NULL, 1, 1, 25.00, NULL, NULL, '2014-12-23 14:21:00', NULL, NULL, 'R', 'francis', 1),
(809, 782, NULL, 731, NULL, NULL, 1, 1, 29.80, NULL, NULL, '2014-12-23 15:35:45', NULL, NULL, 'R', 'francis', 1),
(810, NULL, 307, NULL, NULL, 117, 9, 6, 581.53, 0.00, 0.00, '2014-12-23 16:07:22', 'Eucatex Logistica', '', 'P', 'manasses', 1),
(811, NULL, 313, NULL, NULL, 119, 9, 6, 438.97, 0.00, 0.00, '2014-12-23 16:07:31', 'Distribuidora Paulista', '', 'P', 'manasses', 1),
(812, 783, NULL, 732, NULL, NULL, 1, 1, 20.00, NULL, NULL, '2014-12-23 18:16:58', NULL, NULL, 'R', 'francis', 1),
(813, 784, NULL, 734, NULL, NULL, 1, 1, 3.80, NULL, NULL, '2014-12-23 19:55:33', NULL, NULL, 'R', 'manasses', 1),
(814, 785, NULL, 733, NULL, NULL, 1, 1, 16.20, NULL, NULL, '2014-12-24 10:46:19', NULL, NULL, 'R', 'francis', 1),
(815, 786, NULL, 736, NULL, NULL, 1, 1, 98.70, NULL, NULL, '2014-12-24 10:56:59', NULL, NULL, 'R', 'francis', 1),
(816, 788, NULL, 738, NULL, NULL, 1, 1, 23.00, NULL, NULL, '2014-12-24 11:35:17', NULL, NULL, 'R', 'francis', 1),
(817, 790, NULL, 740, NULL, NULL, 1, 1, 42.00, NULL, NULL, '2014-12-24 12:27:17', NULL, NULL, 'R', 'francis', 1),
(818, 791, NULL, 741, NULL, NULL, 1, 1, 10.00, NULL, NULL, '2014-12-24 12:49:39', NULL, NULL, 'R', 'francis', 1),
(819, 792, NULL, 742, NULL, NULL, 1, 1, 19.60, NULL, NULL, '2014-12-24 13:37:28', NULL, NULL, 'R', 'francis', 1),
(820, 793, NULL, 743, NULL, NULL, 1, 1, 9.70, NULL, NULL, '2014-12-26 10:38:33', NULL, NULL, 'R', 'francis', 1),
(821, NULL, 231, NULL, NULL, 86, 9, 6, 652.36, 0.00, 0.00, '2014-12-26 10:56:43', 'Eucatex Logistica', '', 'P', 'manasses', 1),
(822, NULL, 302, NULL, NULL, 112, 9, 6, 435.79, 0.00, 0.00, '2014-12-26 10:56:58', 'Distribuidora Paulista', '', 'P', 'manasses', 1),
(823, NULL, 337, NULL, NULL, 132, 9, 6, 126.53, 0.00, 0.00, '2014-12-26 11:22:50', 'Telefonica Loja', '', 'P', 'manasses', 1),
(824, NULL, 69, NULL, NULL, 19, 9, 6, 625.00, 0.00, 0.00, '2014-12-26 11:23:02', 'Gesse', '', 'P', 'manasses', 1),
(825, NULL, 304, NULL, NULL, 114, 9, 6, 100.00, 0.00, 0.00, '2014-12-26 11:23:12', 'Art Cor Comercio de Tintas Ltda', '', 'P', 'manasses', 1),
(826, 794, NULL, 744, NULL, NULL, 1, 1, 20.80, NULL, NULL, '2014-12-26 11:29:42', NULL, NULL, 'R', 'francis', 1),
(827, 795, NULL, 745, NULL, NULL, 1, 1, 1.50, NULL, NULL, '2014-12-26 11:36:30', NULL, NULL, 'R', 'francis', 1),
(828, 798, NULL, 747, NULL, NULL, 1, 1, 9.35, NULL, NULL, '2014-12-26 11:50:38', NULL, NULL, 'R', 'francis', 1),
(829, 799, NULL, 748, NULL, NULL, 1, 1, 3.90, NULL, NULL, '2014-12-26 12:06:09', NULL, NULL, 'R', 'francis', 1),
(830, 800, NULL, 749, NULL, NULL, 1, 1, 50.00, NULL, NULL, '2014-12-26 13:04:30', NULL, NULL, 'R', 'francis', 1),
(831, 801, NULL, 750, NULL, NULL, 1, 1, 42.00, NULL, NULL, '2014-12-26 13:08:57', NULL, NULL, 'R', 'francis', 1),
(832, 802, NULL, 751, NULL, NULL, 1, 1, 27.95, NULL, NULL, '2014-12-26 13:15:44', NULL, NULL, 'R', 'francis', 1),
(833, 804, NULL, 753, NULL, NULL, 1, 1, 17.00, NULL, NULL, '2014-12-26 14:36:31', NULL, NULL, 'R', 'francis', 1),
(834, 805, NULL, 754, NULL, NULL, 1, 1, 12.00, NULL, NULL, '2014-12-26 15:28:02', NULL, NULL, 'R', 'francis', 1),
(835, 807, NULL, 756, NULL, NULL, 1, 1, 24.00, NULL, NULL, '2014-12-26 15:31:45', NULL, NULL, 'R', 'francis', 1),
(836, 808, NULL, 757, NULL, NULL, 1, 1, 15.50, NULL, NULL, '2014-12-26 15:37:41', NULL, NULL, 'R', 'francis', 1),
(837, 809, NULL, 758, NULL, NULL, 1, 1, 19.95, NULL, NULL, '2014-12-26 17:40:03', NULL, NULL, 'R', 'francis', 1),
(838, 810, NULL, 759, NULL, NULL, 1, 1, 4.90, NULL, NULL, '2014-12-26 19:01:07', NULL, NULL, 'R', 'francis', 1),
(839, 811, NULL, 760, NULL, NULL, 1, 1, 41.80, NULL, NULL, '2014-12-26 19:30:31', NULL, NULL, 'R', 'francis', 1),
(840, 812, NULL, 761, NULL, NULL, 1, 1, 3.90, NULL, NULL, '2014-12-26 19:37:50', NULL, NULL, 'R', 'francis', 1),
(841, 813, NULL, 762, NULL, NULL, 1, 1, 10.00, NULL, NULL, '2014-12-26 19:38:39', NULL, NULL, 'R', 'francis', 1),
(842, 814, NULL, 735, NULL, NULL, 1, 1, 100.00, NULL, NULL, '2014-12-27 10:59:46', NULL, NULL, 'R', 'manasses', 1),
(843, 816, NULL, 764, NULL, NULL, 1, 1, 7.45, NULL, NULL, '2014-12-27 11:15:54', NULL, NULL, 'R', 'manasses', 1),
(844, 818, NULL, 766, NULL, NULL, 1, 1, 2.30, NULL, NULL, '2014-12-27 11:55:42', NULL, NULL, 'R', 'manasses', 1),
(845, 819, NULL, 767, NULL, NULL, 1, 1, 1.30, NULL, NULL, '2014-12-27 12:09:29', NULL, NULL, 'R', 'manasses', 1),
(846, 820, NULL, 768, NULL, NULL, 1, 1, 12.00, NULL, NULL, '2014-12-27 12:44:28', NULL, NULL, 'R', 'manasses', 1),
(847, 821, NULL, 769, NULL, NULL, 1, 1, 24.95, NULL, NULL, '2014-12-27 13:10:12', NULL, NULL, 'R', 'manasses', 1),
(848, 823, NULL, 771, NULL, NULL, 1, 1, 5.00, NULL, NULL, '2014-12-27 13:29:13', NULL, NULL, 'R', 'manasses', 1);

-- --------------------------------------------------------

--
-- Estrutura para tabela `livrocaixa`
--

CREATE TABLE IF NOT EXISTS `livrocaixa` (
`livroID` int(11) NOT NULL,
  `banco` varchar(50) NOT NULL,
  `descricao` text NOT NULL,
  `valorInicial` float(10,2) NOT NULL,
  `dataInicio` date NOT NULL,
  `ultimoLancamento` timestamp NOT NULL DEFAULT CURRENT_TIMESTAMP ON UPDATE CURRENT_TIMESTAMP,
  `saldo` float(14,2) NOT NULL,
  `status` varchar(1) NOT NULL DEFAULT 'S'
) ENGINE=InnoDB  DEFAULT CHARSET=latin1 AUTO_INCREMENT=10 ;

--
-- Fazendo dump de dados para tabela `livrocaixa`
--

INSERT INTO `livrocaixa` (`livroID`, `banco`, `descricao`, `valorInicial`, `dataInicio`, `ultimoLancamento`, `saldo`, `status`) VALUES
(1, 'LOJA ', 'loja', 0.00, '2013-04-01', '2014-12-27 13:29:13', 17352.01, 'S'),
(6, 'Banco', '', 0.00, '2014-07-02', '2014-09-29 20:18:55', 0.00, 'N'),
(7, 'Banco 1', '', 0.00, '2014-07-11', '2014-09-29 20:22:57', -6193.44, 'N'),
(8, 'Banco 2', '', 319.02, '2014-09-29', '2014-09-29 20:23:19', -970.25, 'N'),
(9, 'Banco Itaú', '', 319.02, '2014-09-29', '2014-12-26 11:23:12', -27422.47, 'S');

-- --------------------------------------------------------

--
-- Estrutura para tabela `orcamento`
--

CREATE TABLE IF NOT EXISTS `orcamento` (
`orcamentoID` int(11) NOT NULL,
  `clienteID` int(11) NOT NULL,
  `formPagID` int(11) NOT NULL,
  `valor` float(10,2) NOT NULL,
  `entrada` float(10,2) NOT NULL,
  `troco` float(10,2) NOT NULL,
  `vezes` int(11) NOT NULL,
  `desconto` float(10,2) NOT NULL,
  `notaFiscal` varchar(20) NOT NULL,
  `data` timestamp NOT NULL DEFAULT CURRENT_TIMESTAMP ON UPDATE CURRENT_TIMESTAMP,
  `usuario` varchar(50) NOT NULL,
  `status` varchar(1) NOT NULL DEFAULT '1',
  `empresaID` int(11) NOT NULL
) ENGINE=InnoDB  DEFAULT CHARSET=latin1 AUTO_INCREMENT=13 ;

--
-- Fazendo dump de dados para tabela `orcamento`
--

INSERT INTO `orcamento` (`orcamentoID`, `clienteID`, `formPagID`, `valor`, `entrada`, `troco`, `vezes`, `desconto`, `notaFiscal`, `data`, `usuario`, `status`, `empresaID`) VALUES
(1, 1, 1, 84.00, 0.00, 0.00, 1, 0.00, '0', '2014-07-02 18:43:47', 'francis', '2', 1),
(2, 0, 1, 71.00, 0.00, 0.00, 1, 0.00, '0', '2014-12-05 16:56:59', 'francis', '2', 1),
(3, 0, 1, 503.00, 0.00, 0.00, 1, 0.00, '0', '2014-11-03 16:24:15', 'manasses', '2', 1),
(4, 3, 1, 39.30, 0.00, 0.00, 1, 0.00, '0', '2014-11-02 21:27:48', 'teste', '2', 1),
(5, 0, 0, 0.00, 0.00, 0.00, 0, 0.00, '0', '2014-11-02 21:28:03', 'teste', '1', 1),
(6, 3, 1, 101.75, 0.00, 0.00, 1, 0.00, '0', '2014-12-19 19:57:14', 'manasses', '2', 1),
(7, 3, 1, 186.25, 0.00, 0.00, 1, 0.00, '0', '2014-12-17 16:27:02', 'francis', '2', 1),
(8, 3, 1, 158.05, 0.00, 0.00, 1, 0.00, '0', '2014-12-18 13:02:25', 'francis', '2', 1),
(9, 3, 1, 180.90, 0.00, 0.00, 1, 0.00, '0', '2014-12-19 14:44:06', 'francis', '2', 1),
(10, 3, 1, 388.90, 0.00, 0.00, 1, 0.00, '0', '2014-12-22 13:07:58', 'francis', '2', 1),
(11, 0, 0, 0.00, 0.00, 0.00, 0, 0.00, '0', '2014-12-19 19:57:32', 'MANASSES', '1', 1),
(12, 0, 0, 0.00, 0.00, 0.00, 0, 0.00, '0', '2014-12-22 13:08:05', 'francis', '1', 1);

-- --------------------------------------------------------

--
-- Estrutura para tabela `orcamentoitem`
--

CREATE TABLE IF NOT EXISTS `orcamentoitem` (
`itemID` int(11) NOT NULL,
  `orcamentoID` int(11) NOT NULL,
  `produtoID` int(11) NOT NULL,
  `quantidade` float(10,2) NOT NULL,
  `valor` float(10,2) NOT NULL,
  `total` float(10,2) NOT NULL
) ENGINE=InnoDB  DEFAULT CHARSET=latin1 AUTO_INCREMENT=59 ;

--
-- Fazendo dump de dados para tabela `orcamentoitem`
--

INSERT INTO `orcamentoitem` (`itemID`, `orcamentoID`, `produtoID`, `quantidade`, `valor`, `total`) VALUES
(1, 1, 465, 1.00, 42.00, 42.00),
(2, 1, 464, 1.00, 42.00, 42.00),
(4, 4, 526, 1.00, 39.30, 39.30),
(5, 3, 646, 1.00, 135.00, 135.00),
(7, 3, 605, 1.00, 30.00, 30.00),
(9, 3, 629, 4.00, 39.30, 157.20),
(13, 3, 722, 1.00, 165.00, 165.00),
(14, 3, 551, 1.00, 7.90, 7.90),
(15, 3, 551, 1.00, 7.90, 7.90),
(16, 2, 723, 1.00, 48.00, 48.00),
(17, 2, 787, 1.00, 23.00, 23.00),
(18, 7, 791, 1.00, 23.00, 23.00),
(19, 7, 629, 1.00, 39.30, 39.30),
(20, 7, 778, 1.00, 94.00, 94.00),
(21, 7, 513, 1.00, 13.45, 13.45),
(22, 7, 558, 1.00, 0.90, 0.90),
(23, 7, 559, 1.00, 0.90, 0.90),
(24, 7, 523, 1.00, 10.00, 10.00),
(25, 7, 579, 1.00, 4.70, 4.70),
(26, 8, 666, 1.00, 78.70, 78.70),
(27, 8, 832, 1.00, 65.60, 65.60),
(28, 8, 521, 1.00, 13.75, 13.75),
(29, 9, 859, 1.00, 58.95, 58.95),
(30, 9, 629, 1.00, 39.30, 39.30),
(31, 9, 697, 1.00, 8.85, 8.85),
(32, 9, 753, 2.00, 13.45, 26.90),
(34, 9, 510, 2.00, 13.45, 26.90),
(35, 9, 523, 2.00, 10.00, 20.00),
(36, 6, 529, 1.00, 7.30, 7.30),
(37, 6, 822, 1.00, 4.00, 4.00),
(38, 6, 612, 1.00, 10.00, 10.00),
(39, 6, 608, 1.00, 8.00, 8.00),
(40, 6, 900, 1.00, 7.95, 7.95),
(41, 6, 840, 1.00, 7.50, 7.50),
(42, 6, 560, 2.00, 0.90, 1.80),
(43, 6, 791, 1.00, 23.00, 23.00),
(44, 6, 550, 1.00, 3.20, 3.20),
(45, 6, 547, 1.00, 15.00, 15.00),
(46, 6, 822, 1.00, 4.00, 4.00),
(47, 6, 612, 1.00, 10.00, 10.00),
(48, 10, 846, 1.00, 40.00, 40.00),
(49, 10, 508, 1.00, 42.00, 42.00),
(50, 10, 525, 1.00, 23.50, 23.50),
(51, 10, 506, 1.00, 34.00, 34.00),
(52, 10, 534, 3.00, 30.00, 90.00),
(53, 10, 601, 6.00, 1.50, 9.00),
(54, 10, 831, 4.00, 3.50, 14.00),
(55, 10, 860, 1.00, 43.90, 43.90),
(56, 10, 549, 1.00, 3.90, 3.90),
(57, 10, 838, 2.00, 5.00, 10.00),
(58, 10, 629, 2.00, 39.30, 78.60);

-- --------------------------------------------------------

--
-- Estrutura para tabela `pagar`
--

CREATE TABLE IF NOT EXISTS `pagar` (
`pagarID` int(11) NOT NULL,
  `contapagarID` int(11) NOT NULL,
  `formID` int(11) NOT NULL,
  `valor` float(10,2) NOT NULL,
  `vencimento` date NOT NULL,
  `parcela` int(11) NOT NULL,
  `de` int(11) NOT NULL,
  `status` varchar(1) NOT NULL COMMENT 'Ou ''D'' de Devendo ou ''P'' de Pago',
  `empresaID` int(11) NOT NULL
) ENGINE=InnoDB  DEFAULT CHARSET=latin1 AUTO_INCREMENT=343 ;

--
-- Fazendo dump de dados para tabela `pagar`
--

INSERT INTO `pagar` (`pagarID`, `contapagarID`, `formID`, `valor`, `vencimento`, `parcela`, `de`, `status`, `empresaID`) VALUES
(1, 1, 1, 50.00, '2014-07-02', 1, 1, 'P', 1),
(2, 2, 1, 200.00, '2014-07-02', 1, 1, 'P', 1),
(10, 5, 4, 250.00, '2014-07-05', 1, 2, 'P', 1),
(18, 8, 1, 280.00, '2014-07-15', 1, 1, 'P', 1),
(31, 10, 1, 15.28, '2015-05-12', 10, 18, 'D', 1),
(32, 10, 1, 15.28, '2015-06-11', 11, 18, 'D', 1),
(33, 10, 1, 15.28, '2015-07-11', 12, 18, 'D', 1),
(34, 10, 1, 15.28, '2015-08-10', 13, 18, 'D', 1),
(35, 10, 1, 15.28, '2015-09-09', 14, 18, 'D', 1),
(36, 10, 1, 15.28, '2015-10-09', 15, 18, 'D', 1),
(37, 10, 1, 15.28, '2015-11-08', 16, 18, 'D', 1),
(38, 10, 1, 15.28, '2015-12-08', 17, 18, 'D', 1),
(39, 10, 1, 15.28, '2016-01-07', 18, 18, 'D', 1),
(64, 19, 6, 625.00, '2014-07-25', 1, 6, 'P', 1),
(65, 19, 6, 625.00, '2014-08-25', 2, 6, 'P', 1),
(66, 19, 6, 625.00, '2014-09-25', 3, 6, 'P', 1),
(67, 19, 6, 625.00, '2014-10-25', 4, 6, 'P', 1),
(68, 19, 6, 625.00, '2014-11-25', 5, 6, 'P', 1),
(69, 19, 6, 625.00, '2014-12-25', 6, 6, 'P', 1),
(77, 23, 4, 2130.00, '2014-09-01', 1, 2, 'P', 1),
(78, 23, 4, 2130.00, '2014-10-01', 2, 2, 'P', 1),
(79, 24, 4, 500.00, '2014-08-05', 1, 1, 'P', 1),
(80, 25, 4, 344.00, '2014-08-11', 1, 1, 'P', 1),
(89, 27, 1, 15.56, '2015-03-13', 8, 18, 'D', 1),
(90, 27, 1, 15.56, '2015-04-12', 9, 18, 'D', 1),
(91, 27, 1, 15.56, '2015-05-12', 10, 18, 'D', 1),
(92, 27, 1, 15.56, '2015-06-11', 11, 18, 'D', 1),
(93, 27, 1, 15.56, '2015-07-11', 12, 18, 'D', 1),
(94, 27, 1, 15.56, '2015-08-10', 13, 18, 'D', 1),
(96, 27, 1, 15.56, '2015-10-09', 15, 18, 'D', 1),
(97, 27, 1, 15.56, '2015-11-08', 16, 18, 'D', 1),
(98, 27, 1, 15.56, '2015-12-08', 17, 18, 'D', 1),
(99, 27, 1, 15.56, '2016-01-07', 18, 18, 'D', 1),
(100, 28, 6, 639.72, '2014-08-12', 1, 3, 'P', 1),
(101, 28, 6, 639.72, '2014-08-19', 2, 3, 'P', 1),
(102, 28, 6, 639.72, '2014-08-26', 3, 3, 'P', 1),
(104, 29, 6, 280.00, '2014-09-15', 2, 18, 'P', 1),
(105, 29, 6, 280.00, '2014-10-15', 3, 18, 'P', 1),
(106, 29, 6, 280.00, '2014-11-15', 4, 18, 'P', 1),
(107, 29, 6, 280.00, '2014-12-15', 5, 18, 'P', 1),
(108, 29, 6, 280.00, '2015-01-12', 6, 18, 'D', 1),
(109, 29, 6, 280.00, '2015-02-11', 7, 18, 'D', 1),
(110, 29, 6, 280.00, '2014-08-15', 8, 18, 'P', 1),
(111, 29, 6, 280.00, '2015-04-12', 9, 18, 'D', 1),
(112, 29, 6, 280.00, '2015-05-12', 10, 18, 'D', 1),
(113, 29, 6, 280.00, '2015-06-11', 11, 18, 'D', 1),
(114, 29, 6, 280.00, '2015-07-11', 12, 18, 'D', 1),
(115, 29, 6, 280.00, '2015-08-10', 13, 18, 'D', 1),
(116, 29, 6, 280.00, '2015-09-09', 14, 18, 'D', 1),
(117, 29, 6, 280.00, '2015-10-09', 15, 18, 'D', 1),
(118, 29, 6, 280.00, '2015-11-08', 16, 18, 'D', 1),
(119, 29, 6, 280.00, '2015-12-08', 17, 18, 'D', 1),
(120, 29, 6, 280.00, '2016-01-07', 18, 18, 'D', 1),
(121, 30, 6, 275.00, '2014-07-28', 1, 1, 'P', 1),
(122, 31, 4, 510.00, '2014-08-04', 1, 1, 'P', 1),
(123, 32, 6, 566.27, '2014-09-18', 1, 3, 'P', 1),
(124, 32, 6, 566.27, '2014-10-16', 2, 3, 'P', 1),
(125, 32, 6, 566.27, '2014-11-13', 3, 3, 'P', 1),
(132, 35, 4, 2758.50, '2014-10-09', 1, 3, 'P', 1),
(133, 35, 4, 2758.50, '2014-11-08', 2, 3, 'P', 1),
(134, 35, 4, 2758.50, '2014-12-08', 3, 3, 'P', 1),
(135, 36, 1, 120.00, '2014-10-01', 1, 1, 'P', 1),
(136, 37, 4, 600.00, '2014-09-20', 1, 1, 'P', 1),
(137, 38, 6, 283.94, '2014-10-13', 1, 3, 'P', 1),
(138, 38, 6, 281.00, '2014-11-12', 2, 3, 'P', 1),
(139, 38, 6, 281.00, '2014-12-12', 3, 3, 'P', 1),
(140, 39, 6, 649.00, '2014-10-16', 1, 3, 'P', 1),
(144, 40, 6, 649.00, '2014-11-13', 2, 3, 'P', 1),
(145, 40, 6, 649.19, '2014-12-11', 3, 3, 'P', 1),
(149, 42, 6, 163.27, '2014-10-23', 1, 2, 'P', 1),
(150, 42, 6, 162.00, '2014-11-22', 2, 2, 'P', 1),
(151, 43, 1, 210.00, '2014-09-26', 1, 1, 'P', 1),
(152, 44, 1, 210.00, '2014-09-26', 1, 1, 'P', 1),
(153, 45, 1, 200.00, '2014-09-26', 1, 1, 'P', 1),
(154, 46, 1, 100.00, '2014-09-26', 1, 1, 'P', 1),
(155, 47, 1, 916.53, '2014-09-29', 1, 1, 'P', 1),
(156, 48, 4, 180.00, '2014-09-30', 1, 1, 'P', 1),
(157, 49, 6, 99.00, '2014-09-30', 1, 4, 'P', 1),
(158, 49, 6, 99.00, '2014-10-30', 2, 4, 'P', 1),
(159, 49, 6, 99.00, '2014-11-29', 3, 4, 'P', 1),
(160, 49, 6, 99.00, '2014-12-29', 4, 4, 'D', 1),
(161, 50, 6, 135.03, '2014-10-01', 1, 1, 'P', 1),
(162, 51, 6, 675.59, '2014-10-01', 1, 1, 'P', 1),
(163, 52, 1, 525.00, '2014-10-03', 1, 1, 'P', 1),
(164, 53, 1, 960.00, '2014-10-03', 1, 1, 'P', 1),
(165, 54, 1, 100.00, '2014-10-03', 1, 1, 'P', 1),
(166, 55, 6, 442.80, '2014-11-03', 1, 2, 'P', 1),
(167, 55, 6, 442.79, '2014-12-01', 2, 2, 'P', 1),
(168, 56, 6, 155.00, '2014-10-10', 1, 8, 'P', 1),
(169, 56, 6, 150.00, '2014-11-09', 2, 8, 'P', 1),
(170, 56, 6, 150.00, '2014-12-09', 3, 8, 'P', 1),
(171, 56, 6, 150.00, '2015-01-08', 4, 8, 'D', 1),
(172, 56, 6, 150.00, '2015-02-07', 5, 8, 'D', 1),
(173, 56, 6, 150.00, '2015-03-09', 6, 8, 'D', 1),
(174, 56, 6, 150.00, '2015-04-08', 7, 8, 'D', 1),
(175, 56, 6, 150.00, '2015-05-08', 8, 8, 'D', 1),
(176, 57, 1, 700.00, '2014-10-15', 1, 12, 'P', 1),
(177, 57, 1, 700.00, '2014-11-14', 2, 12, 'P', 1),
(178, 57, 1, 700.00, '2014-12-14', 3, 12, 'P', 1),
(179, 57, 1, 700.00, '2015-01-13', 4, 12, 'D', 1),
(180, 57, 1, 700.00, '2015-02-12', 5, 12, 'D', 1),
(181, 57, 1, 700.00, '2015-03-14', 6, 12, 'D', 1),
(182, 57, 1, 700.00, '2015-04-13', 7, 12, 'D', 1),
(183, 57, 1, 700.00, '2015-05-13', 8, 12, 'D', 1),
(184, 57, 1, 700.00, '2015-06-12', 9, 12, 'D', 1),
(185, 57, 1, 700.00, '2015-07-12', 10, 12, 'D', 1),
(186, 57, 1, 700.00, '2015-08-11', 11, 12, 'D', 1),
(187, 57, 1, 700.00, '2015-09-10', 12, 12, 'D', 1),
(188, 58, 4, 701.00, '2014-11-14', 1, 3, 'P', 1),
(189, 58, 4, 701.00, '2014-12-14', 2, 3, 'P', 1),
(191, 59, 1, 51.80, '2014-11-01', 1, 6, 'P', 1),
(192, 59, 1, 51.80, '2014-12-01', 2, 6, 'P', 1),
(193, 59, 1, 51.80, '2015-01-01', 3, 6, 'D', 1),
(194, 59, 1, 51.80, '2015-01-30', 4, 6, 'D', 1),
(195, 59, 1, 51.80, '2015-03-01', 5, 6, 'D', 1),
(196, 59, 1, 51.80, '2015-03-31', 6, 6, 'D', 1),
(197, 60, 6, 41.91, '2014-10-20', 1, 1, 'P', 1),
(198, 61, 1, 141.92, '2014-10-13', 1, 1, 'P', 1),
(199, 62, 1, 40.00, '2014-10-13', 1, 1, 'P', 1),
(200, 63, 1, 20.00, '2014-10-13', 1, 1, 'P', 1),
(201, 64, 6, 31.90, '2014-10-14', 1, 1, 'P', 1),
(202, 65, 6, 46.75, '2014-10-14', 1, 1, 'P', 1),
(203, 66, 1, 1000.00, '2014-10-17', 1, 1, 'P', 1),
(204, 67, 1, 650.00, '2014-10-17', 1, 1, 'P', 1),
(205, 68, 1, 175.00, '2014-10-17', 1, 1, 'P', 1),
(206, 69, 6, 206.84, '2014-11-16', 1, 3, 'P', 1),
(207, 69, 6, 204.00, '2014-12-16', 2, 3, 'P', 1),
(208, 69, 6, 204.00, '2015-01-15', 3, 3, 'D', 1),
(209, 70, 6, 130.00, '2014-11-19', 1, 1, 'P', 1),
(210, 71, 6, 254.70, '2014-11-21', 1, 1, 'P', 1),
(211, 72, 6, 253.00, '2014-12-21', 1, 1, 'P', 1),
(212, 73, 1, 200.00, '2014-10-24', 1, 1, 'P', 1),
(213, 74, 1, 100.00, '2014-10-24', 1, 1, 'P', 1),
(214, 75, 1, 210.00, '2014-10-24', 1, 1, 'P', 1),
(216, 77, 1, 225.00, '2014-10-24', 1, 1, 'P', 1),
(217, 78, 1, 225.00, '2014-10-24', 1, 1, 'P', 1),
(218, 79, 1, 1000.00, '2014-10-31', 1, 1, 'P', 1),
(219, 80, 1, 650.00, '2014-10-31', 1, 1, 'P', 1),
(220, 81, 1, 300.00, '2014-10-24', 1, 1, 'P', 1),
(221, 82, 1, 401.69, '2014-11-18', 1, 5, 'P', 1),
(222, 82, 1, 401.69, '2014-12-02', 2, 5, 'P', 1),
(223, 82, 1, 401.69, '2014-12-16', 3, 5, 'P', 1),
(224, 82, 1, 401.69, '2014-12-30', 4, 5, 'D', 1),
(225, 82, 1, 401.68, '2015-01-13', 5, 5, 'D', 1),
(226, 83, 6, 353.38, '2014-10-31', 1, 1, 'P', 1),
(227, 84, 6, 1404.43, '2014-11-01', 1, 1, 'P', 1),
(228, 85, 6, 417.99, '2014-11-20', 1, 2, 'P', 1),
(229, 85, 6, 417.99, '2014-11-27', 2, 2, 'P', 1),
(230, 86, 6, 652.36, '2014-11-26', 1, 3, 'P', 1),
(231, 86, 6, 652.36, '2014-12-24', 2, 3, 'P', 1),
(232, 86, 6, 652.57, '2015-01-21', 3, 3, 'D', 1),
(233, 87, 6, 50.00, '2014-11-22', 1, 12, 'P', 1),
(234, 87, 6, 50.00, '2014-12-22', 2, 12, 'P', 1),
(235, 87, 6, 50.00, '2015-01-21', 3, 12, 'D', 1),
(236, 87, 6, 50.00, '2015-02-20', 4, 12, 'D', 1),
(237, 87, 6, 50.00, '2015-03-22', 5, 12, 'D', 1),
(238, 87, 6, 50.00, '2015-04-21', 6, 12, 'D', 1),
(239, 87, 6, 50.00, '2015-05-21', 7, 12, 'D', 1),
(240, 87, 6, 50.00, '2015-06-20', 8, 12, 'D', 1),
(241, 87, 6, 50.00, '2015-07-20', 9, 12, 'D', 1),
(242, 87, 6, 50.00, '2015-08-19', 10, 12, 'D', 1),
(243, 87, 6, 50.00, '2015-09-18', 11, 12, 'D', 1),
(244, 87, 6, 50.00, '2015-10-18', 12, 12, 'D', 1),
(245, 88, 4, 430.00, '2014-11-03', 1, 1, 'P', 1),
(246, 89, 4, 605.92, '2014-11-30', 1, 1, 'P', 1),
(247, 90, 4, 130.00, '2014-12-23', 1, 10, 'D', 1),
(248, 90, 4, 130.00, '2015-01-22', 2, 10, 'D', 1),
(249, 90, 4, 130.00, '2015-02-21', 3, 10, 'D', 1),
(250, 90, 4, 130.00, '2015-03-23', 4, 10, 'D', 1),
(251, 90, 4, 130.00, '2015-04-22', 5, 10, 'D', 1),
(252, 90, 4, 130.00, '2015-05-22', 6, 10, 'D', 1),
(253, 90, 4, 130.00, '2015-06-21', 7, 10, 'D', 1),
(254, 90, 4, 130.00, '2015-07-21', 8, 10, 'D', 1),
(255, 90, 4, 130.00, '2015-08-20', 9, 10, 'D', 1),
(256, 90, 4, 130.00, '2015-09-19', 10, 10, 'D', 1),
(257, 91, 6, 640.56, '2014-12-01', 1, 1, 'P', 1),
(258, 92, 6, 646.20, '2014-12-02', 1, 3, 'P', 1),
(259, 92, 6, 646.20, '2014-12-30', 2, 3, 'D', 1),
(260, 92, 6, 646.40, '2015-01-27', 3, 3, 'D', 1),
(261, 93, 6, 900.85, '2014-12-07', 1, 4, 'P', 1),
(262, 93, 6, 625.72, '2014-12-17', 2, 4, 'P', 1),
(263, 93, 6, 625.72, '2014-12-27', 3, 4, 'D', 1),
(264, 93, 6, 625.72, '2015-01-06', 4, 4, 'D', 1),
(265, 94, 1, 195.00, '2014-11-10', 1, 1, 'P', 1),
(266, 95, 6, 784.00, '2014-11-20', 1, 1, 'P', 1),
(267, 96, 6, 376.40, '2014-12-08', 1, 2, 'P', 1),
(268, 96, 6, 376.40, '2015-01-05', 2, 2, 'D', 1),
(269, 97, 6, 167.21, '2014-11-20', 1, 1, 'P', 1),
(270, 98, 1, 200.00, '2014-11-14', 1, 1, 'P', 1),
(271, 99, 1, 250.00, '2014-11-14', 1, 1, 'P', 1),
(272, 100, 1, 1000.00, '2014-11-14', 1, 1, 'P', 1),
(273, 101, 6, 472.80, '2014-12-11', 1, 3, 'P', 1),
(274, 101, 6, 472.80, '2015-01-08', 2, 3, 'D', 1),
(275, 101, 6, 520.44, '2015-02-26', 3, 3, 'D', 1),
(276, 102, 6, 406.93, '2014-12-10', 1, 1, 'P', 1),
(277, 103, 4, 662.00, '2014-11-17', 1, 4, 'P', 1),
(278, 103, 4, 602.00, '2014-12-17', 2, 4, 'P', 1),
(279, 103, 4, 542.00, '2015-01-16', 3, 4, 'D', 1),
(280, 103, 4, 602.00, '2015-02-15', 4, 4, 'D', 1),
(281, 104, 6, 289.69, '2014-11-21', 1, 1, 'P', 1),
(282, 105, 6, 324.25, '2014-11-21', 1, 1, 'P', 1),
(284, 107, 6, 650.00, '2014-11-21', 1, 1, 'P', 1),
(285, 108, 6, 348.66, '2014-12-15', 1, 2, 'P', 1),
(286, 108, 6, 348.66, '2015-01-12', 2, 2, 'D', 1),
(287, 109, 6, 594.65, '2014-12-20', 1, 2, 'P', 1),
(288, 109, 6, 516.45, '2015-01-19', 2, 2, 'D', 1),
(289, 110, 6, 60.79, '2014-12-10', 1, 1, 'P', 1),
(290, 111, 6, 556.17, '2014-12-02', 1, 12, 'P', 1),
(291, 111, 6, 556.17, '2015-01-02', 2, 12, 'D', 1),
(292, 111, 6, 556.17, '2015-02-02', 3, 12, 'D', 1),
(293, 111, 6, 556.17, '2015-03-02', 4, 12, 'D', 1),
(294, 111, 6, 556.17, '2015-04-01', 5, 12, 'D', 1),
(295, 111, 6, 556.17, '2015-05-01', 6, 12, 'D', 1),
(296, 111, 6, 556.17, '2015-05-31', 7, 12, 'D', 1),
(297, 111, 6, 556.17, '2015-06-30', 8, 12, 'D', 1),
(298, 111, 6, 556.17, '2015-07-30', 9, 12, 'D', 1),
(299, 111, 6, 556.17, '2015-08-29', 10, 12, 'D', 1),
(300, 111, 6, 556.17, '2015-09-28', 11, 12, 'D', 1),
(301, 111, 6, 556.17, '2015-10-28', 12, 12, 'D', 1),
(302, 112, 6, 435.79, '2014-12-24', 1, 1, 'P', 1),
(303, 113, 4, 821.43, '2014-12-25', 1, 1, 'D', 1),
(304, 114, 6, 100.00, '2014-12-26', 1, 1, 'P', 1),
(305, 115, 6, 463.13, '2014-12-29', 1, 1, 'D', 1),
(306, 116, 6, 1217.09, '2014-12-06', 1, 1, 'P', 1),
(307, 117, 6, 581.53, '2014-12-23', 1, 3, 'P', 1),
(308, 117, 6, 581.53, '2015-01-20', 2, 3, 'D', 1),
(309, 117, 6, 581.69, '2015-02-17', 3, 3, 'D', 1),
(310, 118, 6, 431.84, '2014-12-29', 1, 3, 'D', 1),
(311, 118, 6, 431.84, '2015-01-26', 2, 3, 'D', 1),
(312, 118, 6, 431.97, '2015-02-23', 3, 3, 'D', 1),
(313, 119, 6, 438.97, '2014-12-23', 1, 2, 'P', 1),
(314, 119, 6, 438.97, '2015-01-06', 2, 2, 'D', 1),
(315, 120, 6, 388.97, '2015-01-01', 1, 2, 'D', 1),
(316, 120, 6, 388.97, '2015-01-08', 2, 2, 'D', 1),
(317, 121, 6, 520.29, '2015-01-01', 1, 3, 'D', 1),
(318, 121, 6, 520.29, '2015-01-29', 2, 3, 'D', 1),
(319, 121, 6, 520.34, '2015-03-02', 3, 3, 'D', 1),
(320, 122, 6, 307.65, '2015-01-08', 1, 1, 'D', 1),
(321, 123, 6, 477.47, '2015-01-07', 1, 3, 'D', 1),
(322, 123, 6, 477.47, '2015-02-04', 2, 3, 'D', 1),
(323, 123, 6, 477.62, '2015-03-04', 3, 3, 'D', 1),
(324, 124, 6, 985.07, '2015-01-11', 1, 2, 'D', 1),
(325, 124, 6, 830.60, '2015-02-10', 2, 2, 'D', 1),
(326, 125, 6, 659.05, '2014-12-22', 1, 1, 'P', 1),
(327, 126, 6, 294.99, '2015-01-13', 1, 3, 'D', 1),
(328, 126, 6, 294.99, '2015-02-10', 2, 3, 'D', 1),
(329, 126, 6, 295.08, '2015-03-10', 3, 3, 'D', 1),
(330, 127, 6, 134.00, '2015-01-16', 1, 1, 'D', 1),
(331, 128, 6, 684.04, '2015-01-18', 1, 1, 'D', 1),
(332, 129, 6, 331.86, '2015-01-15', 1, 3, 'D', 1),
(333, 129, 6, 331.86, '2015-02-12', 2, 3, 'D', 1),
(334, 129, 6, 331.95, '2015-03-12', 3, 3, 'D', 1),
(335, 130, 6, 196.53, '2015-01-20', 1, 1, 'D', 1),
(336, 131, 6, 212.22, '2015-01-10', 1, 1, 'D', 1),
(337, 132, 6, 126.53, '2014-12-12', 1, 1, 'P', 1),
(338, 133, 6, 136.20, '2015-01-05', 1, 1, 'D', 1),
(339, 134, 6, 172.00, '2015-01-09', 1, 1, 'D', 1),
(340, 135, 4, 780.00, '2015-01-26', 1, 3, 'D', 1),
(341, 135, 4, 780.00, '2015-02-26', 2, 3, 'D', 1),
(342, 135, 4, 790.00, '2015-03-26', 3, 3, 'D', 1);

-- --------------------------------------------------------

--
-- Estrutura para tabela `produto`
--

CREATE TABLE IF NOT EXISTS `produto` (
`produtoID` int(11) NOT NULL,
  `tipoprodutoID` int(11) NOT NULL,
  `fornecedorID` int(11) NOT NULL,
  `nome` varchar(100) NOT NULL,
  `codigo` varchar(20) NOT NULL,
  `unidade` varchar(2) NOT NULL,
  `precoCusto` float(10,2) NOT NULL,
  `preco` float(10,2) NOT NULL,
  `estoqueMinimo` int(11) NOT NULL,
  `estoque` float(10,2) NOT NULL,
  `lucro` varchar(10) NOT NULL,
  `data` timestamp NOT NULL DEFAULT CURRENT_TIMESTAMP ON UPDATE CURRENT_TIMESTAMP,
  `produtoAtivo` varchar(1) NOT NULL DEFAULT 'S'
) ENGINE=InnoDB  DEFAULT CHARSET=latin1 AUTO_INCREMENT=924 ;

--
-- Fazendo dump de dados para tabela `produto`
--

INSERT INTO `produto` (`produtoID`, `tipoprodutoID`, `fornecedorID`, `nome`, `codigo`, `unidade`, `precoCusto`, `preco`, `estoqueMinimo`, `estoque`, `lucro`, `data`, `produtoAtivo`) VALUES
(470, 148, 14, 'Micro Brilhante Branco', 'NT0005', 'UN', 85.00, 119.00, 5, 7.00, '40.00', '2014-08-27 14:00:06', 'S'),
(471, 146, 14, 'Cristal Areia', 'NT0006', 'UN', 48.00, 75.00, 10, 16.00, '56.25', '2014-11-06 12:20:15', 'S'),
(473, 146, 14, 'Crist Brilhante Palha', 'NTOOO8', 'UN', 48.00, 75.00, 2, 7.00, '56.25', '2014-11-05 11:04:11', 'S'),
(506, 150, 14, 'Grafini #16 Branco 25 kgs.', '018', 'UN', 23.50, 31.50, 10, 71.00, '34.04', '2014-12-27 11:38:32', 'S'),
(507, 150, 14, 'Grafiato #14 Branco 25Kgs.', '017', 'UN', 23.50, 31.50, 10, 65.00, '34.04', '2014-12-27 11:38:07', 'S'),
(508, 215, 14, 'Selador Acrílico Barrica 18L', '001', 'UN', 23.50, 42.00, 10, 13.00, '78.72', '2014-12-27 10:43:15', 'S'),
(509, 146, 14, 'Cristal Camurça', 'NT0007', 'UN', 48.00, 75.00, 10, 3.00, '56.25', '2014-11-08 12:30:44', 'S'),
(510, 158, 15, 'Esmalte Branco BR 0,9L', 'NT750000104', 'UN', 9.59, 13.45, 4, 3.00, '40.25', '2014-12-27 13:40:49', 'S'),
(511, 158, 15, 'Peg & Pinte Platina 0,9L ', 'NT750001304', 'UN', 9.59, 13.45, 1, 6.00, '40.25', '2014-11-09 21:12:35', 'S'),
(512, 158, 15, 'Peg & Pinte Marrom Conhaque 0,9L', 'NT750001303', 'UN', 9.59, 13.45, 1, 5.00, '40.25', '2014-12-03 19:39:39', 'S'),
(513, 158, 15, 'Peg & Pinte Tabaco 0,9L', 'NT750001004', 'UN', 9.59, 13.45, 1, 4.00, '40.25', '2014-12-26 13:13:49', 'S'),
(514, 158, 15, 'Esmalte Preto 0,9L', 'NT750000804', 'UN', 9.59, 13.45, 1, 6.00, '40.25', '2014-12-19 17:24:04', 'S'),
(515, 158, 15, 'Peg & Pinte Verde Folha 0,9L', 'NT750003004', 'UN', 9.59, 13.45, 1, 3.00, '40.25', '2014-12-19 11:55:06', 'S'),
(517, 158, 15, 'Peg & Pinte Vermelho 0,9L', 'NT750009004', 'UN', 9.59, 13.45, 1, 3.00, '40.25', '2014-12-18 17:02:39', 'S'),
(518, 158, 15, 'Peg & Pinte Gelo 0,9L', 'NT750000204', 'UN', 9.59, 13.45, 1, 4.00, '40.25', '2014-12-17 17:28:54', 'S'),
(519, 183, 15, 'Eufacer Cinza', 'NT850507004', 'UN', 11.12, 14.50, 2, 11.00, '30.40', '2014-11-04 13:17:55', 'S'),
(520, 160, 15, 'Verniz Maritimo Brilhante', 'NT900019304', 'UN', 9.33, 11.10, 2, 4.00, '18.97', '2014-12-24 11:52:07', 'S'),
(521, 160, 15, 'Verniz Tingidor Mogno 0,9L', 'NT9200197', 'UN', 9.89, 13.75, 2, 5.00, '39.03', '2014-12-22 12:09:55', 'S'),
(522, 160, 15, 'Verniz Tingidor Imbuia 0,9L', 'NT920019804', 'UN', 9.89, 13.75, 2, 6.00, '39.03', '2014-12-17 18:04:29', 'S'),
(523, 214, 15, 'Thinner 0,9L', 'NT485025119', 'UN', 7.17, 10.00, 6, 3.00, '39.47', '2014-12-26 19:38:23', 'S'),
(525, 215, 15, 'Fundo Preparador Branco', 'NT530009801', 'UN', 17.44, 23.50, 1, 5.00, '34.75', '2014-12-26 11:43:43', 'S'),
(526, 164, 15, 'Rend. Extra Cereja 3,6', 'NT350000101', 'UN', 27.80, 41.70, 1, 0.00, '50.00', '2014-12-22 17:29:05', 'S'),
(527, 164, 15, 'Peg e Pinte Branco 18 L', '350000118', 'UN', 70.53, 110.00, 2, 0.00, '55.96', '2014-12-06 11:16:08', 'S'),
(528, 201, 15, 'Massa Acrílica Gal&#227;o 5,6Kgs', '008', 'UN', 16.21, 23.50, 2, 4.00, '44.97', '2014-12-27 10:50:01', 'S'),
(529, 201, 15, 'Massa Acrílica Lata 1/4', '009', 'UN', 4.88, 7.30, 3, 5.00, '49.59', '2014-12-27 10:51:31', 'S'),
(530, 201, 15, 'Massa Corrida PVA Gal&#227;o 5,8Kgs.', '005', 'UN', 11.03, 15.45, 2, 6.00, '40.07', '2014-12-27 10:45:47', 'S'),
(531, 201, 15, 'Massa Corrida PVA  Lata 1/4', '006', 'UN', 3.67, 5.50, 3, 8.00, '49.86', '2014-12-27 10:47:00', 'S'),
(532, 164, 15, 'Peg e Pinte Branco 3,6', 'NT350000105', 'UN', 18.49, 26.00, 3, 3.00, '40.62', '2014-12-13 12:48:29', 'S'),
(533, 158, 15, 'Peg & Pinte Azul Franca 0,9L', 'NT7896587010114', 'UN', 9.59, 13.45, 1, 4.00, '40.25', '2014-12-19 11:53:48', 'S'),
(534, 206, 14, 'textura branca Rustica 25Kgs', '011', 'UN', 23.50, 34.00, 10, 33.00, '44.68', '2014-12-27 11:29:17', 'S'),
(535, 190, 17, 'Cabo Gaiola 23cm', 'NT172824', 'UN', 4.00, 6.00, 1, 40.00, '50.00', '2014-12-27 10:56:34', 'S'),
(537, 190, 17, 'Celuloide M', 'NT23951', 'UN', 1.40, 2.30, 1, 9.00, '64.29', '2014-12-20 14:16:32', 'S'),
(538, 190, 17, 'Celuloide G.', 'NT18106', 'UN', 1.70, 3.00, 1, 0.00, '76.47', '2014-12-13 12:46:22', 'S'),
(539, 171, 17, 'Corante Azul ', 'NT33710', 'UN', 2.10, 3.50, 2, 15.00, '66.67', '2014-12-26 19:29:49', 'S'),
(540, 171, 17, 'Corante Ocre', 'NT19270', 'UN', 2.10, 3.50, 2, 11.00, '66.67', '2014-12-20 15:18:39', 'S'),
(541, 171, 17, 'Corante Preto ', 'NT24342', 'UN', 2.10, 3.50, 2, 21.00, '66.67', '2014-12-19 13:04:07', 'S'),
(542, 171, 17, 'Corante Verde ', 'NT19826', 'UN', 2.10, 3.50, 2, 14.00, '66.67', '2014-12-27 13:28:56', 'S'),
(543, 190, 17, 'Espatula 10 cm Atlas', 'NT19134', 'UN', 4.45, 7.50, 1, 0.00, '68.54', '2014-12-06 11:22:53', 'S'),
(544, 190, 17, 'Espatula 6 cm Atlas ', 'NT33870', 'UN', 3.20, 5.50, 1, 2.00, '71.88', '2014-12-19 12:41:44', 'S'),
(545, 190, 17, 'Espatula 8 cm Atlas ', 'NT17830', 'UN', 3.80, 6.50, 1, 15.00, '71.05', '2014-12-11 11:29:48', 'S'),
(546, 190, 17, 'Estopa 200 Gr S&#227;o Jo&#227;o ', 'NT24776', 'UN', 1.60, 3.00, 1, 46.00, '87.50', '2014-12-20 11:18:11', 'S'),
(547, 190, 17, 'Extensor 2M 1600 Atlas', 'NT19165', 'UN', 10.74, 15.00, 1, 2.00, '39.66', '2014-12-10 18:39:56', 'S'),
(548, 190, 17, 'Extensor 3M 1700 Atlas ', 'NT25066', 'UN', 19.90, 25.00, 1, 3.00, '25.63', '2014-12-26 13:26:58', 'S'),
(549, 190, 17, 'Crepe profissional 24x50', 'NT24924', 'UN', 2.50, 3.90, 2, 34.00, '56.00', '2014-12-26 19:37:28', 'S'),
(550, 190, 17, 'Crepe 18x50', 'NT18896', 'UN', 2.30, 3.20, 1, 24.00, '39.13', '2014-12-26 11:45:49', 'S'),
(551, 190, 17, 'Crepe 48x50', 'NT19086', 'UN', 5.00, 7.90, 1, 17.00, '58.00', '2014-12-26 10:38:22', 'S'),
(552, 190, 17, 'Fita T. 45x45', 'NT23927', 'UN', 2.20, 3.70, 1, 4.00, '68.18', '2014-11-15 14:21:52', 'S'),
(553, 190, 17, 'Lixa F 100 ', 'NT23935', 'UN', 1.55, 2.30, 1, 34.00, '48.39', '2014-12-27 11:45:50', 'S'),
(554, 190, 17, 'Lixa F. 120 ', 'NT22123', 'UN', 1.55, 2.30, 1, 1.00, '48.39', '2014-11-17 19:53:50', 'S'),
(555, 190, 17, 'Lixa F. 150 ', 'NT19897', 'UN', 1.55, 2.30, 1, 50.00, '48.39', '2014-12-12 14:02:47', 'S'),
(556, 190, 17, 'Lixa F. 220 ', 'NT20860', 'UN', 1.55, 2.30, 1, 0.00, '48.39', '2014-11-21 17:01:22', 'S'),
(557, 190, 17, 'Lixa F. 36 ', 'NT24105', 'UN', 1.87, 2.90, 1, 55.00, '55.08', '2014-12-16 14:41:23', 'S'),
(558, 190, 17, 'Lixa M. 100 ', 'NT24121', 'UN', 0.39, 0.90, 3, 4.00, '130.77', '2014-12-10 18:41:37', 'S'),
(559, 190, 17, 'Lixa M. 120 ', 'NT19618', 'UN', 0.44, 0.90, 3, 19.00, '104.55', '2014-12-26 10:38:10', 'S'),
(560, 190, 17, 'Lixa M. 150 ', 'NT21416', 'UN', 0.39, 0.90, 3, 21.00, '130.77', '2014-12-19 15:58:03', 'S'),
(561, 190, 17, 'Lixa M. 180 ', 'NT24095', 'UN', 0.44, 0.90, 3, 0.00, '104.55', '2014-12-04 19:28:19', 'S'),
(562, 190, 17, 'Lixa M. 220 ', 'NT20481', 'UN', 0.44, 0.90, 3, 27.00, '104.55', '2014-12-23 10:57:18', 'S'),
(563, 190, 17, 'Lixa M. 60 ', 'NT23940', 'UN', 0.60, 0.90, 3, 8.00, '50.00', '2014-12-27 13:09:19', 'S'),
(564, 190, 17, 'Lixa M. 80 ', 'NT19891', 'UN', 0.60, 1.20, 3, 28.00, '100.00', '2014-12-11 12:35:05', 'S'),
(565, 190, 17, 'Rolo Poliester 05 cm', 'NT34082', 'UN', 1.13, 2.00, 2, 8.00, '76.99', '2014-12-27 11:46:42', 'S'),
(566, 190, 17, 'Rolo Poliester  09 cm', 'NT33666', 'UN', 2.05, 3.50, 2, 19.00, '70.73', '2014-12-23 11:00:17', 'S'),
(567, 190, 18, 'Rolo Polyester Roma 15cm ', 'NT17726', 'UN', 3.30, 5.50, 2, 26.00, '66.67', '2014-12-11 11:19:28', 'S'),
(568, 190, 17, 'Rolo Espuma PTO Tigre 23 cm', 'NT17640', 'UN', 5.50, 9.30, 2, 2.00, '69.09', '2014-12-18 19:50:43', 'S'),
(569, 190, 17, 'Rolo l&#227; Atlas 09 cm ', 'NT33794', 'UN', 3.40, 5.50, 1, 31.00, '61.76', '2014-12-27 11:13:54', 'S'),
(570, 190, 17, 'Rolo L&#227; Atlas 15 cm', 'NT27448', 'UN', 5.00, 8.50, 1, 0.00, '70.00', '2014-12-02 10:35:46', 'S'),
(571, 190, 17, 'Rolo l&#227; de Carneiro 25mm x 23 cm ', 'NT19630', 'UN', 4.98, 12.00, 1, 3.00, '140.96', '2014-12-27 13:25:45', 'S'),
(573, 190, 17, 'Rolo L&#227; 23 cm 19mm', 'NT19207', 'UN', 3.80, 9.00, 2, 0.00, '136.84', '2014-12-03 12:54:30', 'S'),
(574, 190, 17, 'Rolo Textura F. ESP Atlas 23 cm', 'NT33891', 'UN', 8.52, 9.00, 2, 8.00, '5.63', '2014-12-20 12:02:51', 'S'),
(575, 190, 17, 'Rolo Textura F. Vinil Tigre 23 cm', 'NT33583', 'UN', 17.39, 25.00, 1, 2.00, '43.76', '2014-12-19 16:59:21', 'S'),
(576, 190, 17, 'Pincel Trincha Tigre  695 1', 'NT21112', 'UN', 1.15, 3.10, 2, 17.00, '169.57', '2014-12-23 11:03:56', 'S'),
(578, 190, 17, 'Pincel Trincha Tigre 695 1/2', 'NT17879', 'UN', 0.80, 1.30, 2, 2.00, '62.50', '2014-12-22 18:38:18', 'S'),
(579, 190, 17, 'Pincel Trincha Tigre 695 2', 'NT19107', 'UN', 2.00, 4.70, 2, 1.00, '135.00', '2014-12-27 10:57:28', 'S'),
(580, 190, 17, 'Pincel Trincha Tigre 695 3', 'NT25428', 'UN', 3.80, 6.30, 2, 1.00, '65.79', '2014-12-22 14:18:01', 'S'),
(581, 190, 17, 'Pincel Tigre 695 3/4', 'NT17920', 'UN', 1.67, 2.40, 2, 13.00, '43.71', '2014-11-24 16:55:22', 'S'),
(583, 158, 15, 'Peg & Pinte Branco 3,6L', 'NT75000001', 'UN', 33.52, 48.00, 1, 4.00, '43.20', '2014-12-20 15:50:46', 'S'),
(584, 183, 15, 'Fundo Para Galvanizado 0,9L', 'NT32081010', 'UN', 12.92, 18.10, 2, 2.00, '40.09', '2014-12-23 13:34:41', 'S'),
(585, 185, 15, 'Zarcao 0,9', 'NT32081011', 'UN', 10.75, 15.00, 2, 7.00, '39.53', '2014-11-05 11:55:09', 'S'),
(586, 185, 15, 'Zarcao 225ml', 'NT850105416', 'UN', 4.30, 6.00, 2, 7.00, '39.53', '2014-12-10 19:46:34', 'S'),
(587, 164, 15, 'Rend. Extra Areia 18L', 'NT390001118', 'UN', 107.34, 165.00, 1, 2.00, '53.72', '2014-11-05 10:52:22', 'S'),
(588, 187, 15, 'Tinta de Piso Cinza Escuro 18 L', 'NT4900000618', 'UN', 98.94, 138.00, 1, 1.00, '39.48', '2014-12-08 14:21:42', 'S'),
(589, 187, 15, 'Tinta de Piso Cinza 18 L', 'NT4900004618', 'UN', 98.94, 138.00, 1, 1.00, '39.48', '2014-12-22 12:14:42', 'S'),
(590, 187, 15, 'Tinta de Piso Amarelo Demarcacao 0,9L', 'NT4900001704', 'UN', 7.47, 12.00, 2, 5.00, '60.64', '2014-12-11 13:32:27', 'S'),
(591, 187, 15, 'Tinta de Piso Vermelho Seguranca 0,9L', 'NT490008904', 'UN', 7.47, 12.00, 2, 6.00, '60.64', '2014-11-05 11:14:52', 'S'),
(592, 164, 15, 'Peg e Pinte Areia 18L', 'NT350001118', 'UN', 70.52, 110.00, 1, 1.00, '55.98', '2014-12-10 15:51:41', 'S'),
(593, 164, 15, 'Peg e Pinte Palha 18L', 'NT350004018', 'UN', 70.52, 110.00, 1, 1.00, '55.98', '2014-12-15 13:01:38', 'S'),
(594, 188, 15, 'Spray Branco Brilhante', 'NT771000171', 'UN', 7.24, 12.00, 2, 5.00, '65.75', '2014-12-26 15:37:01', 'S'),
(595, 188, 15, 'Spray Preto Brilhante', 'NT771000871', 'UN', 7.24, 12.00, 2, 5.00, '65.75', '2014-12-19 11:38:27', 'S'),
(596, 188, 15, 'Spray Aluminio', 'NT77700977', 'UN', 7.24, 12.00, 2, 7.00, '65.75', '2014-12-26 15:30:59', 'S'),
(597, 189, 15, 'Spray Luminosa', 'NT7773001873', 'UN', 11.74, 18.00, 2, 5.00, '53.32', '2014-11-15 15:36:55', 'S'),
(598, 146, 14, 'Cristal Palha', 'NT223314', 'UN', 48.00, 75.00, 10, 7.00, '56.25', '2014-09-13 13:58:11', 'S'),
(599, 154, 14, 'B.F', 'NT0021', 'UN', 1.00, 1.50, 20, 272.00, '50.00', '2014-12-27 12:44:19', 'S'),
(600, 155, 14, 'B.M', 'NT0022', 'UN', 1.00, 1.50, 20, 333.00, '50.00', '2014-11-18 17:54:12', 'S'),
(601, 153, 14, 'B.G', 'NT0023', 'UN', 1.00, 1.50, 20, 434.00, '50.00', '2014-11-18 17:53:22', 'S'),
(602, 187, 14, 'Tinta de piso Cinza  barrica 18L', 'NT0024', 'UN', 60.00, 125.00, 1, 8.00, '108.33', '2014-11-13 19:36:38', 'S'),
(603, 150, 14, 'Grafiato #10 Branco  25 kgs.', '015', 'UN', 23.50, 35.00, 10, 40.00, '48.94', '2014-12-27 11:36:46', 'S'),
(604, 150, 14, 'Grafiato #12 Branco 25 Kgs. ', '016', 'UN', 23.50, 35.00, 10, 17.00, '48.94', '2014-12-27 11:37:39', 'S'),
(605, 201, 14, 'Massa Corrida PVA Barrica 25Kgs.', '004', 'UN', 16.00, 30.00, 10, 22.00, '87.50', '2014-12-27 10:44:57', 'S'),
(606, 190, 18, 'Pincel Atlas 319 1', 'NT13883', 'UN', 1.77, 2.50, 2, 1.00, '41.24', '2014-12-11 15:56:18', 'S'),
(608, 190, 18, 'Bandeja Grande', 'NT13321', 'UN', 4.00, 8.00, 2, 8.00, '100.00', '2014-12-27 10:56:41', 'S'),
(612, 190, 18, 'Rolo l&#227; 23 cm Tigre', 'NT13371', 'UN', 4.98, 10.00, 2, 7.00, '100.80', '2014-12-27 13:25:05', 'S'),
(613, 190, 18, 'Rolo Antigota  23 CM', 'NT13709', 'UN', 9.65, 10.00, 2, 22.00, '3.63', '2014-12-27 10:56:58', 'S'),
(622, 190, 18, 'Rolo Antigota Atlas 15 CM', 'NT13712', 'UN', 7.87, 11.00, 1, 0.00, '39.77', '2014-12-01 15:15:32', 'S'),
(624, 194, 15, 'Spray Azul Metalizado', 'NT770059', 'UN', 9.55, 14.00, 2, 4.00, '46.60', '2014-12-18 16:06:35', 'S'),
(625, 164, 15, 'Rend. Extra Branco 18L', 'NT3900001', 'UN', 106.01, 165.00, 2, 2.00, '55.65', '2014-12-26 14:43:23', 'S'),
(626, 164, 15, 'Rend. Extra Palha 18L ', 'NT3990040', 'UN', 106.04, 165.00, 1, 2.00, '55.60', '2014-12-11 19:36:14', 'S'),
(627, 164, 15, 'Rend. Extra Verde Kiwi 18L', 'NT3900079', 'UN', 106.04, 165.00, 1, 0.00, '55.60', '2014-12-11 17:55:46', 'S'),
(628, 164, 15, 'Rend Extra Violeta 18L', 'NT3900205', 'UN', 106.04, 165.00, 1, 1.00, '55.60', '2014-11-05 10:51:37', 'S'),
(629, 164, 15, 'Rend. Extra Branco 3,6', 'NT39000001', 'UN', 27.81, 41.70, 1, 7.00, '49.95', '2014-12-22 17:16:15', 'S'),
(630, 164, 15, 'Rend. Extra Palha 3,6', 'NT39000040', 'UN', 27.80, 41.70, 2, 3.00, '50.00', '2014-12-22 17:41:28', 'S'),
(631, 164, 15, 'Rend. Extra Violeta 3,6', 'NT39000205', 'UN', 27.80, 41.70, 1, 2.00, '50.00', '2014-12-22 17:54:56', 'S'),
(633, 164, 15, 'Peg e Pinte Camurca 3,6', 'NT3500012', 'UN', 18.49, 26.00, 2, 4.00, '40.62', '2014-11-05 10:48:20', 'S'),
(634, 164, 15, 'Peg e Pinte Amarelo Canario 3,6', 'NT3500035', 'UN', 18.49, 26.00, 2, 2.00, '40.62', '2014-12-20 12:46:49', 'S'),
(635, 164, 15, 'Peg e Pinte Laranja Citrico 3,6', 'NT35000067', 'UN', 18.49, 26.00, 2, 2.00, '40.62', '2014-12-18 19:49:13', 'S'),
(636, 164, 15, 'Peg e Pinte Lilas 3,6', 'NT35000118', 'UN', 18.49, 26.00, 2, 2.00, '40.62', '2014-12-12 17:49:04', 'S'),
(637, 164, 15, 'Peg e Pinte Verde Piscina 3,6', 'NT35000037', 'UN', 18.49, 26.00, 2, 2.00, '40.62', '2014-12-17 13:35:12', 'S'),
(638, 164, 15, 'Rend. Extra Verde Kiwi 3,6', 'NT39000079', 'UN', 27.80, 41.70, 1, 5.00, '50.00', '2014-12-22 17:45:28', 'S'),
(639, 215, 15, 'Selador Acrilico Gal&#227;o 3,6L', '003', 'UN', 11.85, 17.00, 2, 4.00, '43.46', '2014-12-27 10:44:12', 'S'),
(640, 214, 18, 'Thinner 5 lts.', 'NT-00489', 'UN', 26.50, 40.00, 1, 9.00, '50.94', '2014-12-22 19:03:41', 'S'),
(641, 195, 18, 'Querosene 5 Lts.', 'NT-00495', 'UN', 32.51, 43.00, 1, 0.00, '32.27', '2014-11-04 19:14:48', 'S'),
(642, 195, 18, 'Querosene 0,9 lts.', 'NT-00494', 'UN', 6.26, 8.80, 1, 1.00, '40.58', '2014-12-19 14:03:48', 'S'),
(643, 190, 17, 'Fita empacotamento', 'NT-00010', 'UN', 2.00, 3.00, 1, 0.00, '50.00', '2014-12-01 10:34:45', 'S'),
(644, 171, 18, 'Corante Laranja', 'NT00352', 'UN', 3.10, 3.50, 1, 16.00, '12.90', '2014-12-18 11:20:38', 'S'),
(645, 201, 14, 'Massa Acrilica Barrica 25 kgs', '007', 'UN', 23.50, 44.00, 2, 10.00, '87.23', '2014-12-27 10:49:18', 'S'),
(646, 196, 15, 'Gesso e Drywall 18L', 'NT5400098', 'UN', 84.75, 135.00, 1, 4.00, '59.29', '2014-11-18 12:54:56', 'S'),
(647, 196, 15, 'Gesso e Drywall 3,6', 'NT00098', 'UN', 21.12, 38.00, 1, 9.00, '79.92', '2014-12-17 14:52:19', 'S'),
(648, 212, 15, 'Esmalte BR Preto 225ml', 'NT6000001', 'UN', 4.12, 7.50, 5, 9.00, '82.04', '2014-12-10 19:47:00', 'S'),
(649, 212, 15, 'Esmalte BR Branco 225ml', 'NT6000008', 'UN', 4.12, 7.50, 4, 7.00, '82.04', '2014-12-10 16:01:35', 'S'),
(650, 211, 19, 'Hammerite Preto 0,8l', 'NT001', 'UN', 19.75, 33.00, 1, 0.00, '67.09', '2014-12-08 10:58:30', 'S'),
(651, 211, 19, 'Hammerite Prata 0,8l', 'NTOOO2', 'UN', 19.75, 33.00, 1, 0.00, '67.09', '2014-11-05 11:09:55', 'S'),
(652, 211, 19, 'Hammerite Branco 0,8l', 'NT00010', 'UN', 19.75, 33.00, 1, 3.00, '67.09', '2014-11-05 11:09:42', 'S'),
(653, 164, 19, 'Coral Rende Muito Branco 18L', 'NT00011', 'UN', 149.42, 200.00, 1, 0.00, '33.85', '2014-12-13 12:04:25', 'S'),
(654, 164, 19, 'Coral Rende Muito Palha 18L', 'NT00012', 'UN', 149.42, 190.00, 1, 2.00, '27.16', '2014-12-19 17:42:06', 'S'),
(655, 197, 19, 'Maxi adesivo Massa Plast Cinza', 'NT00013', 'UN', 3.72, 5.90, 1, 9.00, '58.60', '2014-11-06 12:23:48', 'S'),
(656, 197, 19, 'Maxi Removedor Pastoso 1kg', 'NT00014', 'UN', 14.05, 20.90, 1, 3.00, '48.75', '2014-12-01 16:21:00', 'S'),
(657, 197, 19, 'Maxi Massa De polir', 'NT00015', 'UN', 7.70, 11.55, 1, 3.00, '50.00', '2014-12-16 16:39:55', 'S'),
(658, 199, 19, 'Resina Acqua Incolor 3,6L', 'NT00016', 'UN', 30.80, 46.20, 1, 2.00, '50.00', '2014-10-09 13:42:49', 'S'),
(659, 198, 19, 'Polistain Plus Transp 3,6L', 'NT00017', 'UN', 52.88, 77.00, 1, 2.00, '45.61', '2014-10-09 13:43:33', 'S'),
(660, 198, 19, 'Polistain Plus Transp 0,9L', 'NT00018', 'UN', 15.94, 23.90, 1, 1.00, '49.94', '2014-11-20 14:10:08', 'S'),
(661, 190, 18, 'Lixa A. 600', 'NT0012', 'UN', 0.78, 1.20, 5, 51.00, '53.85', '2014-12-04 13:10:35', 'S'),
(662, 190, 18, 'Rolo L&#227; rola facil Atlas 9cm', 'NT0013', 'UN', 3.00, 5.50, 1, 1.00, '83.33', '2014-12-16 12:47:34', 'S'),
(663, 197, 18, 'Fundo Fosfatizande wash primmer', 'NT0014', 'UN', 21.33, 27.70, 0, 0.00, '29.86', '2014-10-10 18:57:31', 'S'),
(664, 190, 18, 'Cuador Peneira de tinta', 'NT0015', 'UN', 5.10, 6.60, 0, 0.00, '29.41', '2014-10-10 18:58:08', 'S'),
(666, 158, 18, 'Coralit SR Branco 3,6L', 'NT0017', 'UN', 59.18, 78.70, 1, 10.00, '32.98', '2014-12-08 12:16:03', 'S'),
(667, 200, 18, 'Brascoplast Adesivo', 'NT0018', 'UN', 10.00, 18.35, 1, 0.00, '83.50', '2014-11-18 15:54:29', 'S'),
(668, 190, 19, 'Pincel Atlas 1 1/2"', 'NT0019', 'UN', 2.19, 3.10, 1, 1.00, '41.55', '2014-11-15 14:28:01', 'S'),
(669, 158, 19, 'Coralit Amarelo Tradicional 3,6 lt', 'NT0020', 'UN', 48.97, 65.13, 1, 1.00, '33.00', '2014-12-19 18:04:36', 'S'),
(670, 158, 15, 'Peg & Pinte Amarelo Ouro 0,9L', 'NT75000027', 'UN', 9.37, 13.45, 2, 8.00, '43.54', '2014-12-19 11:54:26', 'S'),
(671, 158, 15, 'Peg & Pinte Azul Mar 0,9L', 'NT75000023', 'UN', 9.37, 13.45, 2, 4.00, '43.54', '2014-11-27 17:55:56', 'S'),
(672, 158, 15, 'Peg & Pinte Verde Nilo 0,9L', 'NT7500127', 'UN', 9.37, 13.45, 1, 5.00, '43.54', '2014-12-03 16:15:45', 'S'),
(673, 187, 15, 'Tinta de Piso Verde 18 L', 'NT4900047', 'UN', 98.94, 138.00, 1, 1.00, '39.48', '2014-11-09 21:56:00', 'S'),
(674, 201, 15, 'Stain Mogno 0,9L', 'NT9700097', 'UN', 14.78, 22.20, 2, 2.00, '50.20', '2014-12-16 10:38:56', 'S'),
(675, 187, 15, 'Tinta de Piso Cinza Escuro 3,6 ', 'NT4900006', 'UN', 25.63, 38.40, 1, 4.00, '49.82', '2014-12-22 18:11:32', 'S'),
(676, 187, 15, 'Tinta de Piso Verde 3,6 ', 'NT49000047', 'UN', 25.63, 38.40, 2, 5.00, '49.82', '2014-12-22 18:12:25', 'S'),
(677, 187, 15, 'Tinta de Piso Amar Demarcado 3,6 ', 'NT49000017', 'UN', 25.63, 38.40, 1, 4.00, '49.82', '2014-12-22 18:05:34', 'S'),
(678, 187, 15, 'Tinta de Piso Vermelho 3,6 ', 'NT4900090', 'UN', 25.66, 38.40, 2, 3.00, '49.65', '2014-12-22 18:14:06', 'S'),
(679, 164, 15, 'Rend. Extra Azul Praia 3,6', 'NT39000094', 'UN', 26.18, 39.30, 2, 1.00, '50.11', '2014-12-26 19:29:35', 'S'),
(680, 164, 15, 'Rend. Extra Pera 3,6', 'NT39001111', 'UN', 27.80, 41.70, 2, 4.00, '50.00', '2014-12-22 17:42:32', 'S'),
(681, 164, 15, 'Rend. Extra Vermelho Cardial 3,6', 'NT3900101', 'UN', 27.80, 41.70, 1, 4.00, '50.00', '2014-12-27 13:22:28', 'S'),
(682, 164, 15, 'Rend. Extra Gelo 3,6', 'NT3900002', 'UN', 27.80, 41.70, 1, 5.00, '50.00', '2014-12-22 17:32:16', 'S'),
(683, 188, 15, 'Spray Grafite', 'NT7710400', 'UN', 7.24, 12.00, 2, 6.00, '65.75', '2014-11-05 10:57:58', 'S'),
(684, 188, 15, 'Spray Dourado', 'NT7710062', 'UN', 7.24, 12.00, 2, 3.00, '65.75', '2014-12-26 15:31:11', 'S'),
(685, 188, 15, 'Spray Rosa ', 'NT770093', 'UN', 7.24, 12.00, 2, 6.00, '65.75', '2014-11-05 10:57:06', 'S'),
(686, 188, 15, 'Spray Verde Claro', 'NT7771012', 'UN', 7.24, 12.00, 2, 5.00, '65.75', '2014-11-05 15:24:01', 'S'),
(687, 158, 18, 'Coralit SR Preto 3,6 L', 'NT00021', 'UN', 59.18, 78.70, 1, 3.00, '32.98', '2014-12-08 19:04:27', 'S'),
(688, 158, 19, 'Coralit Acet A021 Suv. 3,2L', 'NT022', 'UN', 52.56, 73.50, 0, 0.00, '39.84', '2014-10-31 15:10:53', 'S'),
(689, 202, 20, 'IMPERALL PREMIUM 3,6L', 'NT300', 'UN', 29.58, 41.40, 1, 7.00, '39.96', '2014-12-16 17:13:34', 'S'),
(690, 202, 20, 'IMPERALL PREMIUM 18L', 'NT3001', 'UN', 109.40, 153.80, 1, 1.00, '40.59', '2014-11-01 01:48:45', 'S'),
(691, 202, 20, 'KIT VEDA TRINCA', 'NT302', 'UN', 19.37, 27.20, 2, 4.00, '40.42', '2014-12-09 10:48:38', 'S'),
(693, 202, 20, 'Mata Mofo 1L', 'NT304', 'UN', 13.00, 18.20, 1, 5.00, '40.00', '2014-12-08 18:39:10', 'S'),
(695, 190, 18, 'Broxa Quadrada 800', 'NT1002', 'UN', 2.70, 3.80, 1, 0.00, '40.74', '2014-11-29 14:30:21', 'S'),
(696, 190, 18, 'Espatula 13 cm', 'NT1003', 'UN', 5.66, 7.95, 1, 2.00, '40.46', '2014-12-05 10:46:45', 'S'),
(697, 190, 18, 'Cal para pintura ', 'NT2001', 'UN', 6.32, 9.00, 1, 2.00, '42.41', '2014-12-23 12:26:11', 'S'),
(698, 190, 18, 'Desempenadeira Aço cabo emborrach.', 'NT1004', 'UN', 14.25, 20.00, 1, 1.00, '40.35', '2014-11-04 19:28:31', 'S'),
(699, 190, 18, 'Desempenadeira PVC M-12', 'NT1005', 'UN', 9.97, 13.95, 1, 0.00, '39.92', '2014-11-29 14:06:35', 'S'),
(700, 164, 19, 'Coral Rende Muito Laranja Maracatú 18L', 'NT025', 'UN', 149.42, 200.00, 1, 0.00, '33.85', '2014-11-19 17:11:00', 'S'),
(701, 164, 19, 'Coral Rende Muito Pessego 18L', 'NT026', 'UN', 149.42, 190.00, 1, 1.00, '27.16', '2014-12-19 17:40:25', 'S'),
(702, 164, 19, 'Coral Rende Muito Branco 3,6L', 'NT027', 'UN', 42.11, 58.95, 2, 0.00, '39.99', '2014-12-20 15:52:32', 'S'),
(703, 164, 19, 'Coral Rende Muito Palha 3,6L', 'NT028', 'UN', 41.19, 57.15, 1, 2.00, '38.75', '2014-12-02 18:25:23', 'S'),
(704, 190, 19, 'Rolo Espuma Tigre Cinza 4cm cabo Plast.', 'NT250', 'UN', 0.86, 1.20, 1, 87.00, '39.53', '2014-12-23 11:03:34', 'S'),
(705, 164, 19, 'Coralar Acr. Pessego 3,6L', 'NT029', 'UN', 23.87, 31.75, 1, 1.00, '33.01', '2014-11-08 13:38:25', 'S'),
(706, 158, 19, 'Coralit Tradicional BR Verde Folha 3,6L', 'NT500', 'UN', 48.97, 65.13, 1, 2.00, '33.00', '2014-11-27 10:42:52', 'S'),
(707, 158, 19, 'Coralit Tradicional BR Azul Del Rey 3,6L', 'NT501', 'UN', 48.97, 65.13, 1, 2.00, '33.00', '2014-11-01 02:53:59', 'S'),
(708, 158, 19, 'Coralit Tradicional BR Vermelho 3,6L', 'NT502', 'UN', 48.97, 65.13, 1, 1.00, '33.00', '2014-12-18 19:48:47', 'S'),
(709, 203, 19, 'Coralit Fosco Branco 0,9L', 'NT503', 'UN', 17.40, 23.15, 1, 3.00, '33.05', '2014-11-01 02:59:17', 'S'),
(710, 203, 19, 'Coralit Fosco Preto 0,225L', 'NT504', 'UN', 6.22, 7.75, 1, 3.00, '24.60', '2014-12-26 11:49:29', 'S'),
(711, 158, 19, 'Coralit Alto BR Amarelo 0,9L', 'NT505', 'UN', 15.65, 20.81, 1, 0.00, '32.97', '2014-12-09 16:42:56', 'S'),
(712, 158, 19, 'Coralit Alto BR Verde Folha 0,9L', 'NT506', 'UN', 15.65, 20.81, 1, 3.00, '32.97', '2014-11-01 03:04:14', 'S'),
(713, 158, 19, 'Coralit Alto BR Azul Del Rey 0,9L', 'NT507', 'UN', 15.65, 20.81, 1, 2.00, '32.97', '2014-12-09 16:17:38', 'S'),
(714, 158, 19, 'Coralit Alto BR Vermelho 0,9L', 'NT508', 'UN', 15.65, 20.81, 1, 1.00, '32.97', '2014-12-09 16:18:02', 'S'),
(715, 158, 19, 'Coralit Alto BR Aluminio 0,9L', 'NT509', 'UN', 17.55, 23.34, 1, 1.00, '32.99', '2014-12-26 11:34:52', 'S'),
(717, 188, 15, 'Spray Preto fosco', 'NT700', 'UN', 7.25, 12.00, 1, 4.00, '65.52', '2014-12-26 15:27:50', 'S'),
(718, 164, 15, 'Super Premium fosco Branco', 'NT030', 'UN', 150.38, 210.00, 1, 0.00, '39.65', '2014-11-09 20:46:41', 'S'),
(719, 188, 15, 'Spray Vermelho', 'NT701', 'UN', 7.25, 12.00, 1, 5.00, '65.52', '2014-12-11 17:04:51', 'S'),
(720, 164, 15, 'Rend. Extra 18 L Azul Praia', 'NT031', 'UN', 107.35, 165.00, 1, 1.00, '53.70', '2014-12-08 14:17:32', 'S'),
(721, 164, 15, 'Rend. Extra 18L Pera', 'NT032', 'UN', 109.78, 165.00, 1, 0.00, '50.30', '2014-12-12 13:19:14', 'S'),
(722, 164, 15, 'Rend. Extra 18 L Gelo', 'NT033', 'UN', 107.35, 165.00, 1, 1.00, '53.70', '2014-12-02 15:56:16', 'S'),
(723, 164, 15, 'Acrilic. Super pre fosco branco 3,6L', 'NT035', 'UN', 34.19, 48.00, 1, 2.00, '40.39', '2014-11-29 11:43:24', 'S'),
(724, 164, 15, 'Acrilic. Super Pre Fosco Palha 18L', 'NT036', 'UN', 150.38, 210.01, 1, 1.00, '39.65', '2014-11-01 13:20:38', 'S'),
(725, 164, 15, 'Acrilic. Super pre fosco palha 3,6L', 'NT037', 'UN', 34.18, 48.00, 1, 4.00, '40.43', '2014-11-01 13:23:02', 'S'),
(726, 158, 15, 'Peg & pinte BR Preto 3,6l', 'NT810', 'UN', 32.78, 48.00, 1, 2.00, '46.43', '2014-12-08 17:27:59', 'S'),
(727, 204, 15, 'Epoxi base agua 3,6L', 'NT1500', 'UN', 87.00, 122.00, 1, 4.00, '40.23', '2014-11-04 13:04:54', 'S'),
(728, 204, 15, 'Epoxi base agua 3,6L Cinza escuro', 'NT811', 'UN', 87.00, 122.00, 1, 4.00, '40.23', '2014-11-01 14:15:44', 'S'),
(729, 201, 15, 'Massa para madeira 1,4', 'NT097', 'UN', 5.57, 7.80, 1, 9.00, '40.04', '2014-12-16 14:03:09', 'S'),
(730, 205, 15, 'Spray alta temperatura Preto Fosco', 'NT129', 'UN', 11.56, 16.20, 1, 4.00, '40.14', '2014-12-24 10:46:02', 'S'),
(731, 206, 14, 'Lamato Barrica 25Kgs na cor', 'NT1009', 'UN', 45.00, 65.00, 1, 0.00, '44.44', '2014-11-18 17:47:54', 'S'),
(732, 206, 14, 'Textura Lisa Branca Barrica 25Kgs.', '012', 'UN', 23.50, 34.00, 1, 30.00, '44.68', '2014-12-27 11:33:00', 'S'),
(733, 207, 15, 'látex Acrílico 18L Papaya', 'NT00022', 'UN', 85.00, 145.00, 1, 1.00, '70.59', '2014-11-03 17:49:53', 'S'),
(734, 164, 15, 'Rend. Extra Verde Piscina 3,6', 'NT00023', 'UN', 27.80, 41.70, 1, 5.00, '50.00', '2014-12-22 17:50:06', 'S'),
(735, 164, 15, 'Rend. Extra Flamingo 3,6 ', 'NT00024', 'UN', 27.80, 41.70, 1, 3.00, '50.00', '2014-12-22 17:31:19', 'S'),
(737, 209, 18, 'Pintoff 1L', 'NT112336625', 'UN', 22.00, 22.50, 1, 0.00, '2.27', '2014-11-28 19:44:41', 'S'),
(738, 187, 15, 'Tinta de Piso Cinza 3,6 ', 'NT15414656958', 'UN', 25.63, 38.40, 1, 4.00, '49.82', '2014-12-22 18:10:28', 'S'),
(740, 171, 18, 'corante  Amarelo', 'NT00025', 'UN', 2.58, 3.50, 1, 0.00, '35.66', '2014-12-20 14:11:43', 'S'),
(741, 171, 18, 'Corante Vermelho', 'NT00026', 'UN', 2.58, 3.50, 1, 22.00, '35.66', '2014-12-23 15:34:52', 'S'),
(742, 190, 18, 'Lixa A. 400 ', 'NT00027', 'UN', 0.74, 1.20, 2, 18.00, '62.16', '2014-11-17 19:53:19', 'S'),
(743, 190, 18, 'Lixa A. 320 ', 'NT00028', 'UN', 0.67, 1.20, 2, 15.00, '79.10', '2014-11-17 19:53:02', 'S'),
(744, 188, 15, 'Spray Branco Fosco ', 'NT77108171', 'UN', 7.24, 12.00, 2, 7.00, '65.75', '2014-12-13 14:50:34', 'S'),
(745, 185, 15, 'Zarcao 3,6', 'NT85015455', 'UN', 37.62, 56.00, 2, 4.00, '48.86', '2014-11-05 13:28:43', 'S'),
(746, 164, 15, 'Acrílico Premium sem cheiro Branco Fosco 18L', 'NT2000001', 'UN', 137.30, 199.10, 1, 1.00, '45.01', '2014-11-05 13:47:02', 'S'),
(747, 188, 15, 'Spray Verniz Brilhante', 'NT7710808', 'UN', 7.24, 12.00, 2, 4.00, '65.75', '2014-12-22 10:50:48', 'S'),
(748, 188, 15, 'Spray Amarelo', 'NT7710016', 'UN', 7.24, 12.00, 2, 4.00, '65.75', '2014-12-06 13:06:11', 'S'),
(749, 160, 15, 'Verniz Tingidor Mogno 3,6', 'NT0920009', 'UN', 33.63, 48.80, 2, 3.00, '45.11', '2014-12-10 11:46:40', 'S'),
(750, 160, 15, 'Verniz Tingidor Imbuia 0,225L', 'NT9200198', 'UN', 4.31, 6.05, 2, 12.00, '40.37', '2014-11-09 21:57:01', 'S'),
(751, 160, 15, 'Verniz Tingidor Mogno 0,225 L', 'NT92001197', 'UN', 4.31, 6.05, 2, 11.00, '40.37', '2014-12-15 20:05:06', 'S'),
(752, 158, 15, 'Peg & Pinte Marfim 0,9L', 'NT75000009', 'UN', 9.59, 13.45, 2, 6.00, '40.25', '2014-11-09 21:11:17', 'S'),
(753, 158, 15, 'Peg & Pinte Cinza Médio 0,9L', 'NT7500041', 'UN', 9.59, 13.45, 2, 4.00, '40.25', '2014-12-06 11:07:28', 'S'),
(754, 158, 15, 'Peg & Pinte Cinza Médio 3,6L', 'NT750004123', 'UN', 33.52, 48.00, 2, 3.00, '43.20', '2014-12-08 17:28:46', 'S'),
(755, 158, 15, 'Peg & Pinte Laranja 0,9L', 'NT7500017867', 'UN', 9.59, 13.45, 2, 5.00, '40.25', '2014-11-26 16:22:01', 'S'),
(756, 158, 15, 'Peg & Pinte  Aluminio 0,9L', 'NT750009704', 'UN', 13.44, 19.20, 1, 6.00, '42.86', '2014-12-26 19:00:44', 'S'),
(757, 212, 15, 'Esmalte Grafite Claro 0,9L ', 'NT700006000', 'UN', 10.19, 14.30, 2, 5.00, '40.33', '2014-12-05 12:50:33', 'S'),
(758, 212, 15, 'Esmalte Grafite Escuro 0,9L ', 'NT700060004', 'UN', 10.19, 14.30, 2, 4.00, '40.33', '2014-12-26 19:01:57', 'S'),
(759, 197, 21, 'kit verniz pu 1500', '43411500', 'UN', 14.11, 22.00, 6, 12.00, '55.92', '2014-11-08 10:33:06', 'S'),
(760, 197, 21, 'adesivo light', '46305235', 'UN', 6.13, 9.50, 6, 5.00, '54.98', '2014-12-17 11:16:11', 'S'),
(761, 197, 21, 'adesivo plastico cinza', '46305238', 'UN', 3.97, 6.20, 6, 10.00, '56.17', '2014-12-27 12:09:03', 'S'),
(762, 197, 21, 'Thinner ppu 5230 900ml', 'NT850', 'UN', 8.37, 13.00, 6, 12.00, '55.32', '2014-11-07 19:35:48', 'S'),
(763, 197, 21, 'thinner p retoque 900ml', '46505265', 'UN', 11.38, 17.70, 3, 6.00, '55.54', '2014-11-07 19:35:35', 'S'),
(764, 197, 21, 'primer universal cinza', '41305251', 'UN', 10.06, 15.60, 3, 4.00, '55.07', '2014-12-15 16:59:58', 'S'),
(765, 197, 21, 'massa rapida cinza 900ml', '41305255', 'UN', 9.00, 14.00, 3, 4.00, '55.56', '2014-12-16 13:09:53', 'S'),
(766, 197, 21, 'massa anti-ruido 900ml', '46805257', 'UN', 5.51, 8.60, 3, 6.00, '56.08', '2014-11-08 10:46:38', 'S'),
(767, 197, 21, 'batida de pedra 900ml', '46805258', 'UN', 6.11, 10.00, 3, 1.00, '63.67', '2014-12-19 12:34:18', 'S'),
(768, 197, 21, 'seladora pplastico 900ml', '46805239', 'UN', 11.74, 18.20, 3, 6.00, '55.03', '2014-11-19 16:19:13', 'S'),
(769, 197, 21, 'soluçao desengraxante 900ml', '46505243', 'UN', 6.45, 10.00, 3, 6.00, '55.04', '2014-11-08 10:31:38', 'S'),
(770, 197, 21, 'manta de fibra de vidro250g', 'NT039', 'UN', 4.25, 6.60, 6, 11.00, '55.29', '2014-11-14 11:54:18', 'S'),
(771, 197, 21, 'Adesivo para laminaç&#227;o 0,9L ', 'NT040', 'UN', 13.60, 21.00, 3, 3.00, '54.41', '2014-12-19 15:54:11', 'S'),
(772, 197, 21, 'mazalux preto cadilac 900ml', 'NT041', 'UN', 9.95, 15.50, 3, 6.00, '55.78', '2014-11-08 10:49:44', 'S'),
(773, 197, 21, 'mazalux preto fosco 900ml', 'NT042', 'UN', 8.60, 13.20, 3, 0.00, '53.49', '2014-12-12 16:49:24', 'S'),
(774, 197, 21, 'mazalux aluminio opalescente p\rodas 900 ml', 'NT043', 'UN', 9.36, 14.50, 3, 6.00, '54.91', '2014-11-08 10:50:42', 'S'),
(775, 197, 21, 'mazalac preto cadilac 900ml', 'NT044', 'UN', 12.46, 19.30, 3, 6.00, '54.90', '2014-12-09 14:27:58', 'S'),
(776, 197, 21, 'mazalac preto fosco 900ml', 'NT045', 'UN', 11.23, 19.10, 3, 6.00, '70.08', '2014-11-14 14:29:19', 'S'),
(777, 197, 21, 'mazalac alumino opalescente 900ml', 'NT046', 'UN', 11.09, 17.20, 3, 6.00, '55.09', '2014-11-08 10:28:35', 'S'),
(778, 164, 21, 'acrilico prof.fosco branco 18l Maza', 'NT047', 'UN', 52.87, 94.00, 1, 9.00, '77.79', '2014-12-20 15:15:11', 'S'),
(780, 164, 21, 'acrilico prof. fosco palha 18l Maza', 'NT049', 'UN', 52.87, 94.00, 1, 0.00, '77.79', '2014-12-22 13:21:06', 'S'),
(781, 164, 21, 'Acrílico Prof. Fosco Palha 3,6L Maza', 'NT050', 'UN', 14.58, 23.00, 2, 2.00, '57.75', '2014-12-26 13:02:59', 'S'),
(782, 164, 21, 'acrilico prof. fosco rosa melodia 18l Maza', 'NT051', 'UN', 52.87, 94.00, 1, 0.00, '77.79', '2014-12-18 19:49:03', 'S'),
(783, 164, 21, 'Acrilico prof. Fosco Rosa Melodia 3,6L Maza', 'NT0055', 'UN', 14.58, 23.00, 2, 1.00, '57.75', '2014-12-20 14:26:49', 'S'),
(784, 164, 21, 'Acrilico prof. Fosco Pessego 18L Maza', 'NT056', 'UN', 52.87, 94.00, 1, 2.00, '77.79', '2014-12-12 17:19:20', 'S'),
(785, 164, 21, 'Acrilico prof. Fosco Pessego 3,6L Maza', 'NT057', 'UN', 14.58, 23.00, 1, 3.00, '57.75', '2014-12-05 17:43:55', 'S'),
(786, 164, 21, 'Acrilico prof. Fosco Areia 18L Maza', 'NT058', 'UN', 52.87, 94.00, 1, 1.00, '77.79', '2014-11-18 13:42:28', 'S'),
(787, 164, 21, 'Acrilico prof. Fosco Areia 3,6L Maza', 'NT059', 'UN', 14.58, 23.00, 1, 4.00, '57.75', '2014-12-11 14:29:43', 'S'),
(788, 164, 21, 'Acrilico prof. Fosco Lima 3,6L Maza', 'NT060', 'UN', 14.58, 23.00, 1, 4.00, '57.75', '2014-11-07 19:39:53', 'S'),
(789, 213, 21, 'Esmalte Bril. Branco 3,6L Base Agua', 'NT061', 'UN', 38.09, 59.00, 1, 2.00, '54.90', '2014-12-20 14:36:53', 'S'),
(790, 214, 21, 'Thinner 0,450L ', 'NT400', 'UN', 2.75, 6.50, 5, 15.00, '136.36', '2014-12-26 17:35:41', 'S'),
(791, 164, 21, 'Acrilico prof. fosco Branco 3,6 Maza', 'NT062', 'UN', 14.58, 23.00, 1, 1.00, '57.75', '2014-12-27 13:24:43', 'S'),
(792, 164, 15, 'Rend. Extra 18L Vermelho Cardial', 'NT1592', 'UN', 109.78, 165.00, 1, 1.00, '50.30', '2014-12-08 14:19:01', 'S'),
(793, 214, 15, 'Aguarraz 0,9L', '040000', 'UN', 6.32, 8.50, 6, 7.00, '34.49', '2014-12-27 13:41:00', 'S'),
(794, 164, 19, 'Coralar Rubi 3,6L', 'NT00095', 'UN', 24.78, 31.75, 1, 0.00, '28.13', '2014-11-24 12:02:05', 'S'),
(795, 190, 18, 'Rolo Textura extra rústica 23cm', 'NT0097', 'UN', 6.99, 17.00, 1, 0.00, '143.20', '2014-12-03 19:14:17', 'S'),
(796, 164, 15, 'Rendimento Extra Preto 3,6L', '0001', 'UN', 27.80, 41.70, 1, 2.00, '50.00', '2014-12-22 17:56:42', 'S'),
(797, 187, 15, 'Tinta de Piso Azul 3,6L', 'AP020105', 'UN', 25.63, 38.40, 1, 4.00, '49.82', '2014-12-22 18:07:15', 'S'),
(798, 187, 15, 'Tinta Piso Castor 3,6L', 'AP020305', 'UN', 25.63, 38.40, 1, 4.00, '49.82', '2014-12-22 18:15:10', 'S'),
(799, 187, 15, 'Tinta Piso Concreto 3,6L ', 'AP020405', 'UN', 25.63, 38.40, 1, 0.00, '49.82', '2014-12-22 18:16:33', 'S'),
(800, 206, 15, 'Textura lisa Branca Lata 20Kgs.', '013', 'UN', 43.67, 65.50, 1, 5.00, '49.99', '2014-12-27 11:30:26', 'S'),
(801, 171, 18, 'Corante Castanho', 'NT00125', 'UN', 2.10, 3.50, 1, 4.00, '66.67', '2014-12-22 12:25:02', 'S'),
(802, 202, 20, 'Fita Veda Trinca  5 x 5mts', 'NT00101', 'UN', 8.54, 12.80, 5, 14.00, '49.88', '2014-11-22 14:48:57', 'S'),
(803, 202, 20, 'Mactracol 1L', 'NT00102', 'UN', 4.00, 6.00, 9, 18.00, '50.00', '2014-11-14 19:27:48', 'S'),
(804, 190, 20, 'Spumix 500 ml', 'NT00103', 'UN', 16.10, 24.00, 1, 12.00, '49.07', '2014-11-12 15:45:50', 'S'),
(805, 164, 19, 'Coral Rende Muito Gelo 3,6L', 'NT01256', 'UN', 42.11, 58.95, 1, 2.00, '39.99', '2014-11-13 19:52:14', 'S'),
(806, 164, 19, 'Coral Rende Muito Perola 3,6L', 'NT01257', 'UN', 42.11, 58.95, 1, 1.00, '39.99', '2014-12-20 12:26:36', 'S'),
(807, 164, 19, 'Coral Rende Muito Camurça 3,6L', 'NT01258', 'UN', 42.11, 58.95, 1, 1.00, '39.99', '2014-12-13 14:50:56', 'S'),
(808, 164, 19, 'Coral Rende Muito Vanilla 3,6L', 'NT01259', 'UN', 42.11, 58.95, 1, 2.00, '39.99', '2014-11-13 20:02:53', 'S'),
(809, 164, 19, 'Coral Rende Muito Laranja Maracatú 3,6L', 'NT01260', 'UN', 42.11, 58.95, 1, 1.00, '39.99', '2014-11-19 11:00:51', 'S'),
(810, 164, 19, 'Coral Rende Muito Vermelho Cardinal 3,6L', 'NT01261', 'UN', 42.11, 58.95, 1, 5.00, '39.99', '2014-12-23 17:04:27', 'S'),
(811, 164, 19, 'Coral Rende Muito Verde Primavera 3,6L', 'NT01262', 'UN', 42.11, 58.95, 1, 0.00, '39.99', '2014-12-19 12:32:31', 'S'),
(812, 164, 19, 'Coral Rende Muito Areia 3,6L', 'NT01263', 'UN', 42.11, 58.95, 1, 0.00, '39.99', '2014-12-13 14:51:10', 'S'),
(813, 164, 19, 'Coral Rende Muito Oceano 3,6L', 'NT01264', 'UN', 42.11, 58.95, 1, 1.00, '39.99', '2014-12-18 11:21:43', 'S'),
(814, 160, 19, 'Verniz Extra maritimo Base de agua BR 3,6L', 'NT01265', 'UN', 52.67, 75.24, 1, 0.00, '42.85', '2014-12-18 11:30:33', 'S'),
(815, 158, 15, 'Esmalte peg & pinte  Camurça 3,6l', 'NT750001201', 'UN', 33.52, 53.00, 1, 0.00, '58.11', '2014-12-15 20:04:38', 'S'),
(816, 201, 15, 'Stain Mogno 3,6L', 'NT970009701', 'UN', 55.21, 80.00, 1, 4.00, '44.90', '2014-12-23 11:06:02', 'S'),
(817, 164, 15, 'Acrilico prof. Latex Papaya 3,6L', 'NT01269', 'UN', 17.65, 36.00, 1, 3.00, '103.97', '2014-11-18 12:54:31', 'S'),
(818, 187, 15, 'Tinta de Piso Branco 3,6L', 'NT490000101', 'UN', 25.63, 38.40, 1, 4.00, '49.82', '2014-12-22 18:09:32', 'S'),
(819, 164, 15, 'Rend. Extra Cenoura 3,6L', 'NT390011401', 'UN', 27.80, 41.70, 1, 3.00, '50.00', '2014-12-22 17:26:58', 'S'),
(820, 164, 15, 'Rend. Extra Jeans 3,6L', 'NT390001901', 'UN', 27.80, 41.70, 1, 4.00, '50.00', '2014-12-22 17:38:51', 'S'),
(821, 164, 19, 'Coral Rende Muito Vermelho Cardinal 18L', 'NT2500376', 'UN', 153.00, 195.00, 1, 0.00, '27.45', '2014-11-15 12:25:52', 'S'),
(822, 190, 18, 'Cabo Rolo Simples', 'NT01301', 'UN', 1.99, 4.00, 1, 0.00, '101.01', '2014-12-24 10:55:16', 'S'),
(823, 190, 18, 'Desempenadeira aço liza Grande', 'NT01302', 'UN', 13.50, 25.00, 1, 4.00, '85.19', '2014-11-17 18:57:51', 'S'),
(824, 190, 18, 'Desempenadeira aço liza Média ', 'NT01303', 'UN', 3.98, 8.00, 1, 9.00, '101.01', '2014-12-21 13:33:55', 'S'),
(825, 190, 18, 'Desempenadeira pvc 18x30 Grafiato', 'NT01304', 'UN', 4.89, 12.00, 1, 3.00, '145.40', '2014-12-21 13:34:08', 'S'),
(826, 190, 18, 'Desempenadeira pvc 7x16 Liza', 'NT01305', 'UN', 2.17, 6.00, 1, 11.00, '176.50', '2014-12-11 19:39:21', 'S'),
(827, 190, 18, 'Lona Preta 4x1mt. ', 'NT01306', 'MT', 1.78, 3.50, 15, 88.00, '96.63', '2014-11-29 14:22:49', 'S'),
(828, 190, 18, 'Lixa F. 60 ', 'NT01307', 'UN', 1.27, 2.30, 1, 38.00, '81.10', '2014-12-27 11:54:52', 'S'),
(829, 190, 18, 'Lixa A. 220 ', 'NT01308', 'UN', 0.70, 1.20, 1, 36.00, '71.43', '2014-12-27 13:07:56', 'S'),
(830, 190, 18, 'Lixa A. 1200', 'NT01309', 'UN', 2.62, 3.80, 1, 95.00, '45.04', '2014-12-23 19:55:23', 'S'),
(831, 171, 18, 'Corante Violeta', 'NT01310', 'UN', 1.57, 3.50, 1, 14.00, '122.93', '2014-12-26 13:03:24', 'S'),
(832, 183, 15, 'Fundo para Galvanizado 3,6L', 'NT8502055', 'UN', 45.22, 65.60, 1, 3.00, '45.07', '2014-12-02 10:28:35', 'S'),
(833, 164, 15, 'Rend. Extra Lilas Suave 3,6L', 'NT3900119', 'UN', 27.80, 41.70, 1, 4.00, '50.00', '2014-12-22 17:39:38', 'S'),
(834, 190, 18, 'Pincel Roma 1/2', 'NT01311', 'UN', 0.64, 1.25, 1, 7.00, '95.31', '2014-12-11 15:56:02', 'S'),
(835, 190, 18, 'Pincel Roma 3/4', 'NT01312', 'UN', 0.88, 1.90, 1, 2.00, '115.91', '2014-12-23 13:04:11', 'S'),
(837, 190, 18, 'Pincel Roma 1 1/2', 'NT01314', 'UN', 1.49, 3.75, 1, 1.00, '151.68', '2014-12-15 12:01:44', 'S'),
(838, 190, 18, 'Pincel Roma 2', 'NT01315', 'UN', 1.98, 5.00, 1, 24.00, '152.53', '2014-12-27 11:46:11', 'S'),
(839, 190, 18, 'Pincel Roma 2 1/2', 'NT01316', 'UN', 2.48, 6.30, 1, 6.00, '154.03', '2014-12-23 11:06:57', 'S'),
(840, 190, 18, 'Pincel Roma 3', 'NT01317', 'UN', 3.94, 7.50, 1, 10.00, '90.36', '2014-12-20 15:26:33', 'S'),
(841, 190, 18, 'Lixa F. 240', 'NT01318', 'UN', 1.17, 1.80, 1, 38.00, '53.85', '2014-12-18 16:49:56', 'S'),
(843, 171, 18, 'Corante Marrom', 'NT01319', 'UN', 1.59, 3.50, 1, 16.00, '120.13', '2014-12-26 15:37:13', 'S'),
(844, 190, 18, 'Bandeja Pequena', 'NT01320', 'UN', 1.65, 4.00, 1, 27.00, '142.42', '2014-12-26 14:08:07', 'S'),
(845, 190, 18, 'Lixadeira Manual 120x200', 'NT01321', 'UN', 9.89, 16.00, 1, 5.00, '61.78', '2014-12-10 11:49:36', 'S'),
(846, 147, 14, 'Cristal Verde Musgo 25 Kgs', 'NT125073', 'UN', 23.50, 40.00, 1, 3.00, '70.21', '2014-11-18 17:50:43', 'S'),
(847, 164, 21, 'Acrílico Premium maza - Chocolate Alpino - 3,6L', 'NT001257', 'UN', 28.35, 44.00, 1, 1.00, '55.20', '2014-12-11 18:33:33', 'S'),
(848, 190, 18, 'Rolo L&#227; 05cm', 'NT002233', 'UN', 1.89, 3.50, 1, 45.00, '85.19', '2014-12-04 18:34:11', 'S'),
(849, 188, 18, 'Spray Lukscolor cores variadas ', 'NT01385', 'UN', 2.50, 10.00, 1, 11.00, '300.00', '2014-12-23 18:16:22', 'S'),
(850, 183, 15, 'Eucafer Cinza 0,9L', 'NT002542', 'UN', 10.00, 14.50, 1, 6.00, '45.00', '2014-12-02 19:56:28', 'S'),
(851, 164, 21, 'Acrilico Ultra Camurça 18L', 'NT00112233', 'UN', 89.11, 139.90, 1, 0.00, '57.00', '2014-11-21 18:11:37', 'S'),
(852, 164, 21, 'Acrilico Ultra Camurça 3,6L', 'NT112234', 'UN', 22.20, 32.20, 1, 0.00, '45.05', '2014-12-09 18:50:00', 'S'),
(853, 164, 21, 'Acrilico Ultra Biscoito de Leite 18L', 'NT112235', 'UN', 89.11, 139.90, 1, 1.00, '57.00', '2014-11-20 16:32:56', 'S'),
(854, 164, 21, 'Acrilico Ultra Biscoito de Leite 3,6L', 'NT001234', 'UN', 22.20, 32.20, 1, 3.00, '45.05', '2014-12-16 11:57:47', 'S'),
(855, 164, 21, 'Acrilico Premium Chocolate Alpino 18L', 'NT001235', 'UN', 116.34, 179.90, 1, 1.00, '54.63', '2014-11-21 18:12:06', 'S'),
(856, 197, 21, 'KIT Primer PU 1500 Cinza 0,9L', 'NT12312', 'UN', 12.79, 20.50, 1, 10.00, '60.28', '2014-12-17 16:13:06', 'S'),
(857, 190, 21, 'Catalizador 9g', 'NT123123', 'UN', 0.59, 1.50, 10, 49.00, '154.24', '2014-12-26 11:34:26', 'S'),
(858, 213, 18, 'Coralit Zero Ac. 3,6L Branco', 'NT123456', 'UN', 67.18, 87.33, 1, 0.00, '29.99', '2014-11-22 14:50:58', 'S'),
(859, 164, 18, 'Coral Rende Muito Verde Lim&#227;o 3,6L', 'NT11840', 'UN', 47.22, 58.95, 1, 3.00, '24.84', '2014-11-27 10:33:57', 'S'),
(860, 215, 18, 'Massa Niveladora 25Kgs', '010', 'UN', 33.77, 42.00, 1, 4.00, '24.37', '2014-12-27 11:26:12', 'S'),
(861, 190, 18, 'Rolo Textura 09 cm', 'NT13708', 'UN', 3.39, 5.00, 1, 12.00, '47.49', '2014-12-24 10:51:15', 'S'),
(862, 190, 18, 'Rolo Espuma 5cm ', 'NT012589', 'UN', 0.79, 1.60, 1, 43.00, '102.53', '2014-12-26 11:49:43', 'S'),
(863, 164, 21, 'Acrílico Ultra Tomate Seco 18L', 'NT012583', 'UN', 98.00, 139.90, 1, 0.00, '42.76', '2014-11-28 19:30:53', 'S'),
(864, 164, 21, 'Acrílico Ultra Tomate Seco 3,6L', 'NT0136658', 'UN', 23.00, 35.00, 1, 1.00, '52.17', '2014-12-16 11:53:30', 'S'),
(865, 215, 15, 'Selador Acrilico Lata 18L', '002', 'UN', 43.25, 64.90, 1, 1.00, '50.06', '2014-12-27 10:56:11', 'S'),
(866, 183, 15, 'Eucafer Cinza 3,6L', 'NT89076', 'UN', 39.48, 59.25, 1, 4.00, '50.08', '2014-11-26 12:50:22', 'S'),
(867, 188, 15, 'Spray Azul Claro', 'NT67546', 'UN', 7.79, 12.00, 1, 6.00, '54.04', '2014-11-26 12:48:51', 'S'),
(868, 188, 15, 'Spray Azul Escuro', 'NT456578', 'UN', 7.79, 12.00, 1, 6.00, '54.04', '2014-11-26 12:49:09', 'S'),
(869, 188, 15, 'Spray Verde Escuro', 'NT09865', 'UN', 7.79, 12.00, 1, 2.00, '54.04', '2014-12-13 11:03:14', 'S'),
(870, 164, 18, 'Acrilico Total Florença 3,6L', 'NT047786', 'UN', 58.71, 77.75, 1, 0.00, '32.43', '2014-12-11 11:00:13', 'S'),
(871, 216, 18, 'Gel Perolizado Brilhan. Orega do campo 3,6L', 'NT0125455', 'UN', 65.05, 87.50, 1, 0.00, '34.51', '2014-11-28 14:42:24', 'S'),
(872, 216, 18, 'Gel Envelhecedor Laranja 1L', 'NT045874', 'UN', 20.00, 28.00, 1, 0.00, '40.00', '2014-11-28 10:21:47', 'S'),
(873, 164, 15, 'Rend. Extra Perola 3,6L', 'NT675432', 'UN', 27.80, 41.70, 1, 3.00, '50.00', '2014-12-22 17:43:41', 'S'),
(874, 164, 19, 'Coralar Branco 18L', 'NT015484', 'UN', 87.97, 117.00, 1, 0.00, '33.00', '2014-12-12 12:11:50', 'S'),
(875, 164, 19, 'Coral Rende Muito Perola 18L', 'NT012548', 'UN', 150.00, 190.00, 1, 1.00, '26.67', '2014-12-19 17:39:46', 'S'),
(876, 164, 19, 'Coral Rende Muito Verde Primavera 18L', 'NT65554', 'UN', 150.40, 200.00, 1, 0.00, '32.98', '2014-12-18 19:27:09', 'S'),
(877, 158, 19, 'Coralit Alto Bril. Marrom 3,6L', 'NT1457796', 'UN', 47.99, 65.13, 1, 2.00, '35.72', '2014-11-27 10:46:39', 'S'),
(878, 198, 18, 'polisten Incolor 0,9', 'NT1254896', 'UN', 25.00, 25.00, 1, 0.00, '0.0', '2014-11-27 18:30:12', 'S'),
(879, 164, 21, 'Acrilico prof. Fosco Azul Céu 18L', 'NT0155648454', 'UN', 50.00, 82.00, 1, 2.00, '64.00', '2014-12-12 17:19:41', 'S'),
(881, 164, 21, 'Acrilico prof. Fosco Azul Céu 3,6L', 'NT01578641', 'UN', 23.00, 23.00, 1, 6.00, '0.00', '2014-12-18 11:22:06', 'S'),
(882, 164, 18, 'Acrilico Total Branco 3,6L', 'NT0123456', 'UN', 56.00, 77.75, 0, 0.00, '38.84', '2014-11-29 13:08:39', 'S'),
(883, 164, 15, 'Rend. Extra Perola 18L', 'NT024552445', 'UN', 114.61, 165.00, 1, 1.00, '43.97', '2014-12-02 15:59:37', 'S'),
(884, 212, 15, 'Esmalte Branco Fosco 0,9L', 'NT0125168525', 'UN', 11.82, 17.15, 1, 6.00, '45.09', '2014-12-02 17:57:54', 'S'),
(885, 212, 15, 'Esmalte Preto Fosco 0,9L', 'NT0213258246', 'UN', 11.82, 17.15, 1, 4.00, '45.09', '2014-12-08 19:44:10', 'S'),
(886, 212, 15, 'Esmalte Branco Fosco 3,6L', 'NT012362385', 'UN', 41.37, 60.90, 1, 2.00, '47.21', '2014-12-19 18:02:28', 'S'),
(887, 212, 15, 'Esmalte Preto Fosco 3,6L', 'NT01285258', 'UN', 41.37, 60.90, 1, 3.00, '47.21', '2014-12-19 18:03:33', 'S'),
(888, 201, 16, 'Stain Natural 0,9L', 'NT03596134', 'UN', 14.34, 20.80, 1, 2.00, '45.05', '2014-12-26 11:29:10', 'S'),
(889, 164, 19, 'Coral Rende Muito Rosa Açai 3,6L', 'NT012565467', 'UN', 43.43, 58.95, 1, 2.00, '35.74', '2014-12-02 18:29:30', 'S'),
(890, 211, 20, 'Anti Ferrugem 500ml', 'NT215453134', 'UN', 16.10, 23.35, 1, 10.00, '45.03', '2014-12-27 11:45:14', 'S'),
(891, 202, 20, 'Betol Ecológico 3,6L', 'NT123543541', 'UN', 24.60, 35.70, 1, 4.00, '45.12', '2014-12-04 18:00:02', 'S'),
(892, 202, 20, 'Betol Ecológico 18L', 'NT14554454', 'UN', 93.50, 135.60, 1, 1.00, '45.03', '2014-12-04 18:07:38', 'S'),
(893, 202, 20, 'Fita Vedbem 10cm X 10m', 'NT0241540455', 'UN', 30.95, 44.90, 1, 4.00, '45.07', '2014-12-04 18:10:35', 'S'),
(894, 202, 20, 'Manta Liquida 5Kg', 'NT01024515', 'UN', 53.00, 76.85, 1, 3.00, '45.00', '2014-12-06 14:06:59', 'S'),
(895, 187, 18, 'Tinta Piso Nova Cor Concreto 18L', 'NT124354513', 'UN', 159.90, 175.80, 1, 0.00, '9.94', '2014-12-15 20:03:04', 'S'),
(896, 158, 18, 'Esmalte Suvinil Grafite Escuro 3,6L', 'NT045110452021', 'UN', 50.00, 68.00, 1, 0.00, '36.00', '2014-12-05 19:00:30', 'S'),
(897, 190, 18, 'Rolo la Roma Antigota 9cm', 'NT66458624', 'UN', 1.75, 4.50, 1, 34.00, '157.14', '2014-12-27 11:14:29', 'S'),
(898, 158, 18, 'Esmalte Grafite 0,9L', 'NT012321', 'UN', 15.00, 20.50, 1, 0.00, '36.67', '2014-12-08 18:57:51', 'S'),
(899, 164, 19, 'Coral Rende Muito Verde Lim&#227;o 18L', 'NT12512152', 'UN', 0.00, 200.00, 1, 0.00, '4372440.45', '2014-12-10 18:55:57', 'S'),
(900, 190, 18, 'Espatula 12', 'NT2515145', 'UN', 3.00, 7.95, 1, 11.00, '165.00', '2014-12-27 11:15:30', 'S'),
(901, 212, 15, 'Esmalte Ouro Vila Rica 3,6L', 'NT132143', 'UN', 78.00, 85.00, 1, 0.00, '8.97', '2014-12-12 19:41:00', 'S'),
(902, 160, 15, 'Verniz Maritimo Brilhante 3,6L', 'NT900019301', 'UN', 34.10, 52.80, 1, 4.00, '54.84', '2014-12-12 19:53:44', 'S'),
(903, 164, 21, 'Acrilico Prof. Fosco Gelo 18L', 'NT11350', 'UN', 52.87, 82.00, 1, 3.00, '55.10', '2014-12-19 17:07:14', 'S'),
(904, 164, 21, 'Acrilico Prof. Fosco Lima 18L', 'NT11236', 'UN', 52.87, 82.00, 1, 2.00, '55.10', '2014-12-13 10:54:12', 'S'),
(905, 164, 21, 'Acrilico Prof. Fosco Perola 18L', 'NT11174', 'UN', 52.87, 82.00, 1, 1.00, '55.10', '2014-12-27 10:55:34', 'S'),
(906, 164, 21, 'Acrilico Prof. Lilas Fosco 18L', 'NT11240', 'UN', 52.87, 82.00, 1, 0.00, '55.10', '2014-12-24 10:54:18', 'S'),
(907, 164, 21, 'Acrilico Prof. Fosco Marfim 18L', 'NT11234', 'UN', 52.87, 82.00, 1, 1.00, '55.10', '2014-12-22 14:17:11', 'S'),
(908, 164, 21, 'Acrilico Prof. Fosco Lilas 3,6L', 'NT11241', 'UN', 14.58, 23.00, 1, 1.00, '57.75', '2014-12-27 10:58:32', 'S'),
(909, 164, 15, 'Peg e Pinte Caju 3.6L', 'NT1045121534', 'UN', 19.88, 26.00, 1, 4.00, '30.78', '2014-12-17 17:51:09', 'S'),
(910, 158, 15, 'Peg & Pinte Camurça 0,9L', 'NT0154545', 'UN', 10.31, 13.45, 1, 5.00, '30.46', '2014-12-19 18:01:29', 'S'),
(911, 211, 18, 'Hammerite Branco 2,4L', 'HM00001', 'UN', 69.89, 85.00, 1, 0.00, '21.62', '2014-12-18 15:44:52', 'S'),
(912, 211, 18, 'Hammerite Prata 2,4L', 'HM00002', 'UN', 69.89, 85.00, 1, 0.00, '21.62', '2014-12-18 15:45:10', 'S'),
(913, 211, 18, 'Hammerite Preto 2,4L', 'HM00003', 'UN', 69.89, 85.00, 1, 0.00, '21.62', '2014-12-18 15:46:08', 'S'),
(914, 164, 19, 'Coralar Verde Lim&#227;o 3,6L', 'NT1055296574', 'UN', 25.00, 34.00, 1, 0.00, '36.00', '2014-12-19 15:02:50', 'S'),
(915, 206, 21, 'Textura Lisa Branca Gal&#227;o 5,6Kgs', '014', 'UN', 14.90, 22.00, 1, 4.00, '47.65', '2014-12-27 11:31:10', 'S'),
(916, 187, 18, 'Nova Cor Piso Branco 0,9L', 'NT2551054545', 'UN', 13.00, 15.00, 1, 0.00, '15.38', '2014-12-19 18:07:14', 'S'),
(917, 164, 15, 'Rend. Extra Camurça 3,6L', 'NT0124544', 'UN', 27.80, 41.70, 1, 3.00, '50.00', '2014-12-27 13:22:52', 'S'),
(918, 164, 15, 'Rend. Extra Amarelo Canario 3,6L', 'NT45424564', 'UN', 27.80, 41.70, 1, 4.00, '50.00', '2014-12-22 17:18:39', 'S'),
(919, 164, 15, 'Rend. Extra Marfim 3,6L', 'NT02121542515', 'UN', 27.80, 41.70, 1, 4.00, '50.00', '2014-12-22 17:40:32', 'S'),
(920, 164, 15, 'Rend. Extra Areia 3,6L', 'NT024545154', 'UN', 27.80, 41.70, 1, 4.00, '50.00', '2014-12-22 17:21:55', 'S'),
(922, 158, 19, 'Esmalte Coralit Colorado 0,9L', 'NT04154545', 'UN', 17.50, 19.50, 1, 0.00, '11.43', '2014-12-22 12:29:53', 'S'),
(923, 164, 19, 'Coral Rende Muito Lilas 3,6L', 'NT0215512165', 'UN', 42.11, 58.95, 1, 0.00, '39.99', '2014-12-22 18:36:45', 'S');

-- --------------------------------------------------------

--
-- Estrutura para tabela `produtoestoque`
--

CREATE TABLE IF NOT EXISTS `produtoestoque` (
`produtoestoqueID` int(11) NOT NULL,
  `produtoID` int(11) NOT NULL,
  `empresaID` int(11) NOT NULL,
  `quantidade` float(10,2) NOT NULL,
  `ultimaInsercao` timestamp NOT NULL DEFAULT CURRENT_TIMESTAMP ON UPDATE CURRENT_TIMESTAMP
) ENGINE=InnoDB  DEFAULT CHARSET=latin1 AUTO_INCREMENT=459 ;

--
-- Fazendo dump de dados para tabela `produtoestoque`
--

INSERT INTO `produtoestoque` (`produtoestoqueID`, `produtoID`, `empresaID`, `quantidade`, `ultimaInsercao`) VALUES
(1, 465, 1, 9.00, '2014-07-02 18:14:40'),
(2, 464, 1, 7.00, '2014-07-02 17:56:29'),
(3, 466, 1, 87.00, '2014-07-14 11:25:37'),
(4, 467, 1, 90.00, '2014-07-14 11:35:04'),
(5, 468, 1, 7.00, '2014-08-11 11:46:47'),
(6, 469, 1, 39.00, '2014-07-14 11:33:16'),
(7, 470, 1, 7.00, '2014-08-27 14:00:06'),
(8, 471, 1, 16.00, '2014-11-06 12:20:15'),
(9, 472, 1, 12.00, '2014-07-14 11:34:21'),
(10, 473, 1, 7.00, '2014-08-01 18:19:47'),
(11, 474, 1, 3.00, '2014-08-01 20:26:04'),
(12, 475, 1, 5.00, '2014-07-11 13:38:09'),
(13, 476, 1, 2.00, '2014-07-11 13:38:17'),
(14, 477, 1, 3.00, '2014-07-11 13:40:47'),
(15, 478, 1, 6.00, '2014-07-11 13:43:09'),
(16, 479, 1, 5.00, '2014-07-11 13:47:17'),
(17, 480, 1, 4.00, '2014-07-11 13:47:33'),
(18, 481, 1, 8.00, '2014-07-11 13:50:41'),
(19, 482, 1, 10.00, '2014-07-11 13:52:18'),
(20, 483, 1, 7.00, '2014-07-14 20:34:25'),
(21, 484, 1, 5.00, '2014-07-11 13:56:59'),
(22, 485, 1, 5.00, '2014-07-11 13:57:06'),
(23, 486, 1, 2.00, '2014-07-11 14:01:38'),
(24, 487, 1, 7.00, '2014-07-11 14:09:21'),
(25, 488, 1, 6.00, '2014-07-11 14:07:52'),
(26, 489, 1, 5.00, '2014-07-11 14:08:01'),
(27, 490, 1, 4.00, '2014-07-11 14:08:08'),
(28, 491, 1, 8.00, '2014-07-11 14:08:26'),
(29, 492, 1, 10.00, '2014-07-11 14:09:13'),
(30, 493, 1, 16.00, '2014-07-11 14:10:57'),
(31, 494, 1, 5.00, '2014-07-11 14:17:54'),
(32, 495, 1, 5.00, '2014-07-11 14:19:56'),
(33, 496, 1, 2.00, '2014-07-11 14:23:55'),
(34, 497, 1, 3.00, '2014-07-11 14:24:08'),
(35, 498, 1, 6.00, '2014-07-11 14:24:17'),
(36, 499, 1, 5.00, '2014-07-11 14:24:27'),
(37, 500, 1, 4.00, '2014-07-11 14:28:40'),
(38, 501, 1, 9.00, '2014-07-14 19:05:31'),
(39, 504, 1, 13.00, '2014-07-14 11:41:50'),
(40, 505, 1, 50.00, '2014-07-14 11:47:11'),
(41, 506, 1, 71.00, '2014-12-19 10:39:10'),
(42, 507, 1, 65.00, '2014-12-20 15:15:45'),
(43, 508, 1, 13.00, '2014-12-26 13:08:37'),
(44, 509, 1, 3.00, '2014-11-08 12:30:44'),
(45, 502, 1, 10.00, '2014-07-14 19:04:40'),
(46, 524, 1, 19.00, '2014-11-08 10:43:53'),
(47, 526, 1, 0.00, '2014-12-22 13:20:26'),
(48, 525, 1, 5.00, '2014-12-26 11:43:43'),
(49, 519, 1, 11.00, '2014-11-04 13:17:55'),
(50, 516, 1, 10.00, '2014-07-24 14:35:34'),
(51, 510, 1, 3.00, '2014-12-27 13:40:49'),
(52, 518, 1, 4.00, '2014-12-17 17:28:54'),
(53, 512, 1, 5.00, '2014-12-03 19:39:39'),
(54, 511, 1, 6.00, '2014-07-16 19:46:38'),
(55, 514, 1, 6.00, '2014-12-19 17:24:04'),
(56, 513, 1, 4.00, '2014-12-26 13:13:49'),
(57, 515, 1, 3.00, '2014-12-19 11:55:06'),
(58, 517, 1, 3.00, '2014-12-18 17:02:39'),
(59, 523, 1, 3.00, '2014-12-26 19:38:23'),
(60, 527, 1, 0.00, '2014-12-06 11:16:08'),
(61, 521, 1, 5.00, '2014-12-22 12:09:55'),
(62, 522, 1, 6.00, '2014-12-17 18:04:29'),
(63, 520, 1, 4.00, '2014-12-24 11:52:07'),
(64, 528, 1, 4.00, '2014-12-17 17:25:40'),
(65, 529, 1, 5.00, '2014-12-21 12:56:42'),
(66, 531, 1, 8.00, '2014-12-19 12:40:05'),
(67, 530, 1, 6.00, '2014-12-16 14:39:20'),
(68, 532, 1, 3.00, '2014-12-13 12:48:29'),
(69, 533, 1, 4.00, '2014-12-19 11:53:48'),
(70, 534, 1, 33.00, '2014-12-27 10:14:26'),
(71, 535, 1, 40.00, '2014-12-27 10:56:34'),
(72, 536, 1, 0.00, '2014-09-19 14:59:26'),
(73, 537, 1, 9.00, '2014-12-20 14:16:32'),
(74, 538, 1, 0.00, '2014-12-13 12:46:22'),
(75, 539, 1, 15.00, '2014-12-26 19:29:49'),
(76, 540, 1, 11.00, '2014-12-20 15:18:39'),
(77, 541, 1, 21.00, '2014-12-19 13:04:07'),
(78, 542, 1, 14.00, '2014-12-27 13:28:56'),
(79, 543, 1, 0.00, '2014-12-06 11:22:53'),
(80, 544, 1, 2.00, '2014-12-19 12:41:44'),
(81, 545, 1, 15.00, '2014-12-11 11:29:48'),
(82, 546, 1, 46.00, '2014-12-20 11:18:11'),
(83, 547, 1, 2.00, '2014-12-10 18:39:56'),
(84, 548, 1, 3.00, '2014-12-26 13:26:58'),
(85, 549, 1, 34.00, '2014-12-26 19:37:28'),
(86, 550, 1, 24.00, '2014-12-26 11:45:49'),
(87, 551, 1, 17.00, '2014-12-26 10:38:22'),
(88, 552, 1, 4.00, '2014-11-15 14:21:52'),
(89, 553, 1, 34.00, '2014-12-27 11:45:50'),
(90, 554, 1, 1.00, '2014-11-04 10:55:40'),
(91, 555, 1, 50.00, '2014-12-12 14:02:47'),
(92, 556, 1, 0.00, '2014-11-21 17:01:22'),
(93, 557, 1, 55.00, '2014-12-16 14:41:23'),
(94, 558, 1, 4.00, '2014-12-10 18:41:37'),
(95, 559, 1, 19.00, '2014-12-26 10:38:10'),
(96, 560, 1, 21.00, '2014-12-19 15:58:03'),
(97, 561, 1, 0.00, '2014-12-04 19:28:19'),
(98, 562, 1, 27.00, '2014-12-23 10:57:18'),
(99, 563, 1, 8.00, '2014-12-27 13:09:19'),
(100, 564, 1, 28.00, '2014-12-11 12:35:05'),
(101, 565, 1, 8.00, '2014-12-27 11:46:42'),
(102, 566, 1, 19.00, '2014-12-23 11:00:17'),
(103, 567, 1, 26.00, '2014-12-11 11:19:28'),
(104, 568, 1, 2.00, '2014-12-18 19:50:43'),
(105, 569, 1, 31.00, '2014-12-27 11:13:54'),
(106, 570, 1, 0.00, '2014-12-02 10:35:46'),
(107, 571, 1, 3.00, '2014-12-27 13:25:45'),
(108, 572, 1, 0.00, '2014-09-19 15:03:09'),
(109, 573, 1, 0.00, '2014-12-03 12:54:30'),
(110, 574, 1, 8.00, '2014-12-20 12:02:51'),
(111, 575, 1, 2.00, '2014-12-19 16:59:21'),
(112, 576, 1, 17.00, '2014-12-23 11:03:56'),
(113, 577, 1, 0.00, '2014-10-16 11:10:28'),
(114, 578, 1, 2.00, '2014-12-22 18:38:18'),
(115, 579, 1, 1.00, '2014-12-27 10:57:28'),
(116, 581, 1, 13.00, '2014-11-24 16:55:22'),
(117, 580, 1, 1.00, '2014-12-22 14:18:01'),
(118, 582, 1, 0.00, '2014-11-13 18:02:50'),
(119, 583, 1, 4.00, '2014-12-20 15:50:46'),
(120, 597, 1, 5.00, '2014-11-15 15:36:55'),
(121, 595, 1, 5.00, '2014-12-19 11:38:27'),
(122, 594, 1, 5.00, '2014-12-26 15:37:01'),
(123, 596, 1, 7.00, '2014-12-26 15:30:59'),
(124, 588, 1, 1.00, '2014-12-08 14:21:42'),
(125, 587, 1, 2.00, '2014-08-22 15:23:23'),
(126, 589, 1, 1.00, '2014-12-22 12:14:42'),
(127, 592, 1, 1.00, '2014-12-10 15:51:41'),
(128, 593, 1, 1.00, '2014-12-15 13:01:38'),
(129, 584, 1, 2.00, '2014-12-23 13:34:41'),
(130, 591, 1, 6.00, '2014-08-22 14:55:17'),
(131, 590, 1, 5.00, '2014-12-11 13:32:27'),
(132, 585, 1, 7.00, '2014-11-05 11:55:09'),
(133, 586, 1, 7.00, '2014-12-10 19:46:34'),
(134, 598, 1, 7.00, '2014-09-13 13:58:11'),
(135, 599, 1, 272.00, '2014-12-27 12:44:19'),
(136, 600, 1, 333.00, '2014-11-18 17:54:12'),
(137, 601, 1, 434.00, '2014-11-18 17:53:22'),
(138, 602, 1, 8.00, '2014-11-13 19:36:38'),
(139, 603, 1, 40.00, '2014-12-26 16:52:52'),
(140, 604, 1, 17.00, '2014-12-26 11:44:16'),
(141, 605, 1, 22.00, '2014-12-20 14:29:00'),
(142, 606, 1, 1.00, '2014-12-11 15:56:18'),
(143, 607, 1, 2.00, '2014-09-16 13:31:35'),
(144, 608, 1, 8.00, '2014-12-27 10:56:41'),
(145, 609, 1, 0.00, '2014-11-13 15:10:18'),
(146, 610, 1, 0.00, '2014-12-08 18:54:52'),
(147, 618, 1, 0.00, '2014-09-16 18:23:08'),
(148, 611, 1, 0.00, '2014-11-15 15:38:19'),
(149, 615, 1, 3.00, '2014-09-16 13:39:20'),
(150, 614, 1, 3.00, '2014-09-16 13:40:19'),
(151, 613, 1, 22.00, '2014-12-27 10:56:58'),
(152, 612, 1, 7.00, '2014-12-27 13:25:05'),
(153, 616, 1, 0.00, '2014-09-16 19:23:24'),
(154, 617, 1, 0.00, '2014-09-16 17:54:21'),
(155, 620, 1, 0.00, '2014-09-16 17:55:26'),
(156, 619, 1, 0.00, '2014-09-16 17:50:33'),
(157, 621, 1, 0.00, '2014-09-16 18:22:28'),
(158, 622, 1, 0.00, '2014-12-01 15:15:32'),
(159, 623, 1, 0.00, '2014-11-25 11:25:29'),
(160, 624, 1, 4.00, '2014-12-18 16:06:35'),
(161, 625, 1, 2.00, '2014-12-26 14:43:23'),
(162, 626, 1, 2.00, '2014-12-11 19:36:14'),
(163, 627, 1, 0.00, '2014-12-11 17:55:46'),
(164, 628, 1, 1.00, '2014-09-19 12:44:58'),
(165, 629, 1, 7.00, '2014-12-20 11:46:10'),
(166, 630, 1, 3.00, '2014-12-15 19:53:29'),
(167, 631, 1, 2.00, '2014-12-18 19:27:24'),
(168, 638, 1, 5.00, '2014-12-11 15:42:20'),
(169, 632, 1, 0.00, '2014-10-10 18:47:41'),
(170, 637, 1, 2.00, '2014-12-17 13:35:12'),
(171, 636, 1, 2.00, '2014-12-09 19:10:34'),
(172, 635, 1, 2.00, '2014-12-18 19:49:13'),
(173, 633, 1, 4.00, '2014-09-19 12:59:49'),
(174, 634, 1, 2.00, '2014-12-20 12:46:49'),
(175, 639, 1, 4.00, '2014-12-26 14:36:18'),
(176, 640, 1, 9.00, '2014-12-22 19:03:41'),
(177, 642, 1, 1.00, '2014-12-19 14:03:48'),
(178, 641, 1, 0.00, '2014-11-04 19:14:48'),
(179, 643, 1, 0.00, '2014-12-01 10:34:45'),
(180, 644, 1, 16.00, '2014-12-18 11:20:38'),
(181, 645, 1, 10.00, '2014-11-24 19:35:25'),
(182, 649, 1, 7.00, '2014-12-10 16:01:35'),
(183, 648, 1, 9.00, '2014-12-10 19:47:00'),
(184, 646, 1, 4.00, '2014-11-18 12:54:56'),
(185, 647, 1, 9.00, '2014-12-17 14:52:19'),
(186, 653, 1, 0.00, '2014-12-13 12:04:25'),
(187, 654, 1, 2.00, '2014-12-19 17:42:06'),
(188, 652, 1, 3.00, '2014-10-09 13:40:45'),
(189, 651, 1, 0.00, '2014-11-03 16:54:24'),
(190, 650, 1, 0.00, '2014-12-08 10:58:30'),
(191, 655, 1, 9.00, '2014-11-06 12:23:48'),
(192, 658, 1, 2.00, '2014-10-09 13:42:49'),
(193, 660, 1, 1.00, '2014-11-20 14:10:08'),
(194, 659, 1, 2.00, '2014-10-09 13:43:33'),
(195, 656, 1, 3.00, '2014-12-01 16:21:00'),
(196, 657, 1, 3.00, '2014-12-16 16:39:55'),
(197, 661, 1, 51.00, '2014-12-04 13:10:35'),
(198, 662, 1, 1.00, '2014-12-16 12:47:34'),
(199, 663, 1, 0.00, '2014-10-10 18:57:31'),
(200, 664, 1, 0.00, '2014-10-10 18:58:08'),
(201, 665, 1, 0.00, '2014-10-13 13:49:09'),
(202, 666, 1, 10.00, '2014-12-08 12:16:03'),
(203, 667, 1, 0.00, '2014-11-18 15:54:29'),
(204, 668, 1, 1.00, '2014-11-15 14:28:01'),
(205, 669, 1, 1.00, '2014-12-19 18:04:36'),
(206, 673, 1, 1.00, '2014-11-04 13:12:24'),
(207, 674, 1, 2.00, '2014-12-16 10:38:56'),
(208, 675, 1, 4.00, '2014-11-26 11:12:23'),
(209, 676, 1, 5.00, '2014-12-19 18:25:58'),
(210, 677, 1, 4.00, '2014-10-23 11:34:07'),
(211, 678, 1, 3.00, '2014-12-01 18:52:38'),
(212, 679, 1, 1.00, '2014-12-26 19:29:35'),
(213, 680, 1, 4.00, '2014-12-11 15:41:37'),
(214, 682, 1, 5.00, '2014-12-08 14:19:57'),
(215, 681, 1, 4.00, '2014-12-27 13:22:28'),
(216, 683, 1, 6.00, '2014-10-23 11:53:46'),
(217, 685, 1, 6.00, '2014-10-23 12:01:57'),
(218, 684, 1, 3.00, '2014-12-26 15:31:11'),
(219, 686, 1, 5.00, '2014-11-05 15:24:01'),
(220, 687, 1, 3.00, '2014-12-08 19:04:27'),
(221, 688, 1, 0.00, '2014-10-31 15:10:53'),
(222, 689, 1, 7.00, '2014-12-16 17:13:34'),
(223, 690, 1, 1.00, '2014-11-01 01:48:45'),
(224, 691, 1, 4.00, '2014-12-09 10:48:38'),
(225, 692, 1, 1.00, '2014-12-03 11:00:50'),
(226, 693, 1, 5.00, '2014-12-08 18:39:10'),
(227, 694, 1, 2.00, '2014-11-06 11:06:56'),
(228, 695, 1, 0.00, '2014-11-29 14:30:21'),
(229, 696, 1, 2.00, '2014-12-05 10:46:45'),
(230, 697, 1, 2.00, '2014-12-23 12:26:11'),
(231, 698, 1, 1.00, '2014-11-04 19:28:31'),
(232, 699, 1, 0.00, '2014-11-29 14:06:35'),
(233, 700, 1, 0.00, '2014-11-19 17:11:00'),
(234, 701, 1, 1.00, '2014-11-01 02:34:51'),
(235, 702, 1, 0.00, '2014-12-20 15:52:32'),
(236, 703, 1, 2.00, '2014-12-02 18:25:23'),
(237, 704, 1, 87.00, '2014-12-23 11:03:34'),
(238, 705, 1, 1.00, '2014-11-08 13:38:25'),
(239, 706, 1, 2.00, '2014-11-27 10:42:52'),
(240, 707, 1, 2.00, '2014-11-01 02:53:59'),
(241, 708, 1, 1.00, '2014-12-18 19:48:47'),
(242, 709, 1, 3.00, '2014-11-01 02:59:17'),
(243, 710, 1, 3.00, '2014-12-26 11:49:29'),
(244, 711, 1, 0.00, '2014-12-09 16:42:56'),
(245, 712, 1, 3.00, '2014-11-01 03:04:14'),
(246, 713, 1, 2.00, '2014-12-09 16:17:38'),
(247, 714, 1, 1.00, '2014-12-09 16:18:02'),
(248, 715, 1, 1.00, '2014-12-26 11:34:52'),
(249, 716, 1, 0.00, '2014-11-01 15:47:28'),
(250, 718, 1, 0.00, '2014-11-09 20:46:41'),
(251, 720, 1, 1.00, '2014-12-08 14:17:31'),
(252, 717, 1, 4.00, '2014-12-26 15:27:50'),
(253, 719, 1, 5.00, '2014-12-11 17:04:51'),
(254, 721, 1, 0.00, '2014-12-12 13:19:14'),
(255, 722, 1, 1.00, '2014-12-02 15:56:16'),
(256, 723, 1, 2.00, '2014-11-29 11:43:24'),
(257, 724, 1, 1.00, '2014-11-01 13:20:38'),
(258, 725, 1, 4.00, '2014-11-01 13:23:02'),
(259, 726, 1, 2.00, '2014-12-06 10:48:27'),
(260, 727, 1, 4.00, '2014-11-04 13:04:54'),
(261, 728, 1, 4.00, '2014-11-01 14:15:44'),
(262, 729, 1, 9.00, '2014-12-16 14:03:09'),
(263, 730, 1, 4.00, '2014-12-24 10:46:02'),
(264, 731, 1, 0.00, '2014-11-18 17:47:54'),
(265, 732, 1, 30.00, '2014-12-27 11:33:00'),
(266, 670, 1, 8.00, '2014-12-19 11:54:26'),
(267, 671, 1, 4.00, '2014-11-27 17:55:56'),
(268, 672, 1, 5.00, '2014-11-21 10:50:46'),
(269, 735, 1, 3.00, '2014-11-05 17:33:08'),
(270, 734, 1, 5.00, '2014-12-11 15:42:52'),
(271, 733, 1, 1.00, '2014-11-03 17:49:53'),
(272, 736, 1, 0.00, '2014-11-04 14:12:33'),
(273, 737, 1, 0.00, '2014-11-28 19:44:41'),
(274, 738, 1, 4.00, '2014-12-19 18:25:32'),
(275, 739, 1, 0.00, '2014-11-04 15:55:23'),
(276, 740, 1, 0.00, '2014-12-20 14:11:43'),
(277, 741, 1, 22.00, '2014-12-23 15:34:52'),
(278, 743, 1, 15.00, '2014-11-14 14:28:21'),
(279, 742, 1, 18.00, '2014-11-11 11:09:54'),
(280, 744, 1, 7.00, '2014-12-13 14:50:34'),
(281, 747, 1, 4.00, '2014-12-22 10:50:48'),
(282, 748, 1, 4.00, '2014-12-06 13:06:11'),
(283, 749, 1, 3.00, '2014-12-10 11:46:40'),
(284, 750, 1, 12.00, '2014-11-05 12:27:02'),
(285, 751, 1, 11.00, '2014-12-15 20:05:06'),
(286, 752, 1, 6.00, '2014-11-05 12:34:35'),
(287, 753, 1, 4.00, '2014-12-06 11:07:28'),
(288, 754, 1, 3.00, '2014-11-15 14:32:36'),
(289, 756, 1, 6.00, '2014-12-26 19:00:44'),
(290, 757, 1, 5.00, '2014-12-05 12:50:33'),
(291, 758, 1, 4.00, '2014-12-26 19:01:57'),
(292, 755, 1, 5.00, '2014-11-26 16:22:01'),
(293, 745, 1, 4.00, '2014-11-05 13:28:43'),
(294, 746, 1, 1.00, '2014-11-05 13:47:02'),
(295, 790, 1, 15.00, '2014-12-26 17:35:41'),
(296, 763, 1, 6.00, '2014-11-07 19:35:35'),
(297, 762, 1, 12.00, '2014-11-07 19:35:48'),
(298, 786, 1, 1.00, '2014-11-07 19:37:37'),
(299, 787, 1, 4.00, '2014-12-11 14:29:43'),
(300, 788, 1, 4.00, '2014-11-07 19:39:53'),
(301, 780, 1, 0.00, '2014-12-22 13:21:06'),
(302, 781, 1, 2.00, '2014-12-26 13:02:59'),
(303, 784, 1, 2.00, '2014-12-12 17:19:20'),
(304, 785, 1, 3.00, '2014-12-05 17:43:55'),
(305, 782, 1, 0.00, '2014-12-18 19:49:03'),
(306, 783, 1, 1.00, '2014-12-20 14:26:49'),
(307, 778, 1, 9.00, '2014-12-20 15:15:11'),
(308, 791, 1, 1.00, '2014-12-27 13:24:43'),
(309, 789, 1, 2.00, '2014-12-20 14:36:53'),
(310, 792, 1, 1.00, '2014-12-08 14:19:01'),
(311, 777, 1, 6.00, '2014-11-08 10:28:35'),
(312, 775, 1, 6.00, '2014-12-09 14:27:58'),
(313, 776, 1, 6.00, '2014-11-14 14:29:19'),
(314, 779, 1, 4.00, '2014-11-18 17:33:11'),
(315, 765, 1, 4.00, '2014-12-16 13:09:53'),
(316, 764, 1, 4.00, '2014-12-15 16:59:58'),
(317, 769, 1, 6.00, '2014-11-08 10:31:38'),
(318, 759, 1, 12.00, '2014-11-08 10:33:06'),
(319, 760, 1, 5.00, '2014-12-17 11:16:11'),
(320, 761, 1, 10.00, '2014-12-27 12:09:03'),
(321, 766, 1, 6.00, '2014-11-08 10:46:38'),
(322, 767, 1, 1.00, '2014-12-19 12:34:18'),
(323, 768, 1, 6.00, '2014-11-19 16:19:13'),
(324, 770, 1, 11.00, '2014-11-14 11:54:18'),
(325, 771, 1, 3.00, '2014-12-19 15:54:11'),
(326, 772, 1, 6.00, '2014-11-08 10:49:44'),
(327, 773, 1, 0.00, '2014-12-12 16:49:24'),
(328, 774, 1, 6.00, '2014-11-08 10:50:42'),
(329, 793, 1, 7.00, '2014-12-27 13:41:00'),
(330, 794, 1, 0.00, '2014-11-24 12:02:05'),
(331, 795, 1, 0.00, '2014-12-03 19:14:17'),
(332, 796, 1, 2.00, '2014-11-26 17:25:47'),
(333, 797, 1, 4.00, '2014-11-11 15:30:52'),
(334, 799, 1, 0.00, '2014-12-11 14:08:47'),
(335, 798, 1, 4.00, '2014-11-11 15:39:32'),
(336, 800, 1, 5.00, '2014-12-19 18:24:04'),
(337, 801, 1, 4.00, '2014-12-22 12:25:02'),
(338, 804, 1, 12.00, '2014-11-12 15:45:50'),
(339, 803, 1, 18.00, '2014-11-14 19:27:48'),
(340, 802, 1, 14.00, '2014-11-22 14:48:57'),
(341, 805, 1, 2.00, '2014-11-13 19:52:14'),
(342, 806, 1, 1.00, '2014-12-20 12:26:36'),
(343, 807, 1, 1.00, '2014-12-13 14:50:56'),
(344, 808, 1, 2.00, '2014-11-13 20:02:53'),
(345, 809, 1, 1.00, '2014-11-19 11:00:51'),
(346, 810, 1, 5.00, '2014-12-23 17:04:27'),
(347, 811, 1, 0.00, '2014-12-19 12:32:31'),
(348, 812, 1, 0.00, '2014-12-13 14:51:10'),
(349, 813, 1, 1.00, '2014-12-18 11:21:43'),
(350, 814, 1, 0.00, '2014-12-18 11:30:33'),
(351, 815, 1, 0.00, '2014-12-15 20:04:38'),
(352, 816, 1, 4.00, '2014-12-23 11:06:02'),
(353, 817, 1, 3.00, '2014-11-14 12:02:02'),
(354, 818, 1, 4.00, '2014-11-14 12:20:26'),
(355, 819, 1, 3.00, '2014-12-18 12:39:53'),
(356, 820, 1, 4.00, '2014-11-26 12:20:48'),
(357, 821, 1, 0.00, '2014-11-15 12:25:52'),
(358, 823, 1, 4.00, '2014-11-17 18:57:51'),
(359, 824, 1, 9.00, '2014-12-21 13:33:55'),
(360, 825, 1, 3.00, '2014-12-21 13:34:08'),
(361, 826, 1, 11.00, '2014-12-11 19:39:21'),
(362, 822, 1, 0.00, '2014-12-24 10:55:16'),
(363, 827, 1, 88.00, '2014-11-29 14:22:49'),
(364, 828, 1, 38.00, '2014-12-27 11:54:52'),
(365, 829, 1, 36.00, '2014-12-27 13:07:56'),
(366, 830, 1, 95.00, '2014-12-23 19:55:23'),
(367, 831, 1, 14.00, '2014-12-26 13:03:24'),
(368, 832, 1, 3.00, '2014-12-02 10:28:35'),
(369, 833, 1, 4.00, '2014-11-18 12:57:08'),
(370, 834, 1, 7.00, '2014-12-11 15:56:02'),
(371, 835, 1, 2.00, '2014-12-23 13:04:11'),
(372, 836, 1, 0.00, '2014-12-13 12:47:40'),
(373, 837, 1, 1.00, '2014-12-15 12:01:44'),
(374, 838, 1, 24.00, '2014-12-27 11:46:11'),
(375, 839, 1, 6.00, '2014-12-23 11:06:57'),
(376, 840, 1, 10.00, '2014-12-20 15:26:33'),
(377, 841, 1, 38.00, '2014-12-18 16:49:56'),
(378, 843, 1, 16.00, '2014-12-26 15:37:13'),
(379, 844, 1, 27.00, '2014-12-26 14:08:07'),
(380, 846, 1, 3.00, '2014-11-18 17:50:43'),
(381, 845, 1, 5.00, '2014-12-10 11:49:36'),
(382, 847, 1, 1.00, '2014-12-11 18:33:33'),
(383, 848, 1, 45.00, '2014-12-04 18:34:11'),
(384, 849, 1, 11.00, '2014-12-23 18:16:22'),
(385, 850, 1, 6.00, '2014-12-02 19:56:28'),
(386, 851, 1, 0.00, '2014-11-21 18:11:37'),
(387, 852, 1, 0.00, '2014-12-09 18:50:00'),
(388, 853, 1, 1.00, '2014-11-20 16:32:56'),
(389, 854, 1, 3.00, '2014-12-16 11:57:47'),
(390, 855, 1, 1.00, '2014-11-21 18:12:06'),
(391, 856, 1, 10.00, '2014-12-17 16:13:06'),
(392, 857, 1, 49.00, '2014-12-26 11:34:26'),
(393, 858, 1, 0.00, '2014-11-22 14:50:58'),
(394, 859, 1, 3.00, '2014-11-27 10:33:57'),
(395, 860, 1, 4.00, '2014-12-24 12:27:03'),
(396, 861, 1, 12.00, '2014-12-24 10:51:15'),
(397, 862, 1, 43.00, '2014-12-26 11:49:43'),
(398, 863, 1, 0.00, '2014-11-28 19:30:53'),
(399, 864, 1, 1.00, '2014-12-16 11:53:30'),
(400, 867, 1, 6.00, '2014-11-26 12:48:51'),
(401, 868, 1, 6.00, '2014-11-26 12:49:09'),
(402, 869, 1, 2.00, '2014-12-13 11:03:14'),
(403, 865, 1, 1.00, '2014-12-27 10:56:11'),
(404, 866, 1, 4.00, '2014-11-26 12:50:22'),
(405, 870, 1, 0.00, '2014-12-11 11:00:13'),
(406, 871, 1, 0.00, '2014-11-28 14:42:24'),
(407, 872, 1, 0.00, '2014-11-28 10:21:47'),
(408, 874, 1, 0.00, '2014-12-12 12:11:50'),
(409, 875, 1, 1.00, '2014-11-27 10:38:22'),
(410, 877, 1, 2.00, '2014-11-27 10:46:39'),
(411, 876, 1, 0.00, '2014-12-18 19:27:09'),
(412, 878, 1, 0.00, '2014-11-27 18:30:12'),
(413, 879, 1, 2.00, '2014-12-12 17:19:41'),
(414, 873, 1, 3.00, '2014-12-11 14:31:20'),
(415, 880, 1, 0.00, '2014-11-28 19:29:42'),
(416, 881, 1, 6.00, '2014-12-18 11:22:06'),
(417, 882, 1, 0.00, '2014-11-29 13:08:39'),
(418, 883, 1, 1.00, '2014-12-02 15:59:37'),
(419, 884, 1, 6.00, '2014-12-02 17:57:54'),
(420, 886, 1, 2.00, '2014-12-19 18:02:28'),
(421, 885, 1, 4.00, '2014-12-08 19:44:10'),
(422, 887, 1, 3.00, '2014-12-19 18:03:33'),
(423, 888, 1, 2.00, '2014-12-26 11:29:10'),
(424, 889, 1, 2.00, '2014-12-02 18:29:30'),
(425, 890, 1, 10.00, '2014-12-27 11:45:14'),
(426, 891, 1, 4.00, '2014-12-04 18:00:02'),
(427, 892, 1, 1.00, '2014-12-04 18:07:38'),
(428, 893, 1, 4.00, '2014-12-04 18:10:35'),
(429, 894, 1, 3.00, '2014-12-06 14:06:59'),
(430, 895, 1, 0.00, '2014-12-15 20:03:04'),
(431, 896, 1, 0.00, '2014-12-05 19:00:30'),
(432, 897, 1, 34.00, '2014-12-27 11:14:29'),
(433, 898, 1, 0.00, '2014-12-08 18:57:51'),
(434, 899, 1, 0.00, '2014-12-10 18:55:57'),
(435, 900, 1, 11.00, '2014-12-27 11:15:30'),
(436, 901, 1, 0.00, '2014-12-12 19:41:00'),
(437, 902, 1, 4.00, '2014-12-12 19:53:44'),
(438, 903, 1, 3.00, '2014-12-19 17:07:14'),
(439, 904, 1, 2.00, '2014-12-13 10:54:12'),
(440, 905, 1, 1.00, '2014-12-27 10:55:34'),
(441, 906, 1, 0.00, '2014-12-24 10:54:18'),
(442, 907, 1, 1.00, '2014-12-22 14:17:11'),
(443, 908, 1, 1.00, '2014-12-27 10:58:32'),
(444, 909, 1, 4.00, '2014-12-17 17:51:09'),
(445, 910, 1, 5.00, '2014-12-19 18:01:29'),
(446, 911, 1, 0.00, '2014-12-18 15:44:52'),
(447, 912, 1, 0.00, '2014-12-18 15:45:10'),
(448, 913, 1, 0.00, '2014-12-18 15:46:08'),
(449, 914, 1, 0.00, '2014-12-19 15:02:50'),
(450, 915, 1, 4.00, '2014-12-19 17:23:43'),
(451, 916, 1, 0.00, '2014-12-19 18:07:14'),
(452, 918, 1, 4.00, '2014-12-19 18:32:34'),
(453, 920, 1, 4.00, '2014-12-19 18:32:51'),
(454, 917, 1, 3.00, '2014-12-27 13:22:52'),
(455, 919, 1, 4.00, '2014-12-19 18:33:34'),
(456, 921, 1, 0.00, '2014-12-21 13:33:44'),
(457, 922, 1, 0.00, '2014-12-22 12:29:53'),
(458, 923, 1, 0.00, '2014-12-22 18:36:45');

-- --------------------------------------------------------

--
-- Estrutura para tabela `receber`
--

CREATE TABLE IF NOT EXISTS `receber` (
`receberID` int(11) NOT NULL,
  `vendaID` int(11) NOT NULL,
  `formID` int(11) NOT NULL,
  `clienteID` int(11) NOT NULL,
  `valor` float(10,2) NOT NULL,
  `vencimento` date NOT NULL,
  `parcela` int(11) NOT NULL,
  `de` int(11) NOT NULL,
  `status` varchar(1) NOT NULL COMMENT 'Ou ''D'' de Devendo Ou ''P'' de Pago',
  `servico` varchar(1) NOT NULL,
  `empresaID` int(11) NOT NULL
) ENGINE=InnoDB  DEFAULT CHARSET=latin1 AUTO_INCREMENT=825 ;

--
-- Fazendo dump de dados para tabela `receber`
--

INSERT INTO `receber` (`receberID`, `vendaID`, `formID`, `clienteID`, `valor`, `vencimento`, `parcela`, `de`, `status`, `servico`, `empresaID`) VALUES
(1, 1, 1, 0, 670.00, '2014-07-02', 1, 1, 'P', 'N', 1),
(2, 3, 2, 0, 84.00, '2014-08-02', 1, 1, 'P', 'N', 1),
(3, 4, 2, 0, 21.00, '2014-08-02', 1, 2, 'P', 'N', 1),
(5, 5, 1, 0, 42.00, '2014-07-02', 1, 1, 'P', 'N', 1),
(6, 865, 7, 1, 668.00, '2014-08-02', 1, 1, 'P', 'S', 1),
(7, 866, 1, 1, 10.00, '2014-07-02', 1, 1, 'P', 'S', 1),
(8, 8, 1, 0, 26.90, '2014-07-24', 1, 1, 'P', 'N', 1),
(9, 9, 1, 0, 8.50, '2014-08-15', 1, 1, 'P', 'N', 1),
(10, 10, 1, 0, 1.90, '2014-08-22', 1, 1, 'P', 'N', 1),
(11, 11, 1, 0, 11.30, '2014-08-23', 1, 1, 'P', 'N', 1),
(12, 6, 1, 3, 8.50, '2014-09-01', 1, 1, 'P', 'N', 1),
(13, 13, 1, 0, 8.50, '2014-09-03', 1, 1, 'P', 'N', 1),
(14, 12, 1, 0, 12.00, '2014-09-04', 1, 1, 'P', 'N', 1),
(15, 15, 1, 0, 2.00, '2014-09-05', 1, 1, 'P', 'N', 1),
(16, 14, 1, 3, 9.00, '2014-09-05', 1, 1, 'P', 'N', 1),
(17, 16, 1, 0, 14.75, '2014-09-08', 1, 1, 'P', 'N', 1),
(18, 17, 1, 3, 96.00, '2014-09-11', 1, 1, 'P', 'N', 1),
(20, 20, 1, 3, 62.00, '2014-09-13', 1, 1, 'P', 'N', 1),
(22, 23, 1, 3, 20.00, '2014-09-16', 1, 1, 'P', 'N', 1),
(23, 24, 6, 4, 454.19, '2014-10-13', 1, 2, 'P', 'N', 1),
(24, 24, 6, 4, 454.19, '2014-10-27', 2, 2, 'P', 'N', 1),
(25, 22, 1, 0, 29.85, '2014-09-17', 1, 1, 'P', 'N', 1),
(26, 25, 1, 3, 13.45, '2014-09-17', 1, 1, 'P', 'N', 1),
(27, 26, 1, 0, 59.75, '2014-09-18', 1, 1, 'P', 'N', 1),
(28, 29, 3, 3, 132.50, '2014-09-18', 1, 1, 'P', 'N', 1),
(31, 28, 1, 0, 32.00, '2014-09-19', 1, 1, 'P', 'N', 1),
(32, 30, 1, 3, 140.00, '2014-09-19', 1, 1, 'P', 'N', 1),
(33, 32, 1, 3, 26.00, '2014-09-19', 1, 1, 'P', 'N', 1),
(35, 34, 1, 0, 9.00, '2014-09-19', 1, 1, 'P', 'N', 1),
(37, 36, 1, 0, 183.00, '2014-09-22', 1, 1, 'P', 'N', 1),
(39, 31, 1, 0, 54.00, '2014-09-23', 1, 1, 'P', 'N', 1),
(40, 868, 5, 5, 1500.00, '2014-09-23', 1, 1, 'P', 'S', 1),
(41, 868, 5, 5, 750.00, '2014-10-15', 1, 2, 'P', 'S', 1),
(42, 868, 5, 5, 750.00, '2014-11-15', 2, 2, 'P', 'S', 1),
(43, 38, 1, 0, 13.75, '2014-09-23', 1, 1, 'P', 'N', 1),
(44, 41, 1, 3, 89.50, '2014-09-23', 1, 1, 'P', 'N', 1),
(45, 40, 3, 3, 102.00, '2014-09-24', 1, 1, 'P', 'N', 1),
(46, 867, 1, 2, 104.80, '2014-09-24', 1, 1, 'P', 'S', 1),
(47, 43, 7, 7, 115.00, '2014-10-05', 1, 1, 'P', 'N', 1),
(48, 42, 7, 9, 45.00, '2014-10-29', 1, 1, 'P', 'N', 1),
(49, 45, 7, 9, 19.00, '2014-09-29', 1, 1, 'P', 'N', 1),
(50, 45, 7, 9, 9.90, '2014-10-29', 1, 1, 'P', 'N', 1),
(51, 44, 1, 3, 54.00, '2014-09-29', 1, 1, 'P', 'N', 1),
(52, 46, 3, 3, 55.50, '2014-10-01', 1, 1, 'P', 'N', 1),
(53, 48, 1, 3, 46.50, '2014-09-30', 1, 1, 'P', 'N', 1),
(54, 49, 1, 0, 2.80, '2014-09-30', 1, 1, 'P', 'N', 1),
(55, 870, 2, 10, 760.00, '2014-11-01', 1, 1, 'P', 'S', 1),
(56, 50, 7, 11, 109.40, '2014-11-01', 1, 1, 'P', 'N', 1),
(57, 51, 1, 3, 139.90, '2014-10-01', 1, 1, 'P', 'N', 1),
(58, 52, 1, 3, 190.00, '2014-10-02', 1, 1, 'P', 'N', 1),
(59, 869, 6, 6, 946.32, '2014-11-03', 1, 3, 'P', 'S', 1),
(62, 53, 1, 3, 7.10, '2014-10-06', 1, 1, 'P', 'N', 1),
(63, 54, 7, 11, 42.00, '2014-11-06', 1, 1, 'P', 'N', 1),
(64, 55, 7, 11, 150.00, '2014-11-08', 1, 1, 'P', 'N', 1),
(65, 56, 1, 3, 35.00, '2014-10-08', 1, 1, 'P', 'N', 1),
(66, 47, 3, 3, 48.70, '2014-10-09', 1, 1, 'P', 'N', 1),
(67, 57, 7, 11, 196.40, '2014-11-09', 1, 1, 'P', 'N', 1),
(68, 58, 1, 3, 24.45, '2014-10-09', 1, 1, 'P', 'N', 1),
(69, 59, 1, 3, 60.00, '2014-10-10', 1, 1, 'P', 'N', 1),
(70, 61, 2, 3, 52.00, '2014-11-10', 1, 1, 'P', 'N', 1),
(71, 62, 6, 3, 117.30, '2014-10-23', 1, 1, 'P', 'N', 1),
(72, 60, 7, 11, 9.20, '2014-11-11', 1, 1, 'P', 'N', 1),
(73, 39, 1, 0, 38.80, '2014-10-13', 1, 1, 'P', 'N', 1),
(74, 65, 3, 0, 93.60, '2014-10-14', 1, 1, 'P', 'N', 1),
(75, 63, 6, 3, 176.40, '2014-10-23', 1, 1, 'P', 'N', 1),
(76, 67, 6, 12, 60.00, '2014-11-10', 1, 1, 'P', 'N', 1),
(77, 68, 7, 3, 115.00, '2014-11-16', 1, 1, 'P', 'N', 1),
(78, 66, 1, 0, 84.00, '2014-10-17', 1, 1, 'P', 'N', 1),
(79, 64, 3, 3, 84.00, '2014-10-18', 1, 1, 'P', 'N', 1),
(80, 71, 1, 0, 12.00, '2014-10-17', 1, 1, 'P', 'N', 1),
(81, 70, 1, 0, 26.35, '2014-10-18', 1, 1, 'P', 'N', 1),
(82, 73, 1, 0, 30.00, '2014-10-18', 1, 1, 'P', 'N', 1),
(84, 69, 3, 3, 34.00, '2014-10-21', 1, 1, 'P', 'N', 1),
(85, 69, 3, 3, 0.00, '2014-10-22', 1, 1, 'P', 'N', 1),
(86, 76, 6, 12, 521.60, '2014-11-10', 1, 1, 'P', 'N', 1),
(87, 72, 7, 11, 17.60, '2014-11-22', 1, 1, 'P', 'N', 1),
(88, 77, 7, 12, 195.00, '2014-11-10', 1, 1, 'P', 'N', 1),
(89, 75, 1, 13, 225.00, '2014-10-27', 1, 1, 'P', 'N', 1),
(90, 79, 6, 12, 102.35, '2014-11-28', 1, 1, 'P', 'N', 1),
(91, 81, 1, 3, 56.50, '2014-10-30', 1, 1, 'P', 'N', 1),
(92, 82, 6, 12, 289.75, '2014-11-30', 1, 1, 'P', 'N', 1),
(93, 78, 1, 3, 26.00, '2014-11-01', 1, 1, 'P', 'N', 1),
(94, 84, 1, 3, 38.95, '2014-11-01', 1, 1, 'P', 'N', 1),
(95, 86, 1, 3, 13.75, '2014-11-01', 1, 1, 'P', 'N', 1),
(96, 87, 1, 3, 150.00, '2014-11-01', 1, 1, 'P', 'N', 1),
(97, 88, 1, 3, 62.50, '2014-11-01', 1, 1, 'P', 'N', 1),
(98, 89, 1, 3, 60.00, '2014-11-01', 1, 1, 'P', 'N', 1),
(99, 90, 1, 3, 23.45, '2014-11-01', 1, 1, 'P', 'N', 1),
(100, 91, 3, 3, 663.43, '2014-11-02', 1, 1, 'P', 'N', 1),
(101, 80, 1, 0, 64.00, '2014-11-01', 1, 1, 'P', 'N', 1),
(102, 93, 1, 0, 24.00, '2014-11-01', 1, 1, 'P', 'N', 1),
(103, 83, 3, 3, 228.00, '2014-11-02', 1, 1, 'P', 'N', 1),
(104, 95, 2, 3, 52.50, '2014-12-01', 1, 2, 'P', 'N', 1),
(105, 95, 2, 3, 52.50, '2015-01-01', 2, 2, 'P', 'N', 1),
(106, 96, 1, 0, 49.00, '2014-11-01', 1, 1, 'P', 'N', 1),
(107, 97, 3, 3, 14.00, '2014-11-02', 1, 1, 'P', 'N', 1),
(108, 98, 1, 0, 99.00, '2014-11-01', 1, 1, 'P', 'N', 1),
(109, 99, 1, 0, 20.00, '2014-11-01', 1, 1, 'P', 'N', 1),
(110, 100, 1, 3, 7.00, '2014-11-01', 1, 1, 'P', 'N', 1),
(111, 101, 2, 3, 157.00, '2014-12-01', 1, 1, 'P', 'N', 1),
(112, 102, 1, 3, 195.00, '2014-11-01', 1, 1, 'P', 'N', 1),
(113, 94, 1, 0, 25.00, '2014-11-03', 1, 1, 'P', 'N', 1),
(114, 104, 1, 0, 95.00, '2014-11-03', 1, 1, 'P', 'N', 1),
(115, 106, 6, 12, 63.45, '2014-12-03', 1, 1, 'P', 'N', 1),
(116, 92, 1, 3, 23.45, '2014-11-03', 1, 1, 'P', 'N', 1),
(117, 108, 1, 3, 87.00, '2014-11-03', 1, 1, 'P', 'N', 1),
(118, 109, 1, 3, 37.90, '2014-11-03', 1, 1, 'P', 'N', 1),
(119, 110, 1, 3, 496.00, '2014-11-03', 1, 1, 'P', 'N', 1),
(120, 111, 1, 0, 3.50, '2014-11-03', 1, 1, 'P', 'N', 1),
(121, 112, 3, 3, 43.60, '2014-11-04', 1, 1, 'P', 'N', 1),
(122, 105, 1, 0, 5.90, '2014-11-04', 1, 1, 'P', 'N', 1),
(123, 114, 1, 0, 5.20, '2014-11-04', 1, 1, 'P', 'N', 1),
(124, 115, 2, 0, 685.00, '2014-11-04', 1, 1, 'P', 'N', 1),
(125, 115, 2, 0, 0.00, '2014-12-04', 1, 1, 'P', 'N', 1),
(126, 107, 1, 0, 235.00, '2014-11-04', 1, 1, 'P', 'N', 1),
(127, 117, 3, 3, 73.85, '2014-11-05', 1, 1, 'P', 'N', 1),
(128, 118, 1, 3, 15.60, '2014-11-04', 1, 1, 'P', 'N', 1),
(129, 120, 1, 3, 18.10, '2014-11-04', 1, 1, 'P', 'N', 1),
(130, 121, 1, 3, 33.00, '2014-11-04', 1, 1, 'P', 'N', 1),
(131, 122, 1, 3, 15.80, '2014-11-04', 1, 1, 'P', 'N', 1),
(132, 123, 1, 3, 225.00, '2014-11-04', 1, 1, 'P', 'N', 1),
(133, 124, 2, 3, 76.60, '2014-12-04', 1, 1, 'P', 'N', 1),
(134, 119, 1, 0, 25.45, '2014-11-05', 1, 1, 'P', 'N', 1),
(135, 125, 1, 3, 32.00, '2014-11-05', 1, 1, 'P', 'N', 1),
(136, 127, 1, 3, 10.00, '2014-11-05', 1, 1, 'P', 'N', 1),
(137, 128, 1, 3, 21.30, '2014-11-05', 1, 1, 'P', 'N', 1),
(138, 116, 1, 0, 10.00, '2014-11-06', 1, 1, 'P', 'N', 1),
(139, 130, 3, 0, 26.90, '2014-11-06', 1, 1, 'P', 'N', 1),
(140, 130, 3, 0, 0.00, '2014-11-07', 1, 1, 'P', 'N', 1),
(141, 131, 1, 0, 100.00, '2014-11-06', 1, 1, 'P', 'N', 1),
(142, 132, 2, 0, 21.10, '2014-12-06', 1, 1, 'P', 'N', 1),
(143, 133, 1, 0, 14.30, '2014-11-06', 1, 1, 'P', 'N', 1),
(144, 134, 1, 0, 13.45, '2014-11-06', 1, 1, 'P', 'N', 1),
(145, 135, 3, 0, 61.90, '2014-11-07', 1, 1, 'P', 'N', 1),
(146, 136, 1, 0, 34.00, '2014-11-06', 1, 1, 'P', 'N', 1),
(147, 126, 1, 0, 11.70, '2014-11-06', 1, 1, 'P', 'N', 1),
(148, 138, 1, 0, 40.00, '2014-11-06', 1, 1, 'P', 'N', 1),
(149, 139, 1, 3, 3.50, '2014-11-06', 1, 1, 'P', 'N', 1),
(150, 140, 1, 0, 57.15, '2014-11-06', 1, 1, 'P', 'N', 1),
(151, 141, 1, 3, 37.30, '2014-11-06', 1, 1, 'P', 'N', 1),
(152, 142, 1, 3, 4.00, '2014-11-06', 1, 1, 'P', 'N', 1),
(153, 129, 1, 3, 3.85, '2014-11-06', 1, 1, 'P', 'N', 1),
(154, 144, 1, 3, 57.15, '2014-11-06', 1, 1, 'P', 'N', 1),
(155, 146, 1, 3, 2.30, '2014-11-06', 1, 1, 'P', 'N', 1),
(156, 147, 7, 3, 48.75, '2014-12-06', 1, 1, 'P', 'N', 1),
(157, 148, 1, 3, 36.25, '2014-11-06', 1, 1, 'P', 'N', 1),
(158, 149, 1, 3, 9.30, '2014-11-06', 1, 1, 'P', 'N', 1),
(159, 137, 2, 0, 56.00, '2014-12-07', 1, 1, 'P', 'N', 1),
(160, 143, 1, 3, 12.50, '2014-11-07', 1, 1, 'P', 'N', 1),
(161, 152, 1, 0, 10.00, '2014-11-07', 1, 1, 'P', 'N', 1),
(162, 150, 1, 3, 34.00, '2014-11-07', 1, 1, 'P', 'N', 1),
(163, 154, 1, 3, 42.80, '2014-11-07', 1, 1, 'P', 'N', 1),
(164, 155, 1, 3, 26.95, '2014-11-07', 1, 1, 'P', 'N', 1),
(165, 156, 1, 3, 30.00, '2014-11-07', 1, 1, 'P', 'N', 1),
(166, 157, 1, 3, 10.00, '2014-11-07', 1, 1, 'P', 'N', 1),
(167, 153, 4, 3, 165.00, '2014-11-07', 1, 1, 'P', 'N', 1),
(168, 153, 4, 3, 0.00, '2014-11-07', 1, 1, 'P', 'N', 1),
(169, 158, 1, 3, 52.00, '2014-11-08', 1, 1, 'P', 'N', 1),
(170, 160, 3, 3, 52.30, '2014-11-09', 1, 1, 'P', 'N', 1),
(171, 161, 1, 3, 6.00, '2014-11-08', 1, 1, 'P', 'N', 1),
(172, 162, 1, 3, 2.90, '2014-11-08', 1, 1, 'P', 'N', 1),
(173, 163, 1, 3, 2.50, '2014-11-08', 1, 1, 'P', 'N', 1),
(174, 164, 2, 3, 34.00, '2014-12-08', 1, 1, 'P', 'N', 1),
(175, 165, 1, 3, 31.75, '2014-11-08', 1, 1, 'P', 'N', 1),
(176, 166, 1, 3, 29.90, '2014-11-08', 1, 1, 'P', 'N', 1),
(177, 159, 1, 0, 9.30, '2014-11-08', 1, 1, 'P', 'N', 1),
(178, 168, 1, 3, 3.90, '2014-11-08', 1, 1, 'P', 'N', 1),
(179, 169, 1, 0, 12.00, '2014-11-08', 1, 1, 'P', 'N', 1),
(180, 170, 1, 0, 90.00, '2014-11-10', 1, 1, 'P', 'N', 1),
(181, 171, 1, 3, 20.00, '2014-11-10', 1, 1, 'P', 'N', 1),
(182, 172, 1, 3, 9.50, '2014-11-10', 1, 1, 'P', 'N', 1),
(183, 173, 1, 3, 185.00, '2014-11-10', 1, 1, 'P', 'N', 1),
(184, 174, 2, 3, 50.00, '2014-12-10', 1, 1, 'P', 'N', 1),
(185, 175, 1, 3, 13.45, '2014-11-10', 1, 1, 'P', 'N', 1),
(186, 167, 1, 13, 195.00, '2014-11-10', 1, 1, 'P', 'N', 1),
(187, 177, 7, 3, 88.70, '2014-12-10', 1, 1, 'P', 'N', 1),
(188, 178, 1, 3, 31.75, '2014-11-10', 1, 1, 'P', 'N', 1),
(189, 179, 1, 2, 14.25, '2014-11-10', 1, 1, 'P', 'N', 1),
(190, 180, 1, 3, 13.45, '2014-11-10', 1, 1, 'P', 'N', 1),
(191, 176, 2, 3, 103.50, '2014-12-11', 1, 2, 'P', 'N', 1),
(192, 176, 2, 3, 103.50, '2015-01-11', 2, 2, 'P', 'N', 1),
(193, 182, 1, 3, 2.40, '2014-11-11', 1, 1, 'P', 'N', 1),
(194, 183, 1, 3, 5.40, '2014-11-11', 1, 1, 'P', 'N', 1),
(195, 184, 1, 3, 11.55, '2014-11-11', 1, 1, 'P', 'N', 1),
(196, 185, 3, 3, 185.00, '2014-11-12', 1, 1, 'P', 'N', 1),
(197, 181, 1, 3, 15.60, '2014-11-11', 1, 1, 'P', 'N', 1),
(198, 188, 1, 3, 35.45, '2014-11-11', 1, 1, 'P', 'N', 1),
(199, 189, 3, 3, 39.35, '2014-11-12', 1, 1, 'P', 'N', 1),
(200, 190, 1, 3, 12.00, '2014-11-11', 1, 1, 'P', 'N', 1),
(201, 186, 1, 3, 12.50, '2014-11-12', 1, 1, 'P', 'N', 1),
(202, 192, 1, 3, 12.00, '2014-11-12', 1, 1, 'P', 'N', 1),
(203, 193, 1, 0, 8.75, '2014-11-12', 1, 1, 'P', 'N', 1),
(204, 194, 2, 3, 48.00, '2014-12-12', 1, 1, 'P', 'N', 1),
(205, 195, 3, 3, 20.00, '2014-11-13', 1, 1, 'P', 'N', 1),
(206, 196, 1, 0, 44.00, '2014-11-12', 1, 1, 'P', 'N', 1),
(207, 197, 1, 0, 14.80, '2014-11-12', 1, 1, 'P', 'N', 1),
(208, 198, 3, 3, 57.15, '2014-11-13', 1, 1, 'P', 'N', 1),
(209, 199, 1, 3, 6.00, '2014-11-12', 1, 1, 'P', 'N', 1),
(210, 200, 3, 3, 47.25, '2014-11-13', 1, 1, 'P', 'N', 1),
(211, 201, 1, 3, 37.00, '2014-11-12', 1, 1, 'P', 'N', 1),
(212, 202, 3, 3, 185.00, '2014-11-13', 1, 1, 'P', 'N', 1),
(213, 203, 2, 3, 34.30, '2014-12-12', 1, 1, 'P', 'N', 1),
(214, 204, 1, 3, 6.00, '2014-11-13', 1, 1, 'P', 'N', 1),
(215, 205, 1, 0, 12.00, '2014-11-13', 1, 1, 'P', 'N', 1),
(216, 206, 1, 0, 30.00, '2014-11-13', 1, 1, 'P', 'N', 1),
(217, 207, 1, 11, 21.00, '2014-11-13', 1, 1, 'P', 'N', 1),
(218, 208, 1, 3, 30.00, '2014-11-13', 1, 1, 'P', 'N', 1),
(219, 209, 1, 3, 34.00, '2014-11-13', 1, 1, 'P', 'N', 1),
(220, 210, 1, 0, 13.70, '2014-11-13', 1, 1, 'P', 'N', 1),
(221, 211, 1, 0, 26.00, '2014-11-13', 1, 1, 'P', 'N', 1),
(222, 191, 1, 3, 26.00, '2014-11-13', 1, 1, 'P', 'N', 1),
(223, 213, 7, 3, 50.00, '2014-11-13', 1, 1, 'P', 'N', 1),
(224, 213, 7, 3, 382.00, '2014-12-13', 1, 1, 'P', 'N', 1),
(225, 214, 1, 3, 10.00, '2014-11-13', 1, 1, 'P', 'N', 1),
(226, 212, 2, 3, 102.84, '2014-12-14', 1, 1, 'P', 'N', 1),
(227, 216, 1, 3, 36.00, '2014-11-14', 1, 1, 'P', 'N', 1),
(228, 216, 1, 0, 36.00, '2014-11-14', 1, 1, 'P', 'N', 1),
(229, 217, 1, 3, 14.20, '2014-11-14', 1, 1, 'P', 'N', 1),
(230, 218, 2, 3, 165.00, '2014-11-14', 1, 1, 'P', 'N', 1),
(231, 218, 2, 3, 0.00, '2014-12-14', 1, 1, 'P', 'N', 1),
(232, 219, 1, 3, 9.10, '2014-11-14', 1, 1, 'P', 'N', 1),
(233, 220, 3, 3, 30.40, '2014-11-15', 1, 1, 'P', 'N', 1),
(234, 221, 1, 3, 11.00, '2014-11-14', 1, 1, 'P', 'N', 1),
(235, 215, 1, 3, 15.00, '2014-11-14', 1, 1, 'P', 'N', 1),
(236, 223, 1, 3, 39.30, '2014-11-14', 1, 1, 'P', 'N', 1),
(237, 222, 1, 3, 33.00, '2014-11-15', 1, 1, 'P', 'N', 1),
(238, 225, 1, 3, 12.00, '2014-11-15', 1, 1, 'P', 'N', 1),
(239, 226, 3, 3, 68.50, '2014-11-16', 1, 1, 'P', 'N', 1),
(240, 227, 2, 3, 97.50, '2014-12-15', 1, 2, 'P', 'N', 1),
(241, 227, 2, 3, 97.50, '2015-01-15', 2, 2, 'P', 'N', 1),
(242, 228, 1, 3, 36.25, '2014-11-15', 1, 1, 'P', 'N', 1),
(243, 229, 1, 3, 60.00, '2014-11-15', 1, 1, 'P', 'N', 1),
(244, 230, 1, 0, 90.00, '2014-11-15', 1, 1, 'P', 'N', 1),
(245, 231, 2, 3, 77.30, '2014-12-15', 1, 1, 'P', 'N', 1),
(246, 232, 2, 3, 95.50, '2014-11-15', 1, 1, 'P', 'N', 1),
(247, 232, 2, 3, 16.20, '2014-12-15', 1, 1, 'P', 'N', 1),
(248, 233, 3, 3, 70.00, '2014-11-16', 1, 1, 'P', 'N', 1),
(249, 234, 1, 3, 115.00, '2014-11-15', 1, 1, 'P', 'N', 1),
(250, 235, 2, 3, 57.50, '2014-12-15', 1, 2, 'P', 'N', 1),
(251, 235, 2, 3, 57.50, '2015-01-15', 2, 2, 'P', 'N', 1),
(252, 236, 1, 3, 34.00, '2014-11-15', 1, 1, 'P', 'N', 1),
(253, 237, 1, 0, 76.00, '2014-11-15', 1, 1, 'P', 'N', 1),
(254, 238, 1, 3, 9.50, '2014-11-17', 1, 1, 'P', 'N', 1),
(255, 224, 3, 3, 12.00, '2014-11-18', 1, 1, 'P', 'N', 1),
(256, 240, 1, 3, 2.90, '2014-11-17', 1, 1, 'P', 'N', 1),
(257, 239, 2, 3, 39.30, '2014-12-18', 1, 1, 'P', 'N', 1),
(258, 242, 3, 3, 7.00, '2014-11-19', 1, 1, 'P', 'N', 1),
(259, 243, 1, 3, 60.00, '2014-11-18', 1, 1, 'P', 'N', 1),
(260, 244, 2, 3, 36.50, '2014-12-18', 1, 1, 'P', 'N', 1),
(261, 244, 2, 3, 36.50, '2014-12-18', 1, 1, 'P', 'N', 1),
(262, 245, 1, 3, 39.30, '2014-11-18', 1, 1, 'P', 'N', 1),
(263, 246, 1, 3, 1.50, '2014-11-18', 1, 1, 'P', 'N', 1),
(264, 247, 2, 3, 24.00, '2014-12-18', 1, 1, 'P', 'N', 1),
(265, 248, 3, 3, 19.65, '2014-11-19', 1, 1, 'P', 'N', 1),
(266, 241, 1, 3, 25.60, '2014-11-18', 1, 1, 'P', 'N', 1),
(267, 250, 2, 3, 96.25, '2014-12-18', 1, 2, 'P', 'N', 1),
(268, 250, 2, 3, 96.25, '2015-01-18', 2, 2, 'P', 'N', 1),
(269, 249, 4, 3, 241.50, '2014-11-18', 1, 1, 'P', 'N', 1),
(270, 249, 4, 3, 418.00, '2014-11-18', 1, 1, 'P', 'N', 1),
(271, 251, 1, 3, 22.65, '2014-11-18', 1, 1, 'P', 'N', 1),
(272, 252, 1, 0, 69.00, '2014-11-18', 1, 1, 'P', 'N', 1),
(273, 254, 1, 3, 16.00, '2014-11-19', 1, 1, 'P', 'N', 1),
(274, 255, 3, 3, 58.95, '2014-11-20', 1, 1, 'P', 'N', 1),
(275, 256, 1, 3, 60.00, '2014-11-19', 1, 1, 'P', 'N', 1),
(276, 257, 1, 3, 12.00, '2014-11-19', 1, 1, 'P', 'N', 1),
(277, 258, 6, 12, 116.80, '2014-12-19', 1, 1, 'D', 'N', 1),
(278, 259, 1, 3, 3.50, '2014-11-19', 1, 1, 'P', 'N', 1),
(279, 260, 1, 0, 23.00, '2014-11-19', 1, 1, 'P', 'N', 1),
(280, 261, 1, 3, 12.00, '2014-11-19', 1, 1, 'P', 'N', 1),
(281, 253, 6, 14, 225.00, '2014-12-19', 1, 1, 'D', 'N', 1),
(282, 263, 1, 3, 12.00, '2014-11-19', 1, 1, 'P', 'N', 1),
(283, 264, 1, 3, 15.95, '2014-11-19', 1, 1, 'P', 'N', 1),
(284, 265, 2, 3, 109.50, '2014-12-19', 1, 2, 'P', 'N', 1),
(285, 265, 2, 3, 109.50, '2015-01-19', 2, 2, 'P', 'N', 1),
(286, 266, 7, 9, 10.00, '2014-11-19', 1, 1, 'P', 'N', 1),
(287, 266, 7, 9, 6.00, '2014-12-19', 1, 1, 'D', 'N', 1),
(288, 267, 1, 3, 105.00, '2014-11-19', 1, 1, 'P', 'N', 1),
(289, 262, 1, 3, 22.00, '2014-11-20', 1, 1, 'P', 'N', 1),
(290, 269, 2, 3, 160.00, '2014-12-20', 1, 1, 'P', 'N', 1),
(291, 270, 1, 3, 22.00, '2014-11-20', 1, 1, 'P', 'N', 1),
(292, 271, 1, 3, 165.00, '2014-11-20', 1, 1, 'P', 'N', 1),
(293, 272, 1, 0, 100.85, '2014-11-20', 1, 1, 'P', 'N', 1),
(294, 273, 1, 3, 12.00, '2014-11-20', 1, 1, 'P', 'N', 1),
(295, 274, 1, 3, 12.00, '2014-11-20', 1, 1, 'P', 'N', 1),
(296, 275, 1, 3, 20.90, '2014-11-20', 1, 1, 'P', 'N', 1),
(297, 276, 1, 0, 7.90, '2014-11-20', 1, 1, 'P', 'N', 1),
(298, 277, 1, 0, 26.50, '2014-11-20', 1, 1, 'P', 'N', 1),
(299, 278, 1, 0, 29.60, '2014-11-20', 1, 1, 'P', 'N', 1),
(300, 279, 3, 3, 10.00, '2014-11-21', 1, 1, 'P', 'N', 1),
(301, 280, 1, 0, 20.00, '2014-11-20', 1, 1, 'P', 'N', 1),
(302, 281, 1, 0, 14.00, '2014-11-20', 1, 1, 'P', 'N', 1),
(303, 282, 1, 3, 39.30, '2014-11-20', 1, 1, 'P', 'N', 1),
(304, 283, 1, 3, 21.95, '2014-11-21', 1, 1, 'P', 'N', 1),
(305, 284, 1, 3, 26.90, '2014-11-21', 1, 1, 'P', 'N', 1),
(306, 285, 1, 3, 7.60, '2014-11-21', 1, 1, 'P', 'N', 1),
(307, 286, 1, 3, 10.00, '2014-11-21', 1, 1, 'P', 'N', 1),
(308, 287, 1, 3, 13.45, '2014-11-21', 1, 1, 'P', 'N', 1),
(309, 288, 1, 3, 38.00, '2014-11-21', 1, 1, 'P', 'N', 1),
(310, 289, 7, 3, 10.00, '2014-11-21', 1, 1, 'P', 'N', 1),
(311, 289, 7, 3, 49.70, '2014-12-21', 1, 1, 'P', 'N', 1),
(312, 290, 1, 3, 7.90, '2014-11-21', 1, 1, 'P', 'N', 1),
(313, 291, 1, 3, 13.00, '2014-11-21', 1, 1, 'P', 'N', 1),
(314, 292, 3, 3, 36.50, '2014-11-22', 1, 1, 'P', 'N', 1),
(315, 293, 1, 3, 14.50, '2014-11-21', 1, 1, 'P', 'N', 1),
(316, 294, 1, 3, 10.00, '2014-11-21', 1, 1, 'P', 'N', 1),
(317, 295, 2, 3, 75.97, '2014-12-21', 1, 3, 'P', 'N', 1),
(318, 295, 2, 3, 75.97, '2015-01-21', 2, 3, 'P', 'N', 1),
(319, 295, 2, 3, 75.97, '2015-02-21', 3, 3, 'P', 'N', 1),
(320, 296, 3, 3, 10.00, '2014-11-22', 1, 1, 'P', 'N', 1),
(321, 297, 3, 3, 18.70, '2014-11-22', 1, 1, 'P', 'N', 1),
(322, 298, 7, 9, 34.00, '2014-12-21', 1, 1, 'D', 'N', 1),
(323, 299, 1, 3, 58.95, '2014-11-21', 1, 1, 'P', 'N', 1),
(324, 300, 7, 9, 109.70, '2014-12-22', 1, 1, 'D', 'N', 1),
(325, 301, 2, 3, 58.90, '2014-12-22', 1, 1, 'P', 'N', 1),
(326, 302, 2, 3, 190.95, '2014-12-22', 1, 1, 'P', 'N', 1),
(327, 303, 1, 3, 286.25, '2014-11-22', 1, 1, 'P', 'N', 1),
(328, 304, 3, 3, 185.00, '2014-11-23', 1, 1, 'P', 'N', 1),
(329, 305, 1, 3, 14.50, '2014-11-22', 1, 1, 'P', 'N', 1),
(330, 306, 1, 3, 5.30, '2014-11-22', 1, 1, 'P', 'N', 1),
(331, 307, 5, 14, 229.93, '2014-12-22', 1, 1, 'D', 'N', 1),
(332, 268, 2, 3, 126.20, '2014-12-24', 1, 1, 'P', 'N', 1),
(333, 309, 1, 3, 260.00, '2014-11-24', 1, 1, 'P', 'N', 1),
(334, 310, 7, 3, 558.40, '2014-12-24', 1, 1, 'D', 'N', 1),
(335, 311, 1, 3, 30.00, '2014-11-24', 1, 1, 'P', 'N', 1),
(336, 312, 1, 3, 12.00, '2014-11-24', 1, 1, 'P', 'N', 1),
(337, 313, 1, 0, 69.00, '2014-11-24', 1, 1, 'P', 'N', 1),
(338, 314, 1, 3, 3.60, '2014-11-24', 1, 1, 'P', 'N', 1),
(339, 315, 1, 3, 30.00, '2014-11-24', 1, 1, 'P', 'N', 1),
(340, 316, 1, 3, 10.00, '2014-11-24', 1, 1, 'P', 'N', 1),
(341, 317, 3, 3, 24.30, '2014-11-25', 1, 1, 'P', 'N', 1),
(342, 318, 1, 3, 34.00, '2014-11-24', 1, 1, 'P', 'N', 1),
(343, 319, 1, 3, 3.80, '2014-11-24', 1, 1, 'P', 'N', 1),
(345, 321, 7, 16, 54.40, '2014-12-25', 1, 1, 'D', 'N', 1),
(346, 322, 7, 16, 7.90, '2014-12-25', 1, 1, 'D', 'N', 1),
(347, 872, 7, 15, 1000.00, '2014-12-28', 1, 3, 'D', 'S', 1),
(348, 872, 7, 15, 1000.00, '2015-01-28', 2, 3, 'D', 'S', 1),
(349, 872, 7, 15, 1000.00, '2014-11-28', 3, 3, 'P', 'S', 1),
(350, 323, 2, 3, 35.25, '2014-12-25', 1, 1, 'P', 'N', 1),
(351, 324, 3, 3, 20.00, '2014-11-26', 1, 1, 'P', 'N', 1),
(352, 325, 1, 3, 35.00, '2014-11-25', 1, 1, 'P', 'N', 1),
(353, 326, 1, 3, 143.00, '2014-11-25', 1, 1, 'P', 'N', 1),
(354, 327, 5, 14, 181.60, '2014-12-25', 1, 1, 'D', 'N', 1),
(355, 328, 7, 15, 2.10, '2014-11-25', 1, 1, 'P', 'N', 1),
(357, 329, 1, 3, 60.00, '2014-11-26', 1, 1, 'P', 'N', 1),
(358, 330, 1, 3, 50.00, '2014-11-26', 1, 1, 'P', 'N', 1),
(359, 331, 1, 3, 4.00, '2014-11-26', 1, 1, 'P', 'N', 1),
(360, 332, 1, 3, 150.00, '2014-11-26', 1, 1, 'P', 'N', 1),
(361, 333, 1, 3, 39.55, '2014-11-26', 1, 1, 'P', 'N', 1),
(362, 334, 1, 3, 13.45, '2014-11-26', 1, 1, 'P', 'N', 1),
(363, 335, 1, 3, 13.75, '2014-11-26', 1, 1, 'P', 'N', 1),
(364, 336, 1, 3, 38.35, '2014-11-26', 1, 1, 'P', 'N', 1),
(365, 337, 1, 3, 5.00, '2014-11-26', 1, 1, 'P', 'N', 1),
(366, 338, 1, 3, 77.75, '2014-11-26', 1, 1, 'P', 'N', 1),
(367, 339, 1, 3, 13.00, '2014-11-26', 1, 1, 'P', 'N', 1),
(369, 341, 6, 12, 26.40, '2014-12-26', 1, 1, 'D', 'N', 1),
(370, 342, 1, 3, 1.80, '2014-11-27', 1, 1, 'P', 'N', 1),
(371, 343, 1, 3, 39.30, '2014-11-27', 1, 1, 'P', 'N', 1),
(372, 344, 1, 3, 11.00, '2014-11-27', 1, 1, 'P', 'N', 1),
(373, 345, 3, 3, 57.15, '2014-11-28', 1, 1, 'P', 'N', 1),
(374, 346, 1, 3, 9.50, '2014-11-27', 1, 1, 'P', 'N', 1),
(375, 347, 1, 3, 20.90, '2014-11-27', 1, 1, 'P', 'N', 1),
(376, 348, 1, 3, 18.35, '2014-11-27', 1, 1, 'P', 'N', 1),
(377, 349, 1, 3, 4.50, '2014-11-27', 1, 1, 'P', 'N', 1),
(378, 350, 1, 3, 15.45, '2014-11-27', 1, 1, 'P', 'N', 1),
(379, 351, 1, 3, 50.70, '2014-11-27', 1, 1, 'P', 'N', 1),
(380, 352, 3, 3, 25.00, '2014-11-28', 1, 1, 'P', 'N', 1),
(381, 353, 1, 3, 82.00, '2014-11-27', 1, 1, 'P', 'N', 1),
(382, 353, 1, 3, 82.00, '2014-11-27', 1, 1, 'P', 'N', 1),
(383, 354, 1, 3, 230.00, '2014-11-28', 1, 1, 'P', 'N', 1),
(384, 355, 1, 3, 3.20, '2014-11-28', 1, 1, 'P', 'N', 1),
(385, 356, 1, 3, 39.30, '2014-11-28', 1, 1, 'P', 'N', 1),
(386, 357, 4, 3, 93.50, '2014-11-28', 1, 1, 'P', 'N', 1),
(387, 357, 4, 3, 0.00, '2014-11-28', 1, 1, 'P', 'N', 1),
(388, 358, 1, 3, 13.45, '2014-11-28', 1, 1, 'P', 'N', 1),
(389, 359, 7, 3, 186.80, '2014-12-28', 1, 1, 'D', 'N', 1),
(390, 360, 1, 3, 94.00, '2014-11-28', 1, 1, 'P', 'N', 1),
(391, 361, 1, 3, 68.00, '2014-11-28', 1, 1, 'P', 'N', 1),
(392, 362, 1, 3, 20.00, '2014-11-28', 1, 1, 'P', 'N', 1),
(393, 363, 3, 3, 155.00, '2014-11-29', 1, 1, 'P', 'N', 1),
(394, 364, 1, 3, 1.80, '2014-11-28', 1, 1, 'P', 'N', 1),
(395, 365, 1, 3, 60.00, '2014-11-28', 1, 1, 'P', 'N', 1),
(396, 366, 1, 3, 7.75, '2014-11-28', 1, 1, 'P', 'N', 1),
(397, 367, 7, 14, 340.84, '2014-12-28', 1, 1, 'D', 'N', 1),
(398, 368, 7, 3, 150.00, '2014-12-28', 1, 1, 'D', 'N', 1),
(399, 369, 1, 3, 7.50, '2014-11-28', 1, 1, 'P', 'N', 1),
(400, 370, 1, 3, 50.00, '2014-11-28', 1, 1, 'P', 'N', 1),
(401, 371, 7, 14, 139.90, '2014-12-28', 1, 1, 'D', 'N', 1),
(402, 372, 7, 14, 530.00, '2014-12-28', 1, 1, 'D', 'N', 1),
(403, 373, 3, 3, 53.90, '2014-11-29', 1, 1, 'D', 'N', 1),
(404, 374, 1, 3, 22.50, '2014-11-28', 1, 1, 'P', 'N', 1),
(405, 375, 1, 15, 7.20, '2014-11-29', 1, 1, 'P', 'N', 1),
(406, 376, 1, 3, 240.00, '2014-11-29', 1, 1, 'P', 'N', 1),
(407, 377, 3, 3, 53.50, '2014-12-01', 1, 1, 'P', 'N', 1),
(408, 378, 2, 3, 14.30, '2014-12-29', 1, 1, 'D', 'N', 1),
(409, 379, 1, 3, 8.00, '2014-11-29', 1, 1, 'P', 'N', 1),
(410, 380, 1, 3, 8.80, '2014-11-29', 1, 1, 'P', 'N', 1),
(411, 380, 1, 3, 8.80, '2014-11-29', 1, 1, 'P', 'N', 1),
(412, 381, 1, 3, 80.00, '2014-11-29', 1, 1, 'P', 'N', 1),
(413, 382, 1, 3, 77.75, '2014-11-29', 1, 1, 'P', 'N', 1),
(414, 383, 1, 3, 10.00, '2014-11-29', 1, 1, 'P', 'N', 1),
(416, 385, 1, 3, 64.00, '2014-11-29', 1, 1, 'P', 'N', 1),
(417, 386, 1, 3, 13.95, '2014-11-29', 1, 1, 'P', 'N', 1),
(418, 387, 1, 3, 195.00, '2014-11-29', 1, 1, 'P', 'N', 1),
(419, 388, 1, 3, 10.00, '2014-11-29', 1, 1, 'P', 'N', 1),
(420, 389, 1, 3, 36.30, '2014-11-29', 1, 1, 'P', 'N', 1),
(421, 390, 1, 3, 36.00, '2014-12-01', 1, 1, 'P', 'N', 1),
(422, 391, 1, 3, 16.45, '2014-12-01', 1, 1, 'P', 'N', 1),
(423, 392, 1, 3, 15.00, '2014-12-01', 1, 1, 'P', 'N', 1),
(424, 393, 1, 3, 4.60, '2014-12-01', 1, 1, 'P', 'N', 1),
(425, 394, 1, 3, 56.00, '2014-12-01', 1, 1, 'P', 'N', 1),
(426, 395, 1, 3, 64.00, '2014-12-01', 1, 1, 'P', 'N', 1),
(427, 396, 7, 3, 36.10, '2015-01-01', 1, 1, 'P', 'N', 1),
(428, 397, 1, 3, 15.45, '2014-12-01', 1, 1, 'P', 'N', 1),
(429, 398, 1, 3, 10.00, '2014-12-01', 1, 1, 'P', 'N', 1),
(430, 399, 2, 3, 105.00, '2015-01-01', 1, 1, 'D', 'N', 1),
(431, 400, 1, 3, 3.20, '2014-12-01', 1, 1, 'P', 'N', 1),
(432, 401, 1, 3, 44.35, '2014-12-01', 1, 1, 'P', 'N', 1),
(433, 402, 3, 3, 34.00, '2014-12-02', 1, 1, 'P', 'N', 1),
(434, 403, 1, 3, 66.00, '2014-12-01', 1, 1, 'P', 'N', 1),
(435, 404, 1, 3, 10.00, '2014-12-01', 1, 1, 'P', 'N', 1),
(436, 405, 7, 3, 20.00, '2014-12-01', 1, 1, 'P', 'N', 1),
(437, 405, 7, 3, 4.00, '2015-01-01', 1, 1, 'P', 'N', 1),
(438, 406, 6, 14, 330.60, '2015-01-01', 1, 1, 'D', 'N', 1),
(439, 407, 1, 3, 36.00, '2014-12-01', 1, 1, 'P', 'N', 1),
(440, 408, 1, 3, 10.90, '2014-12-01', 1, 1, 'P', 'N', 1),
(441, 409, 1, 3, 42.00, '2014-12-02', 1, 1, 'P', 'N', 1),
(442, 410, 1, 3, 86.60, '2014-12-02', 1, 1, 'P', 'N', 1),
(443, 411, 1, 3, 46.00, '2014-12-02', 1, 1, 'P', 'N', 1),
(444, 412, 1, 3, 3.50, '2014-12-02', 1, 1, 'P', 'N', 1),
(445, 413, 1, 3, 87.00, '2014-12-02', 1, 1, 'P', 'N', 1),
(446, 414, 1, 3, 6.30, '2014-12-02', 1, 1, 'P', 'N', 1),
(447, 415, 3, 3, 84.00, '2014-12-03', 1, 1, 'P', 'N', 1),
(448, 416, 1, 3, 39.30, '2014-12-02', 1, 1, 'P', 'N', 1),
(449, 417, 2, 3, 56.75, '2015-01-02', 1, 2, 'D', 'N', 1),
(450, 417, 2, 3, 56.75, '2015-02-02', 2, 2, 'D', 'N', 1),
(451, 418, 7, 3, 185.00, '2015-01-02', 1, 1, 'P', 'N', 1),
(452, 419, 3, 3, 185.00, '2014-12-02', 1, 1, 'P', 'N', 1),
(453, 419, 3, 3, 0.00, '2014-12-03', 1, 1, 'P', 'N', 1),
(454, 420, 7, 3, 42.00, '2015-01-02', 1, 1, 'P', 'N', 1),
(455, 421, 3, 3, 39.00, '2014-12-03', 1, 1, 'P', 'N', 1),
(456, 422, 2, 3, 335.80, '2015-01-02', 1, 1, 'D', 'N', 1),
(457, 423, 1, 3, 64.00, '2014-12-02', 1, 1, 'P', 'N', 1),
(458, 424, 1, 3, 17.10, '2014-12-02', 1, 1, 'P', 'N', 1),
(459, 425, 1, 3, 26.90, '2014-12-02', 1, 1, 'P', 'N', 1),
(460, 426, 1, 3, 270.00, '2014-12-02', 1, 1, 'P', 'N', 1),
(461, 427, 1, 3, 62.00, '2014-12-03', 1, 1, 'P', 'N', 1),
(462, 428, 1, 3, 20.65, '2014-12-03', 1, 1, 'P', 'N', 1),
(463, 429, 1, 3, 5.50, '2014-12-03', 1, 1, 'P', 'N', 1),
(464, 430, 7, 3, 120.00, '2015-01-03', 1, 1, 'P', 'N', 1),
(465, 431, 1, 3, 16.00, '2014-12-03', 1, 1, 'P', 'N', 1),
(466, 432, 1, 3, 7.00, '2014-12-03', 1, 1, 'P', 'N', 1),
(467, 433, 1, 3, 180.00, '2014-12-03', 1, 1, 'P', 'N', 1),
(468, 434, 7, 9, 64.40, '2015-01-03', 1, 1, 'D', 'N', 1),
(469, 435, 1, 3, 17.00, '2014-12-03', 1, 1, 'P', 'N', 1),
(470, 436, 1, 3, 12.30, '2014-12-03', 1, 1, 'P', 'N', 1),
(471, 437, 3, 3, 30.00, '2014-12-04', 1, 1, 'P', 'N', 1),
(472, 438, 7, 14, 95.70, '2015-01-03', 1, 1, 'D', 'N', 1),
(473, 439, 1, 3, 17.00, '2014-12-03', 1, 1, 'P', 'N', 1),
(474, 440, 1, 3, 94.00, '2014-12-03', 1, 1, 'P', 'N', 1),
(475, 441, 1, 3, 13.45, '2014-12-03', 1, 1, 'P', 'N', 1),
(476, 442, 1, 3, 12.00, '2014-12-03', 1, 1, 'P', 'N', 1),
(477, 443, 3, 3, 4.00, '2014-12-05', 1, 1, 'P', 'N', 1),
(478, 444, 1, 3, 67.70, '2014-12-04', 1, 1, 'P', 'N', 1),
(479, 445, 7, 3, 30.00, '2015-01-04', 1, 1, 'P', 'N', 1),
(480, 446, 1, 3, 60.00, '2014-12-04', 1, 1, 'P', 'N', 1),
(481, 447, 1, 3, 10.00, '2014-12-04', 1, 1, 'P', 'N', 1),
(482, 448, 1, 3, 9.50, '2014-12-04', 1, 1, 'P', 'N', 1),
(483, 449, 1, 3, 13.80, '2014-12-04', 1, 1, 'P', 'N', 1),
(484, 450, 1, 3, 6.75, '2014-12-04', 1, 1, 'P', 'N', 1),
(485, 451, 1, 3, 4.20, '2014-12-04', 1, 1, 'P', 'N', 1),
(486, 452, 1, 3, 12.00, '2014-12-04', 1, 1, 'P', 'N', 1),
(487, 453, 1, 3, 12.00, '2014-12-04', 1, 1, 'P', 'N', 1),
(488, 454, 7, 3, 15.00, '2014-12-04', 1, 1, 'P', 'N', 1),
(489, 454, 7, 3, 44.45, '2015-01-04', 1, 1, 'D', 'N', 1),
(490, 455, 1, 3, 12.00, '2014-12-04', 1, 1, 'P', 'N', 1),
(491, 456, 1, 3, 78.00, '2014-12-04', 1, 1, 'P', 'N', 1),
(492, 457, 7, 14, 647.90, '2015-01-04', 1, 1, 'D', 'N', 1),
(493, 458, 1, 3, 42.00, '2014-12-04', 1, 1, 'P', 'N', 1),
(494, 459, 1, 3, 2.50, '2014-12-04', 1, 1, 'P', 'N', 1),
(495, 460, 7, 3, 64.70, '2015-01-04', 1, 1, 'P', 'N', 1),
(497, 462, 2, 3, 64.90, '2015-01-04', 1, 1, 'D', 'N', 1),
(498, 463, 1, 3, 10.00, '2014-12-05', 1, 1, 'P', 'N', 1),
(499, 464, 7, 3, 7.00, '2015-01-05', 1, 1, 'P', 'N', 1),
(500, 465, 1, 3, 41.40, '2014-12-05', 1, 1, 'P', 'N', 1),
(501, 466, 1, 3, 26.10, '2014-12-05', 1, 1, 'P', 'N', 1),
(502, 467, 1, 3, 3.50, '2014-12-05', 1, 1, 'P', 'N', 1),
(503, 468, 1, 3, 82.00, '2014-12-05', 1, 1, 'P', 'N', 1),
(504, 469, 1, 3, 64.00, '2014-12-05', 1, 1, 'P', 'N', 1),
(505, 470, 7, 3, 13.20, '2015-01-05', 1, 1, 'P', 'N', 1),
(506, 471, 1, 3, 74.67, '2014-12-05', 1, 1, 'P', 'N', 1),
(507, 472, 1, 3, 30.00, '2014-12-05', 1, 1, 'P', 'N', 1),
(508, 473, 1, 3, 36.30, '2014-12-05', 1, 1, 'P', 'N', 1),
(509, 474, 1, 3, 10.00, '2014-12-05', 1, 1, 'P', 'N', 1),
(510, 475, 1, 3, 13.45, '2014-12-05', 1, 1, 'P', 'N', 1),
(511, 476, 1, 3, 12.00, '2014-12-05', 1, 1, 'P', 'N', 1),
(512, 477, 1, 3, 23.50, '2014-12-05', 1, 1, 'P', 'N', 1),
(513, 478, 1, 3, 2.00, '2014-12-05', 1, 1, 'P', 'N', 1),
(514, 479, 1, 3, 30.00, '2014-12-05', 1, 1, 'P', 'N', 1),
(515, 480, 1, 3, 23.00, '2014-12-05', 1, 1, 'P', 'N', 1),
(516, 481, 6, 3, 449.10, '2015-01-05', 1, 1, 'D', 'N', 1),
(517, 482, 1, 3, 160.00, '2014-12-06', 1, 1, 'P', 'N', 1),
(518, 483, 7, 3, 190.00, '2015-01-06', 1, 1, 'P', 'N', 1),
(519, 484, 1, 3, 24.80, '2014-12-06', 1, 1, 'P', 'N', 1),
(520, 485, 1, 3, 46.00, '2014-12-06', 1, 1, 'P', 'N', 1),
(521, 486, 1, 3, 72.40, '2014-12-06', 1, 1, 'P', 'N', 1),
(522, 487, 1, 3, 100.00, '2014-12-06', 1, 1, 'P', 'N', 1),
(523, 488, 1, 3, 30.00, '2014-12-06', 1, 1, 'P', 'N', 1),
(524, 489, 1, 3, 12.00, '2014-12-06', 1, 1, 'P', 'N', 1),
(525, 490, 1, 3, 6.25, '2014-12-06', 1, 1, 'P', 'N', 1),
(526, 492, 1, 3, 30.00, '2014-12-06', 1, 1, 'P', 'N', 1),
(527, 494, 1, 3, 54.00, '2014-12-06', 1, 1, 'P', 'N', 1),
(528, 495, 1, 3, 1.25, '2014-12-06', 1, 1, 'P', 'N', 1),
(529, 496, 1, 3, 46.00, '2014-12-06', 1, 1, 'P', 'N', 1),
(530, 497, 3, 3, 87.80, '2014-12-07', 1, 1, 'P', 'N', 1),
(531, 498, 1, 3, 2.00, '2014-12-06', 1, 1, 'P', 'N', 1),
(532, 499, 2, 3, 42.00, '2014-12-06', 1, 1, 'P', 'N', 1),
(533, 499, 2, 3, 50.00, '2015-01-06', 1, 1, 'D', 'N', 1),
(534, 500, 1, 3, 76.85, '2014-12-06', 1, 1, 'P', 'N', 1),
(535, 501, 1, 3, 60.00, '2014-12-06', 1, 1, 'P', 'N', 1),
(536, 502, 6, 12, 121.00, '2015-01-08', 1, 1, 'D', 'N', 1),
(537, 503, 3, 3, 245.00, '2014-12-09', 1, 1, 'P', 'N', 1),
(538, 504, 1, 3, 3.50, '2014-12-08', 1, 1, 'P', 'N', 1),
(539, 505, 1, 3, 24.00, '2014-12-08', 1, 1, 'P', 'N', 1),
(540, 506, 1, 3, 7.90, '2014-12-08', 1, 1, 'P', 'N', 1),
(541, 507, 7, 3, 107.30, '2015-01-08', 1, 2, 'D', 'N', 1),
(542, 507, 7, 3, 107.30, '2015-02-08', 2, 2, 'D', 'N', 1),
(543, 508, 1, 3, 7.00, '2014-12-08', 1, 1, 'P', 'N', 1),
(544, 509, 1, 3, 10.00, '2014-12-08', 1, 1, 'P', 'N', 1),
(545, 510, 1, 3, 36.80, '2014-12-08', 1, 1, 'P', 'N', 1),
(546, 511, 1, 3, 10.00, '2014-12-08', 1, 1, 'P', 'N', 1),
(547, 512, 3, 3, 641.35, '2014-12-09', 1, 1, 'P', 'N', 1),
(548, 513, 1, 3, 68.00, '2014-12-08', 1, 1, 'P', 'N', 1),
(549, 514, 1, 3, 1.80, '2014-12-08', 1, 1, 'P', 'N', 1),
(550, 515, 1, 3, 3.50, '2014-12-08', 1, 1, 'P', 'N', 1),
(551, 516, 3, 3, 89.55, '2014-12-09', 1, 1, 'P', 'N', 1),
(552, 517, 1, 3, 39.00, '2014-12-08', 1, 1, 'P', 'N', 1),
(553, 518, 6, 3, 78.00, '2015-01-08', 1, 1, 'D', 'N', 1),
(554, 519, 6, 12, 236.10, '2015-01-08', 1, 1, 'D', 'N', 1),
(555, 520, 3, 3, 40.00, '2014-12-09', 1, 1, 'P', 'N', 1),
(556, 520, 3, 3, 39.00, '2014-12-09', 1, 1, 'P', 'N', 1),
(557, 521, 3, 3, 94.30, '2014-12-09', 1, 1, 'P', 'N', 1),
(559, 523, 3, 3, 15.70, '2014-12-09', 1, 1, 'P', 'N', 1),
(560, 524, 1, 3, 10.00, '2014-12-09', 1, 1, 'P', 'N', 1),
(561, 525, 1, 3, 51.00, '2014-12-09', 1, 1, 'P', 'N', 1),
(562, 526, 2, 3, 65.95, '2015-01-09', 1, 3, 'D', 'N', 1),
(563, 526, 2, 3, 65.95, '2015-02-09', 2, 3, 'D', 'N', 1),
(564, 526, 2, 3, 65.95, '2015-03-09', 3, 3, 'D', 'N', 1),
(565, 527, 1, 3, 15.45, '2014-12-09', 1, 1, 'P', 'N', 1),
(566, 528, 1, 3, 13.20, '2014-12-09', 1, 1, 'P', 'N', 1),
(567, 529, 1, 3, 23.00, '2014-12-09', 1, 1, 'P', 'N', 1),
(568, 530, 7, 16, 126.50, '2015-01-09', 1, 1, 'D', 'N', 1),
(569, 531, 1, 3, 26.00, '2014-12-09', 1, 1, 'P', 'N', 1),
(570, 532, 7, 3, 42.60, '2015-01-09', 1, 1, 'D', 'N', 1),
(571, 533, 7, 14, 238.23, '2015-01-09', 1, 1, 'D', 'N', 1),
(572, 534, 7, 3, 17.62, '2015-01-09', 1, 1, 'D', 'N', 1),
(573, 535, 1, 3, 36.25, '2014-12-09', 1, 1, 'P', 'N', 1),
(574, 536, 7, 14, 242.80, '2015-01-09', 1, 1, 'D', 'N', 1),
(575, 537, 1, 3, 12.00, '2014-12-09', 1, 1, 'P', 'N', 1),
(576, 538, 3, 3, 100.30, '2014-12-10', 1, 1, 'P', 'N', 1),
(577, 539, 1, 3, 46.00, '2014-12-09', 1, 1, 'P', 'N', 1),
(578, 540, 1, 3, 127.80, '2014-12-09', 1, 1, 'P', 'N', 1),
(579, 541, 3, 3, 68.70, '2014-12-11', 1, 1, 'P', 'N', 1),
(580, 542, 3, 3, 40.00, '2014-12-10', 1, 1, 'P', 'N', 1),
(581, 542, 3, 3, 8.00, '2014-12-11', 1, 1, 'P', 'N', 1),
(582, 543, 1, 3, 145.00, '2014-12-10', 1, 1, 'P', 'N', 1),
(583, 544, 3, 3, 32.00, '2014-12-11', 1, 1, 'P', 'N', 1),
(584, 545, 1, 3, 10.00, '2014-12-10', 1, 1, 'P', 'N', 1),
(585, 546, 3, 3, 17.00, '2014-12-11', 1, 1, 'P', 'N', 1),
(586, 547, 2, 3, 76.83, '2015-01-10', 1, 3, 'D', 'N', 1),
(587, 547, 2, 3, 76.83, '2015-02-10', 2, 3, 'D', 'N', 1),
(588, 547, 2, 3, 76.83, '2015-03-10', 3, 3, 'D', 'N', 1),
(589, 548, 3, 3, 35.10, '2014-12-11', 1, 1, 'P', 'N', 1),
(590, 549, 1, 3, 14.00, '2014-12-10', 1, 1, 'P', 'N', 1),
(591, 550, 1, 3, 12.00, '2014-12-10', 1, 1, 'P', 'N', 1),
(592, 551, 1, 3, 60.00, '2014-12-10', 1, 1, 'P', 'N', 1),
(593, 552, 1, 3, 13.45, '2014-12-10', 1, 1, 'P', 'N', 1),
(594, 553, 7, 3, 30.00, '2015-01-10', 1, 1, 'P', 'N', 1),
(595, 554, 7, 16, 26.90, '2015-01-10', 1, 1, 'D', 'N', 1),
(596, 555, 3, 3, 6.50, '2014-12-11', 1, 1, 'P', 'N', 1),
(597, 556, 2, 3, 280.15, '2015-01-10', 1, 1, 'D', 'N', 1),
(598, 557, 1, 3, 185.00, '2014-12-10', 1, 1, 'P', 'N', 1),
(599, 558, 1, 3, 7.00, '2014-12-10', 1, 1, 'P', 'N', 1),
(600, 559, 1, 3, 24.80, '2014-12-10', 1, 1, 'P', 'N', 1),
(601, 560, 1, 3, 39.30, '2014-12-10', 1, 1, 'P', 'N', 1),
(602, 561, 1, 3, 75.00, '2014-12-11', 1, 1, 'P', 'N', 1),
(603, 562, 1, 3, 2.70, '2014-12-11', 1, 1, 'P', 'N', 1),
(604, 563, 1, 3, 7.30, '2014-12-11', 1, 1, 'P', 'N', 1),
(605, 564, 1, 3, 69.30, '2014-12-11', 1, 1, 'P', 'N', 1),
(606, 565, 1, 3, 54.20, '2014-12-11', 1, 1, 'P', 'N', 1),
(607, 566, 3, 3, 21.20, '2014-12-12', 1, 1, 'P', 'N', 1),
(608, 567, 1, 3, 5.00, '2014-12-11', 1, 1, 'P', 'N', 1),
(609, 568, 3, 3, 36.25, '2014-12-12', 1, 1, 'P', 'N', 1),
(610, 569, 1, 3, 17.90, '2014-12-11', 1, 1, 'P', 'N', 1),
(611, 570, 1, 3, 16.30, '2014-12-11', 1, 1, 'P', 'N', 1),
(612, 571, 7, 3, 3.75, '2015-01-11', 1, 1, 'D', 'N', 1),
(613, 572, 1, 3, 24.00, '2014-12-11', 1, 1, 'P', 'N', 1),
(614, 573, 1, 3, 130.00, '2014-12-11', 1, 1, 'P', 'N', 1),
(615, 574, 1, 3, 24.00, '2014-12-11', 1, 1, 'P', 'N', 1),
(616, 575, 1, 3, 3.80, '2014-12-11', 1, 1, 'P', 'N', 1),
(617, 576, 3, 3, 155.00, '2014-12-12', 1, 1, 'P', 'N', 1),
(618, 577, 1, 3, 81.50, '2014-12-11', 1, 1, 'P', 'N', 1),
(619, 578, 1, 9, 44.00, '2014-12-11', 1, 1, 'P', 'N', 1),
(620, 579, 3, 3, 256.30, '2014-12-12', 1, 1, 'P', 'N', 1),
(621, 308, 1, 3, 10.00, '2014-12-12', 1, 1, 'P', 'N', 1),
(622, 581, 1, 3, 78.90, '2014-12-12', 1, 1, 'P', 'N', 1),
(623, 582, 1, 3, 110.00, '2014-12-12', 1, 1, 'P', 'N', 1),
(624, 582, 1, 3, 110.00, '2014-12-12', 1, 1, 'P', 'N', 1),
(625, 583, 1, 3, 145.00, '2014-12-12', 1, 1, 'P', 'N', 1),
(626, 584, 1, 0, 14.10, '2014-12-12', 1, 1, 'P', 'N', 1),
(627, 585, 3, 3, 7.90, '2014-12-13', 1, 1, 'P', 'N', 1),
(628, 586, 7, 3, 98.25, '2015-01-12', 1, 1, 'P', 'N', 1),
(629, 587, 1, 0, 83.15, '2014-12-12', 1, 1, 'P', 'N', 1),
(630, 588, 7, 3, 198.50, '2015-01-12', 1, 1, 'P', 'N', 1),
(631, 589, 1, 3, 125.00, '2014-12-12', 1, 1, 'P', 'N', 1),
(632, 590, 2, 3, 82.00, '2015-01-13', 1, 1, 'D', 'N', 1),
(633, 591, 1, 3, 30.00, '2014-12-13', 1, 1, 'P', 'N', 1),
(634, 592, 1, 0, 5.00, '2014-12-13', 1, 1, 'P', 'N', 1),
(635, 593, 1, 3, 24.00, '2014-12-13', 1, 1, 'P', 'N', 1),
(636, 594, 1, 0, 60.00, '2014-12-13', 1, 1, 'P', 'N', 1),
(637, 595, 1, 3, 391.55, '2014-12-13', 1, 1, 'P', 'N', 1),
(638, 596, 3, 3, 34.00, '2014-12-14', 1, 1, 'P', 'N', 1),
(639, 597, 3, 3, 240.00, '2014-12-14', 1, 1, 'P', 'N', 1),
(640, 598, 3, 3, 165.00, '2014-12-14', 1, 1, 'P', 'N', 1),
(641, 599, 1, 0, 124.00, '2014-12-13', 1, 1, 'P', 'N', 1),
(642, 580, 1, 3, 3.75, '2014-12-15', 1, 1, 'P', 'N', 1),
(643, 601, 1, 3, 10.00, '2014-12-15', 1, 1, 'P', 'N', 1),
(644, 602, 1, 3, 30.00, '2014-12-15', 1, 1, 'P', 'N', 1),
(645, 603, 3, 3, 90.00, '2014-12-16', 1, 1, 'P', 'N', 1),
(646, 604, 1, 3, 127.00, '2014-12-15', 1, 1, 'P', 'N', 1),
(647, 605, 1, 3, 30.00, '2014-12-15', 1, 1, 'P', 'N', 1),
(648, 606, 3, 3, 6.00, '2014-12-15', 1, 1, 'P', 'N', 1),
(649, 606, 3, 3, 10.00, '2014-12-16', 1, 1, 'P', 'N', 1),
(650, 607, 1, 3, 39.30, '2014-12-15', 1, 1, 'P', 'N', 1),
(651, 608, 1, 3, 26.90, '2014-12-15', 1, 1, 'P', 'N', 1),
(652, 609, 1, 3, 8.50, '2014-12-15', 1, 1, 'P', 'N', 1),
(653, 610, 1, 3, 36.00, '2014-12-15', 1, 1, 'P', 'N', 1),
(654, 611, 7, 3, 10.50, '2015-01-15', 1, 1, 'P', 'N', 1),
(655, 612, 1, 3, 40.00, '2014-12-15', 1, 1, 'P', 'N', 1),
(656, 613, 1, 3, 69.30, '2014-12-15', 1, 1, 'P', 'N', 1),
(657, 614, 7, 14, 241.15, '2015-01-15', 1, 1, 'D', 'N', 1),
(658, 615, 3, 3, 28.50, '2014-12-17', 1, 1, 'P', 'N', 1),
(659, 616, 1, 3, 2.70, '2014-12-16', 1, 1, 'P', 'N', 1),
(660, 617, 3, 3, 32.80, '2014-12-17', 1, 1, 'P', 'N', 1),
(661, 618, 3, 3, 61.00, '2014-12-17', 1, 1, 'P', 'N', 1),
(662, 619, 1, 3, 15.60, '2014-12-16', 1, 1, 'P', 'N', 1),
(663, 620, 3, 3, 80.10, '2014-12-17', 1, 1, 'P', 'N', 1),
(664, 621, 3, 3, 58.95, '2014-12-17', 1, 1, 'P', 'N', 1),
(665, 622, 7, 3, 14.00, '2015-01-16', 1, 1, 'D', 'N', 1),
(666, 623, 7, 3, 2.30, '2015-01-16', 1, 1, 'D', 'N', 1),
(667, 624, 1, 3, 124.00, '2014-12-16', 1, 1, 'P', 'N', 1),
(668, 625, 3, 3, 22.75, '2014-12-17', 1, 1, 'P', 'N', 1),
(669, 626, 7, 16, 13.45, '2015-01-16', 1, 1, 'D', 'N', 1),
(670, 627, 1, 3, 7.30, '2014-12-16', 1, 1, 'P', 'N', 1),
(671, 628, 1, 3, 14.35, '2014-12-16', 1, 1, 'P', 'N', 1),
(672, 629, 7, 3, 21.55, '2015-01-16', 1, 1, 'D', 'N', 1),
(673, 630, 1, 3, 41.40, '2014-12-16', 1, 1, 'P', 'N', 1),
(674, 631, 7, 16, 309.20, '2015-01-16', 1, 1, 'D', 'N', 1),
(675, 632, 1, 3, 10.00, '2014-12-16', 1, 1, 'P', 'N', 1),
(676, 633, 7, 3, 42.90, '2015-01-16', 1, 1, 'D', 'N', 1),
(677, 634, 7, 3, 19.00, '2015-01-17', 1, 1, 'D', 'N', 1),
(678, 635, 1, 3, 17.25, '2014-12-17', 1, 1, 'P', 'N', 1),
(679, 636, 1, 3, 8.00, '2014-12-17', 1, 1, 'P', 'N', 1),
(680, 637, 1, 3, 40.00, '2014-12-17', 1, 1, 'P', 'N', 1),
(681, 638, 1, 3, 50.00, '2014-12-17', 1, 1, 'P', 'N', 1),
(682, 639, 1, 3, 30.00, '2014-12-17', 1, 1, 'P', 'N', 1),
(683, 640, 2, 3, 68.00, '2015-01-17', 1, 1, 'D', 'N', 1),
(684, 641, 1, 3, 38.00, '2014-12-17', 1, 1, 'P', 'N', 1),
(685, 642, 1, 3, 21.40, '2014-12-17', 1, 1, 'P', 'N', 1),
(686, 643, 1, 3, 27.00, '2014-12-17', 1, 1, 'P', 'N', 1),
(687, 644, 1, 3, 13.00, '2014-12-17', 1, 1, 'P', 'N', 1),
(688, 645, 1, 3, 35.00, '2014-12-17', 1, 1, 'P', 'N', 1),
(689, 646, 1, 3, 16.00, '2014-12-18', 1, 1, 'P', 'N', 1),
(690, 647, 3, 3, 15.50, '2014-12-19', 1, 1, 'P', 'N', 1),
(691, 648, 1, 3, 183.00, '2014-12-18', 1, 1, 'P', 'N', 1),
(692, 649, 7, 3, 75.24, '2015-01-18', 1, 1, 'D', 'N', 1),
(693, 650, 1, 3, 3.20, '2014-12-18', 1, 1, 'P', 'N', 1),
(694, 651, 2, 3, 120.75, '2015-01-18', 1, 1, 'D', 'N', 1),
(695, 652, 1, 3, 10.00, '2014-12-18', 1, 1, 'P', 'N', 1),
(696, 653, 1, 3, 44.30, '2014-12-18', 1, 1, 'P', 'N', 1),
(697, 654, 6, 12, 255.00, '2015-01-18', 1, 1, 'D', 'N', 1),
(698, 655, 1, 3, 14.00, '2014-12-18', 1, 1, 'P', 'N', 1),
(699, 656, 1, 3, 2.00, '2014-12-18', 1, 1, 'P', 'N', 1),
(700, 657, 1, 3, 50.00, '2014-12-18', 1, 1, 'P', 'N', 1),
(701, 658, 1, 3, 42.00, '2014-12-18', 1, 1, 'P', 'N', 1),
(702, 659, 1, 3, 15.25, '2014-12-18', 1, 1, 'P', 'N', 1),
(703, 660, 1, 3, 23.90, '2014-12-18', 1, 1, 'P', 'N', 1),
(704, 661, 1, 3, 35.80, '2014-12-18', 1, 1, 'P', 'N', 1),
(705, 662, 1, 3, 30.00, '2014-12-18', 1, 1, 'P', 'N', 1),
(706, 663, 3, 3, 7.90, '2014-12-19', 1, 1, 'P', 'N', 1),
(707, 664, 1, 3, 3.50, '2014-12-18', 1, 1, 'P', 'N', 1),
(708, 665, 2, 3, 79.77, '2015-01-18', 1, 3, 'D', 'N', 1),
(709, 665, 2, 3, 79.77, '2015-02-18', 2, 3, 'D', 'N', 1),
(710, 665, 2, 3, 79.77, '2015-03-18', 3, 3, 'D', 'N', 1),
(711, 665, 2, 3, 79.77, '2015-01-18', 1, 3, 'D', 'N', 1),
(712, 665, 2, 3, 79.77, '2015-02-18', 2, 3, 'D', 'N', 1),
(713, 665, 2, 3, 79.77, '2015-03-18', 3, 3, 'D', 'N', 1),
(714, 666, 2, 3, 211.73, '2015-01-18', 1, 1, 'D', 'N', 1),
(715, 666, 3, 3, 211.73, '2014-12-19', 1, 1, 'P', 'N', 1),
(716, 666, 3, 3, 201.00, '2014-12-19', 1, 1, 'P', 'N', 1),
(717, 667, 1, 3, 8.00, '2014-12-18', 1, 1, 'P', 'N', 1),
(718, 668, 1, 3, 20.00, '2014-12-19', 1, 1, 'P', 'N', 1),
(719, 669, 1, 3, 6.40, '2014-12-19', 1, 1, 'P', 'N', 1),
(720, 670, 3, 3, 22.00, '2014-12-20', 1, 1, 'P', 'N', 1),
(721, 671, 7, 3, 53.80, '2015-01-19', 1, 1, 'D', 'N', 1),
(722, 672, 1, 3, 58.95, '2014-12-19', 1, 1, 'P', 'N', 1),
(723, 673, 1, 3, 10.00, '2014-12-19', 1, 1, 'P', 'N', 1),
(724, 674, 2, 3, 11.00, '2015-01-19', 1, 1, 'D', 'N', 1),
(725, 675, 1, 3, 7.50, '2014-12-19', 1, 1, 'P', 'N', 1),
(726, 676, 3, 3, 20.80, '2014-12-20', 1, 1, 'P', 'N', 1),
(727, 677, 1, 3, 93.00, '2014-12-19', 1, 1, 'P', 'N', 1),
(728, 678, 3, 3, 100.00, '2014-12-20', 1, 1, 'P', 'N', 1),
(729, 679, 1, 3, 17.00, '2014-12-19', 1, 1, 'P', 'N', 1),
(730, 680, 1, 3, 13.00, '2014-12-19', 1, 1, 'P', 'N', 1),
(731, 681, 1, 3, 21.00, '2014-12-19', 1, 1, 'P', 'N', 1),
(732, 682, 3, 3, 78.00, '2014-12-20', 1, 1, 'P', 'N', 1),
(733, 683, 1, 3, 190.00, '2014-12-19', 1, 1, 'P', 'N', 1),
(734, 684, 7, 3, 10.00, '2015-01-19', 1, 1, 'D', 'N', 1),
(735, 685, 7, 14, 338.48, '2015-01-19', 1, 1, 'D', 'N', 1),
(736, 686, 7, 3, 319.60, '2015-01-19', 1, 1, 'D', 'N', 1),
(737, 687, 1, 3, 7.80, '2014-12-19', 1, 1, 'P', 'N', 1),
(738, 688, 1, 3, 3.00, '2014-12-20', 1, 1, 'P', 'N', 1),
(739, 689, 1, 3, 10.00, '2014-12-20', 1, 1, 'P', 'N', 1),
(740, 690, 3, 3, 46.60, '2014-12-21', 1, 1, 'P', 'N', 1),
(741, 691, 3, 3, 43.00, '2014-12-21', 1, 1, 'P', 'N', 1),
(742, 692, 1, 3, 57.00, '2014-12-20', 1, 1, 'P', 'N', 1),
(743, 693, 3, 3, 26.00, '2014-12-21', 1, 1, 'P', 'N', 1),
(744, 694, 1, 3, 2.50, '2014-12-20', 1, 1, 'P', 'N', 1),
(745, 695, 1, 3, 19.40, '2014-12-20', 1, 1, 'P', 'N', 1),
(746, 696, 2, 3, 46.00, '2015-01-20', 1, 1, 'D', 'N', 1),
(747, 697, 1, 3, 30.00, '2014-12-20', 1, 1, 'P', 'N', 1),
(748, 698, 1, 3, 32.20, '2014-12-20', 1, 1, 'P', 'N', 1),
(749, 699, 3, 3, 22.80, '2014-12-21', 1, 1, 'P', 'N', 1),
(750, 600, 3, 3, 130.00, '2014-12-21', 1, 1, 'P', 'N', 1),
(751, 701, 3, 0, 28.90, '2014-12-21', 1, 1, 'P', 'N', 1),
(752, 702, 3, 3, 115.45, '2014-12-21', 1, 1, 'P', 'N', 1),
(753, 703, 1, 3, 13.45, '2014-12-21', 1, 1, 'P', 'N', 1),
(754, 704, 1, 0, 82.70, '2014-12-21', 1, 1, 'P', 'N', 1),
(755, 705, 1, 3, 130.00, '2014-12-21', 1, 1, 'P', 'N', 1),
(756, 706, 1, 3, 80.00, '2014-12-21', 1, 1, 'P', 'N', 1),
(757, 707, 3, 3, 34.00, '2014-12-22', 1, 1, 'D', 'N', 1),
(758, 700, 1, 3, 24.00, '2014-12-22', 1, 1, 'P', 'N', 1),
(759, 708, 1, 3, 8.50, '2014-12-22', 1, 1, 'P', 'N', 1),
(760, 709, 1, 3, 2.00, '2014-12-22', 1, 1, 'P', 'N', 1),
(761, 710, 3, 3, 147.00, '2014-12-23', 1, 1, 'D', 'N', 1),
(762, 711, 1, 3, 19.50, '2014-12-22', 1, 1, 'P', 'N', 1),
(763, 712, 1, 3, 1.90, '2014-12-22', 1, 1, 'P', 'N', 1),
(764, 713, 3, 3, 158.00, '2014-12-23', 1, 1, 'D', 'N', 1),
(765, 714, 1, 3, 111.30, '2014-12-22', 1, 1, 'P', 'N', 1),
(766, 715, 1, 3, 17.00, '2014-12-22', 1, 1, 'P', 'N', 1),
(767, 716, 1, 3, 120.00, '2014-12-22', 1, 1, 'P', 'N', 1),
(768, 717, 1, 3, 21.85, '2014-12-22', 1, 1, 'P', 'N', 1),
(769, 718, 1, 3, 76.55, '2014-12-22', 1, 1, 'P', 'N', 1),
(770, 719, 1, 3, 47.90, '2014-12-22', 1, 1, 'P', 'N', 1),
(771, 720, 1, 3, 0.90, '2014-12-23', 1, 1, 'P', 'N', 1),
(772, 721, 3, 3, 58.50, '2014-12-24', 1, 1, 'D', 'N', 1),
(773, 722, 1, 3, 7.80, '2014-12-23', 1, 1, 'P', 'N', 1),
(774, 723, 1, 3, 16.00, '2014-12-23', 1, 1, 'P', 'N', 1),
(775, 724, 1, 3, 18.00, '2014-12-23', 1, 1, 'P', 'N', 1),
(776, 725, 1, 3, 60.00, '2014-12-23', 1, 1, 'P', 'N', 1),
(777, 726, 1, 3, 21.85, '2014-12-23', 1, 1, 'P', 'N', 1),
(778, 727, 3, 3, 8.50, '2014-12-24', 1, 1, 'D', 'N', 1),
(779, 728, 1, 3, 17.50, '2014-12-23', 1, 1, 'P', 'N', 1),
(780, 729, 1, 3, 25.00, '2014-12-23', 1, 1, 'P', 'N', 1),
(781, 730, 3, 3, 100.00, '2014-12-24', 1, 1, 'D', 'N', 1),
(782, 731, 1, 3, 29.80, '2014-12-23', 1, 1, 'P', 'N', 1),
(783, 732, 1, 3, 20.00, '2014-12-23', 1, 1, 'P', 'N', 1),
(784, 734, 1, 3, 3.80, '2014-12-23', 1, 1, 'P', 'N', 1),
(785, 733, 1, 3, 16.20, '2014-12-24', 1, 1, 'P', 'N', 1),
(786, 736, 1, 3, 98.70, '2014-12-24', 1, 1, 'P', 'N', 1),
(787, 737, 3, 3, 10.00, '2014-12-25', 1, 1, 'D', 'N', 1),
(788, 738, 1, 3, 23.00, '2014-12-24', 1, 1, 'P', 'N', 1),
(789, 739, 3, 3, 19.60, '2014-12-25', 1, 1, 'D', 'N', 1),
(790, 740, 1, 3, 42.00, '2014-12-24', 1, 1, 'P', 'N', 1),
(791, 741, 1, 3, 10.00, '2014-12-24', 1, 1, 'P', 'N', 1),
(792, 742, 1, 3, 19.60, '2014-12-24', 1, 1, 'P', 'N', 1),
(793, 743, 1, 3, 9.70, '2014-12-26', 1, 1, 'P', 'N', 1),
(794, 744, 1, 3, 20.80, '2014-12-26', 1, 1, 'P', 'N', 1),
(795, 745, 3, 3, 1.50, '2014-12-26', 1, 1, 'P', 'N', 1),
(796, 745, 3, 3, 23.34, '2014-12-27', 1, 1, 'D', 'N', 1),
(797, 746, 3, 3, 17.60, '2014-12-27', 1, 1, 'D', 'N', 1),
(798, 747, 1, 3, 9.35, '2014-12-26', 1, 1, 'P', 'N', 1),
(799, 748, 1, 3, 3.90, '2014-12-26', 1, 1, 'P', 'N', 1),
(800, 749, 1, 3, 50.00, '2014-12-26', 1, 1, 'P', 'N', 1),
(801, 750, 1, 3, 42.00, '2014-12-26', 1, 1, 'P', 'N', 1),
(802, 751, 1, 3, 27.95, '2014-12-26', 1, 1, 'P', 'N', 1),
(803, 752, 3, 3, 20.00, '2014-12-27', 1, 1, 'D', 'N', 1),
(804, 753, 1, 3, 17.00, '2014-12-26', 1, 1, 'P', 'N', 1),
(805, 754, 1, 3, 12.00, '2014-12-26', 1, 1, 'P', 'N', 1),
(806, 755, 6, 12, 40.00, '2015-01-26', 1, 1, 'D', 'N', 1),
(807, 756, 1, 3, 24.00, '2014-12-26', 1, 1, 'P', 'N', 1),
(808, 757, 1, 3, 15.50, '2014-12-26', 1, 1, 'P', 'N', 1),
(809, 758, 1, 3, 19.95, '2014-12-26', 1, 1, 'P', 'N', 1),
(810, 759, 1, 3, 4.90, '2014-12-26', 1, 1, 'P', 'N', 1),
(811, 760, 1, 3, 41.80, '2014-12-26', 1, 1, 'P', 'N', 1),
(812, 761, 1, 3, 3.90, '2014-12-26', 1, 1, 'P', 'N', 1),
(813, 762, 1, 3, 10.00, '2014-12-26', 1, 1, 'P', 'N', 1),
(814, 735, 3, 3, 100.00, '2014-12-27', 1, 1, 'P', 'N', 1),
(815, 735, 3, 3, 98.60, '2014-12-28', 1, 1, 'D', 'N', 1),
(816, 764, 1, 3, 7.45, '2014-12-27', 1, 1, 'P', 'N', 1),
(817, 765, 2, 3, 32.65, '2015-01-27', 1, 1, 'D', 'N', 1),
(818, 766, 1, 3, 2.30, '2014-12-27', 1, 1, 'P', 'N', 1),
(819, 767, 1, 3, 1.30, '2014-12-27', 1, 1, 'P', 'N', 1),
(820, 768, 1, 3, 12.00, '2014-12-27', 1, 1, 'P', 'N', 1),
(821, 769, 1, 3, 24.95, '2014-12-27', 1, 1, 'P', 'N', 1),
(822, 770, 3, 3, 53.70, '2014-12-28', 1, 1, 'D', 'N', 1),
(823, 771, 1, 3, 5.00, '2014-12-27', 1, 1, 'P', 'N', 1),
(824, 772, 3, 3, 20.80, '2014-12-28', 1, 1, 'D', 'N', 1);

-- --------------------------------------------------------

--
-- Estrutura para tabela `retiradas`
--

CREATE TABLE IF NOT EXISTS `retiradas` (
`retiradaID` int(11) NOT NULL,
  `caixaID` int(11) NOT NULL,
  `usuario` varchar(50) NOT NULL,
  `responsavel` varchar(50) NOT NULL,
  `valor` float(10,2) NOT NULL,
  `observacao` text NOT NULL,
  `data` timestamp NOT NULL DEFAULT CURRENT_TIMESTAMP ON UPDATE CURRENT_TIMESTAMP,
  `empresaID` int(11) NOT NULL
) ENGINE=InnoDB  DEFAULT CHARSET=latin1 AUTO_INCREMENT=105 ;

--
-- Fazendo dump de dados para tabela `retiradas`
--

INSERT INTO `retiradas` (`retiradaID`, `caixaID`, `usuario`, `responsavel`, `valor`, `observacao`, `data`, `empresaID`) VALUES
(1, 64, 'francis', 'Francis Daniele Maciel da Silva', 5.00, 'inteirei pro panfleto ', '2014-09-09 20:18:08', 1),
(2, 71, 'francis', 'Francis Daniele Maciel da Silva', 31.00, 'Manasses tiro para poder trocar o dinheiro e deu uma diminuída. ', '2014-09-13 12:34:01', 1),
(3, 73, 'francis', 'Francis Daniele Maciel da Silva', 10.00, 'manasses  inteirou pagamento francis ', '2014-09-16 20:58:35', 1),
(4, 80, 'francis', 'Francis Daniele Maciel da Silva', 50.00, 'Retirada de Segurança.', '2014-09-18 18:38:30', 1),
(5, 82, 'francis', 'Manassés Maciel de Gois', 10.00, 'Retirada de Segurança.', '2014-09-19 20:12:53', 1),
(6, 85, 'francis', 'Francis Daniele Maciel da Silva', 150.00, 'Retirada de Segurança', '2014-09-22 17:12:07', 1),
(7, 87, 'karoliny', 'Karoliny Fernanda Guilhem', 50.00, 'Senhor Noel retirou', '2014-09-23 13:01:02', 1),
(8, 95, 'karoliny', 'Karoliny Fernanda Guilhem', 10.00, 'Manasses retirou para o pagamento da Karoliny', '2014-09-26 14:27:23', 1),
(9, 96, 'francis', 'Francis Daniele Maciel da Silva', 10.00, 'retirada pro pagamento da Francis', '2014-09-26 20:40:52', 1),
(10, 98, 'manasses', 'Manassés Maciel de Gois', 50.00, 'Noel para compra de material para serviço', '2014-09-29 11:01:05', 1),
(11, 100, 'francis', 'Francis Daniele Maciel da Silva', 45.00, 'gasolina no carro', '2014-09-29 19:13:08', 1),
(12, 106, 'manasses', 'Manassés Maciel de Gois', 200.00, 'Retirada de Segurança.', '2014-10-02 14:23:29', 1),
(13, 113, 'manasses', 'Manassés Maciel de Gois', 5.75, 'deposito Coral', '2014-10-08 17:10:14', 1),
(14, 115, 'manasses', 'Manassés Maciel de Gois', 80.00, 'Deposito itau', '2014-10-09 16:52:50', 1),
(15, 117, 'manasses', 'Manassés Maciel de Gois', 95.00, 'Compra de materiais', '2014-10-10 16:56:17', 1),
(16, 124, 'francis', 'Francis Daniele Maciel da Silva', 46.00, 'tirada para deposito', '2014-10-13 17:29:42', 1),
(17, 124, 'francis', 'Francis Daniele Maciel da Silva', 70.00, 'deposito no banco', '2014-10-13 18:14:27', 1),
(18, 140, 'francis', 'Francis Daniele Maciel da Silva', 5.00, 'pago debora', '2014-10-22 17:32:33', 1),
(19, 145, 'karoliny', 'Karoliny Fernanda Guilhem', 20.00, 'Manasses retirou !', '2014-10-24 13:03:51', 1),
(20, 148, 'francis', 'Francis Daniele Maciel da Silva', 40.00, '20,00 de Álcool e 20,00 para comprar fogos.', '2014-11-01 12:14:14', 1),
(21, 148, 'francis', 'Francis Daniele Maciel da Silva', 17.50, 'algodao doce e picole', '2014-11-01 13:52:13', 1),
(22, 149, 'karoliny', 'Karoliny Fernanda Guilhem', 350.00, 'Manassés retirou !', '2014-11-01 14:24:36', 1),
(23, 149, 'karoliny', 'Karoliny Fernanda Guilhem', 22.00, 'Retirada para pagar o Senhor do picolé ', '2014-11-01 14:33:30', 1),
(24, 150, 'manasses', 'Manassés Maciel de Gois', 50.00, 'Marcos - Vale', '2014-11-01 15:15:11', 1),
(25, 150, 'manasses', 'Manassés Maciel de Gois', 195.00, 'Venda mauricio abatimento na Parati', '2014-11-01 20:23:33', 1),
(26, 152, 'karoliny', 'Karoliny Fernanda Guilhem', 3.60, 'Manassés retirou !', '2014-11-03 14:05:52', 1),
(27, 154, 'francis', 'Francis Daniele Maciel da Silva', 641.30, 'deposito e compra de sacola.', '2014-11-03 20:03:08', 1),
(28, 156, 'manasses', 'Manassés Maciel de Gois', 250.00, 'Compra de acessórios para loja', '2014-11-04 14:14:21', 1),
(29, 156, 'manasses', 'Manassés Maciel de Gois', 30.00, 'Devoluç&#227;o 01 barrica de textura pelo cliente.', '2014-11-04 16:06:21', 1),
(30, 157, 'francis', 'Francis Daniele Maciel da Silva', 12.85, 'lanche da tarde', '2014-11-04 18:49:41', 1),
(31, 162, 'MANASSES', 'Manassés Maciel de Gois', 10.00, 'Adiantamento karol', '2014-11-06 15:04:55', 1),
(32, 163, 'francis', 'Francis Daniele Maciel da Silva', 300.00, 'deposito', '2014-11-06 16:32:30', 1),
(33, 163, 'francis', 'Francis Daniele Maciel da Silva', 8.00, 'compra de material de escritorio', '2014-11-06 17:24:55', 1),
(34, 166, 'francis', 'Francis Daniele Maciel da Silva', 15.00, 'credito no celular do Manásses', '2014-11-07 17:41:01', 1),
(35, 166, 'francis', 'Francis Daniele Maciel da Silva', 50.00, 'paga o técnico da Sky do Manasses', '2014-11-07 19:04:21', 1),
(36, 168, 'francis', 'Francis Daniele Maciel da Silva', 50.00, 'foi dado para tia Márcia ', '2014-11-08 10:23:49', 1),
(37, 168, 'francis', 'Francis Daniele Maciel da Silva', 75.00, 'para pagamento da Francis', '2014-11-08 10:24:16', 1),
(38, 170, 'manasses', 'Manassés Maciel de Gois', 500.00, 'Deposito itau', '2014-11-10 16:06:30', 1),
(39, 172, 'manasses', 'Manassés Maciel de Gois', 15.00, 'Marmita Mano', '2014-11-11 15:41:49', 1),
(40, 173, 'francis', 'Francis Daniele Maciel da Silva', 5.50, 'comprar caderninho e folha ', '2014-11-11 16:48:37', 1),
(41, 173, 'francis', 'Francis Daniele Maciel da Silva', 35.00, 'para comprar corante ', '2014-11-11 18:27:40', 1),
(42, 173, 'francis', 'Francis Daniele Maciel da Silva', 17.00, 'para batata de lanche ', '2014-11-11 19:32:35', 1),
(43, 174, 'manasses', 'Manassés Maciel de Gois', 270.00, 'Deposito conta Distribuidora paulista', '2014-11-12 14:50:27', 1),
(44, 174, 'manasses', 'Manassés Maciel de Gois', 155.00, 'Compra de tinta ', '2014-11-12 17:51:41', 1),
(45, 177, 'manasses', 'Manassés Maciel de Gois', 8.00, 'compra gal&#227;o agua', '2014-11-14 16:11:14', 1),
(46, 178, 'francis', 'Francis Daniele Maciel da Silva', 30.00, 'para compra de lampada e soquete do seu Reinaldo', '2014-11-14 18:45:24', 1),
(47, 178, 'francis', 'Francis Daniele Maciel da Silva', 7.40, 'acerto de diferença de pagamento da Francis ', '2014-11-14 18:53:43', 1),
(48, 179, 'manasses', 'Manassés Maciel de Gois', 11.50, 'Compra de Baygon', '2014-11-15 14:40:19', 1),
(49, 181, 'francis', 'Francis Daniele Maciel da Silva', 10.00, 'conserta carro Noel', '2014-11-17 18:41:39', 1),
(50, 182, 'manasses', 'Manassés Maciel de Gois', 52.50, 'Marmita e anuncio horario onibus.', '2014-11-18 16:00:33', 1),
(51, 184, 'francis', 'Francis Daniele Maciel da Silva', 150.00, 'deposito', '2014-11-18 20:19:15', 1),
(52, 186, 'manasses', 'Manassés Maciel de Gois', 12.50, 'Marmita mano', '2014-11-19 16:09:16', 1),
(53, 187, 'francis', 'Francis Daniele Maciel da Silva', 5.00, 'papelaria', '2014-11-19 19:01:46', 1),
(54, 188, 'manasses', 'Manassés Maciel de Gois', 94.00, 'Produtos de limpeza M&#227;e e da Marcia', '2014-11-20 14:29:47', 1),
(55, 189, 'manasses', 'Francis Daniele Maciel da Silva', 17.00, 'comprar veneno pernelongo e folha sulfite', '2014-11-21 12:04:40', 1),
(56, 189, 'manasses', 'Francis Daniele Maciel da Silva', 200.00, 'deposito', '2014-11-21 19:56:55', 1),
(57, 191, 'francis', 'Francis Daniele Maciel da Silva', 400.00, 'deposito', '2014-11-24 13:09:09', 1),
(58, 193, 'francis', 'Francis Daniele Maciel da Silva', 25.00, 'pagamento guarda noturno', '2014-11-26 10:18:55', 1),
(59, 193, 'francis', 'Francis Daniele Maciel da Silva', 200.00, 'deposito', '2014-11-26 12:08:39', 1),
(60, 193, 'francis', 'Francis Daniele Maciel da Silva', 204.90, 'deposito', '2014-11-26 15:09:49', 1),
(61, 194, 'francis', 'Francis Daniele Maciel da Silva', 10.50, 'papelaria ', '2014-11-27 12:53:20', 1),
(62, 195, 'francis', 'Francis Daniele Maciel da Silva', 230.00, 'deposito', '2014-11-28 10:27:28', 1),
(63, 195, 'francis', 'Francis Daniele Maciel da Silva', 2.00, 'para mulher da lista telefonica', '2014-11-28 13:06:40', 1),
(64, 195, 'francis', 'Francis Daniele Maciel da Silva', 50.00, 'deposito', '2014-11-28 16:53:21', 1),
(65, 195, 'francis', 'Francis Daniele Maciel da Silva', 1.50, 'vo vai dar depois ', '2014-11-28 17:31:29', 1),
(66, 195, 'francis', 'Francis Daniele Maciel da Silva', 300.00, 'deposito', '2014-11-28 17:51:58', 1),
(67, 199, 'francis ', 'Francis Daniele Maciel da Silva', 459.70, 'deposito', '2014-12-03 10:12:45', 1),
(68, 200, 'francis ', 'Francis Daniele Maciel da Silva', 655.60, 'deposito', '2014-12-03 10:19:54', 1),
(69, 200, 'francis', 'Francis Daniele Maciel da Silva', 353.00, 'marmita e deposito', '2014-12-03 13:52:31', 1),
(70, 201, 'francis', 'Francis Daniele Maciel da Silva', 100.00, 'deposito', '2014-12-04 10:06:52', 1),
(71, 201, 'francis', 'Francis Daniele Maciel da Silva', 130.00, 'deposito', '2014-12-04 13:45:00', 1),
(72, 202, 'francis', 'Francis Daniele Maciel da Silva', 10.50, 'marmitex francis', '2014-12-05 13:48:32', 1),
(73, 202, 'francis', 'Francis Daniele Maciel da Silva', 650.00, 'deposito', '2014-12-05 16:56:39', 1),
(74, 202, 'francis', 'Manassés Maciel de Gois', 50.00, 'compra ventilador', '2014-12-05 19:50:00', 1),
(75, 205, 'francis', 'Francis Daniele Maciel da Silva', 20.00, 'por combustível carro do tio mano ', '2014-12-08 12:20:29', 1),
(76, 205, 'francis', 'Francis Daniele Maciel da Silva', 100.00, 'deposito ', '2014-12-08 15:02:29', 1),
(77, 205, 'francis', 'Francis Daniele Maciel da Silva', 9.00, 'comprar agua ', '2014-12-08 19:51:47', 1),
(78, 206, 'francis', 'Francis Daniele Maciel da Silva', 70.00, 'tio retirou', '2014-12-09 11:05:28', 1),
(79, 206, 'francis', 'Francis Daniele Maciel da Silva', 7.00, 'agua', '2014-12-09 13:10:31', 1),
(80, 207, 'francis', 'Francis Daniele Maciel da Silva', 158.00, 'pago a tia mara ', '2014-12-10 13:10:48', 1),
(81, 207, 'francis', 'Francis Daniele Maciel da Silva', 9.00, 'veneno para pernelongo', '2014-12-10 16:24:50', 1),
(82, 207, 'francis', 'Francis Daniele Maciel da Silva', 50.00, 'deposito', '2014-12-10 16:26:39', 1),
(83, 208, 'francis', 'Francis Daniele Maciel da Silva', 100.00, 'Compra de tinta ', '2014-12-11 18:03:54', 1),
(84, 209, 'manasses', 'Manassés Maciel de Gois', 30.00, 'marmitex', '2014-12-12 14:00:05', 1),
(85, 209, 'manasses', 'Manassés Maciel de Gois', 220.25, '80 = compra tinta em campo limpo', '2014-12-12 19:15:36', 1),
(86, 212, 'francis', 'Francis Daniele Maciel da Silva', 35.00, 'mamitex', '2014-12-15 14:30:51', 1),
(87, 213, 'francis', 'Francis Daniele Maciel da Silva', 100.00, 'deposito', '2014-12-16 14:55:07', 1),
(88, 214, 'francis', 'Francis Daniele Maciel da Silva', 100.00, 'deposito', '2014-12-17 13:38:45', 1),
(89, 214, 'francis', 'Francis Daniele Maciel da Silva', 7.15, 'comprar copo', '2014-12-17 16:37:13', 1),
(90, 214, 'francis', 'Francis Daniele Maciel da Silva', 15.00, 'lache da tarde ', '2014-12-17 19:56:46', 1),
(91, 215, 'francis', 'Francis Daniele Maciel da Silva', 250.00, 'deposito', '2014-12-18 13:59:59', 1),
(92, 215, 'francis', 'Francis Daniele Maciel da Silva', 150.00, 'deposito', '2014-12-18 17:13:34', 1),
(93, 215, 'francis', 'Francis Daniele Maciel da Silva', 50.00, 'deposito', '2014-12-18 17:56:37', 1),
(94, 216, 'francis', 'Francis Daniele Maciel da Silva', 200.00, 'deposito', '2014-12-19 16:05:08', 1),
(95, 216, 'francis', 'Francis Daniele Maciel da Silva', 250.00, 'deposito', '2014-12-19 18:23:02', 1),
(96, 220, 'francis', 'Francis Daniele Maciel da Silva', 150.00, 'deposito', '2014-12-22 14:30:37', 1),
(97, 220, 'francis', 'Francis Daniele Maciel da Silva', 68.00, 'ventilador  copos ', '2014-12-22 19:55:28', 1),
(98, 221, 'francis', 'Francis Daniele Maciel da Silva', 25.00, 'guarda ', '2014-12-23 13:59:06', 1),
(99, 221, 'francis', 'Francis Daniele Maciel da Silva', 250.00, 'deposito', '2014-12-23 14:51:53', 1),
(100, 221, 'francis', 'Francis Daniele Maciel da Silva', 3.00, 'vo pegou', '2014-12-23 15:48:33', 1),
(101, 223, 'francis', 'Francis Daniele Maciel da Silva', 200.00, 'deposito', '2014-12-24 12:32:06', 1),
(102, 224, 'francis', 'Francis Daniele Maciel da Silva', 11.40, 'veneno para pernelongo e veja ', '2014-12-26 11:12:08', 1),
(103, 224, 'francis', 'Francis Daniele Maciel da Silva', 7.50, 'produto de limpeza ', '2014-12-26 14:56:38', 1),
(104, 224, 'francis', 'Francis Daniele Maciel da Silva', 12.00, 'credito cliente', '2014-12-26 15:29:44', 1);

-- --------------------------------------------------------

--
-- Estrutura para tabela `retiradasestoque`
--

CREATE TABLE IF NOT EXISTS `retiradasestoque` (
`retiradaID` int(11) NOT NULL,
  `produtoID` int(11) NOT NULL,
  `quantidade` float(10,2) NOT NULL,
  `motivo` text NOT NULL,
  `usuario` varchar(100) NOT NULL,
  `data` timestamp NOT NULL DEFAULT CURRENT_TIMESTAMP ON UPDATE CURRENT_TIMESTAMP,
  `empresaID` int(11) NOT NULL
) ENGINE=InnoDB  DEFAULT CHARSET=latin1 AUTO_INCREMENT=179 ;

--
-- Fazendo dump de dados para tabela `retiradasestoque`
--

INSERT INTO `retiradasestoque` (`retiradaID`, `produtoID`, `quantidade`, `motivo`, `usuario`, `data`, `empresaID`) VALUES
(1, 504, 37.00, 'Sr. Noel que retirou !', '17', '2014-07-14 11:41:50', 1),
(2, 506, 13.00, 'Sr. Noel que retirou !', '17', '2014-07-14 11:50:56', 1),
(3, 507, 7.00, 'Sr. Noel que retirou !', '17', '2014-07-14 11:52:43', 1),
(4, 508, 1.00, 'Sr. Noel que retirou !', '17', '2014-07-14 11:56:14', 1),
(5, 509, 9.00, 'Sr. Noel que retirou !', '17', '2014-07-14 11:59:32', 1),
(6, 508, 3.00, 'Aplicaç&#227;o na parede da cliente Sueli', '17', '2014-07-14 20:32:33', 1),
(7, 506, 4.00, 'Aplicaç&#227;o na parede da cliente Sueli', '17', '2014-07-14 20:33:05', 1),
(8, 483, 1.00, 'Aplicaç&#227;o na parede da cliente Sueli', '17', '2014-07-14 20:34:25', 1),
(9, 473, 3.00, 'Aplicaç&#227;o na parede da cliente Sueli', '17', '2014-07-16 18:37:08', 1),
(10, 473, 10.00, 'VENDAS(vendido 3 so )', '16', '2014-07-19 14:04:18', 1),
(11, 523, 1.00, 'Senhor noel que retirou !', '17', '2014-07-22 19:30:16', 1),
(12, 524, 1.00, 'Senhor noel que retirou !', '17', '2014-07-22 19:30:35', 1),
(13, 506, 4.00, 'Sr. Noel que retirou !', '16', '2014-07-29 17:29:30', 1),
(14, 508, 3.00, 'Sr. Noel que retirou !', '16', '2014-07-29 17:29:52', 1),
(15, 507, 11.00, '   ', '16', '2014-07-31 20:06:30', 1),
(16, 506, 11.00, '    ', '16', '2014-07-31 20:08:50', 1),
(17, 473, 2.00, '  ', '16', '2014-07-31 20:10:43', 1),
(18, 468, 4.00, '   ', '16', '2014-07-31 20:11:37', 1),
(19, 509, 2.00, '    ', '16', '2014-07-31 20:14:31', 1),
(20, 471, 1.00, '   ', '16', '2014-07-31 20:16:53', 1),
(21, 470, 3.00, '   ', '16', '2014-07-31 20:18:01', 1),
(22, 506, 3.00, 'Retirada para serviços da Sueli', '16', '2014-08-01 19:37:44', 1),
(23, 510, 2.00, 'Trabalho da sueli', '16', '2014-08-01 20:20:36', 1),
(24, 523, 2.00, 'Um para a Debora ', '16', '2014-08-01 20:21:27', 1),
(25, 474, 2.00, 'Serviço da sueli', '16', '2014-08-01 20:26:04', 1),
(26, 527, 1.00, 'vendido', '16', '2014-08-06 20:43:30', 1),
(27, 468, 15.00, 'Vendidas para o senhor Orlando', '17', '2014-08-11 11:46:17', 1),
(28, 534, 5.00, 'vendido', '16', '2014-08-11 18:23:47', 1),
(29, 525, 1.00, 'Senhor Noel que retirou', '17', '2014-08-12 11:34:26', 1),
(30, 574, 1.00, 'Compra do senhor Orlando', '17', '2014-08-13 14:10:25', 1),
(31, 550, 3.00, 'Compra do senhor Orlando', '17', '2014-08-13 14:11:17', 1),
(32, 535, 1.00, 'Compra do senhor Orlando', '17', '2014-08-13 14:11:41', 1),
(33, 575, 1.00, 'Compra do senhor Orlando', '17', '2014-08-13 14:15:37', 1),
(34, 583, 1.00, 'Venda do Manassés', '17', '2014-08-22 15:22:06', 1),
(35, 587, 1.00, 'Venda do Manassés', '17', '2014-08-22 15:23:23', 1),
(36, 566, 1.00, 'Venda do Manassés', '17', '2014-08-22 15:26:11', 1),
(37, 508, 1.00, 'Venda do Manassés', '17', '2014-08-22 15:30:18', 1),
(38, 553, 2.00, 'Venda do Manassés', '17', '2014-08-22 15:33:19', 1),
(39, 508, 1.00, 'Retirado para a contruç&#227;o da casa do sogro do Manassés', '17', '2014-08-25 13:26:48', 1),
(40, 592, 1.00, 'Retirado para a contruç&#227;o da casa do sogro do Manassés', '17', '2014-08-25 13:27:41', 1),
(41, 589, 1.00, 'Retirado para a contruç&#227;o da casa do sogro do Manassés', '17', '2014-08-25 13:28:57', 1),
(42, 470, 1.00, 'Retirado para a contruç&#227;o da casa do sogro do Manassés', '17', '2014-08-25 13:30:04', 1),
(43, 536, 1.00, 'Retirado para a contruç&#227;o da casa do sogro do Manassés', '17', '2014-08-25 13:30:50', 1),
(44, 572, 1.00, 'Retirado para a contruç&#227;o da casa do sogro do Manassés', '17', '2014-08-25 13:31:48', 1),
(45, 580, 1.00, 'Retirado para a contruç&#227;o da casa do sogro do Manassés', '17', '2014-08-25 13:33:08', 1),
(46, 582, 1.00, 'Retirado para a contruç&#227;o da casa do sogro do Manassés', '17', '2014-08-25 13:33:33', 1),
(47, 594, 1.00, 'Retirado para a contruç&#227;o da casa do sogro do Manassés', '17', '2014-08-25 13:34:12', 1),
(48, 563, 1.00, 'Retirado para a contruç&#227;o da casa do sogro do Manassés', '17', '2014-08-25 13:36:17', 1),
(49, 553, 1.00, 'Retirado para a contruç&#227;o da casa do sogro do Manassés', '17', '2014-08-25 13:39:43', 1),
(50, 555, 1.00, 'Retirado para a contruç&#227;o da casa do sogro do Manassés', '17', '2014-08-25 13:41:21', 1),
(51, 547, 1.00, 'Retirado para a contruç&#227;o da casa do sogro do Manassés', '17', '2014-08-25 13:41:50', 1),
(52, 470, 1.00, 'Ajuste de Inventario ', '17', '2014-08-27 14:00:06', 1),
(53, 509, 1.00, 'Ajuste de Inventario ', '17', '2014-08-27 14:01:14', 1),
(54, 524, 1.00, 'nao existia no estoque ', '16', '2014-08-27 17:33:45', 1),
(55, 526, 1.00, 'Lata danificada', '16', '2014-08-27 17:35:53', 1),
(56, 510, 1.00, 'a mais no ', '16', '2014-08-27 17:48:28', 1),
(57, 510, 1.00, 'erro no sistema ', '16', '2014-08-27 17:48:53', 1),
(58, 549, 3.00, 'erro no sistema ', '16', '2014-08-27 19:28:25', 1),
(59, 549, 1.00, 'erro no sistema ', '16', '2014-08-27 19:28:47', 1),
(60, 552, 1.00, 'erro no sistema ', '16', '2014-08-27 19:34:44', 1),
(61, 554, 6.00, 'erro no sistema ', '16', '2014-08-27 19:56:04', 1),
(62, 558, 7.00, 'erro no sistema ', '16', '2014-08-27 20:00:46', 1),
(63, 577, 5.00, 'erro no sistema ', '16', '2014-08-27 20:17:58', 1),
(64, 580, 6.00, 'erro no sistema ', '16', '2014-08-27 20:21:29', 1),
(65, 528, 2.00, 'erro no sistema ', '16', '2014-08-28 17:49:23', 1),
(66, 529, 1.00, 'erro no sistema ', '16', '2014-08-28 17:50:20', 1),
(67, 523, 3.00, 'erro no sistema ', '16', '2014-08-28 17:52:05', 1),
(68, 534, 4.00, ' Noel tirou para o coronel ', '16', '2014-08-28 20:24:53', 1),
(69, 532, 1.00, 'vendida para claudio', '16', '2014-08-29 16:08:05', 1),
(70, 535, 1.00, 'vendido para claudio', '16', '2014-08-29 16:09:00', 1),
(71, 572, 1.00, 'vendido para claudio', '16', '2014-08-29 16:10:10', 1),
(72, 532, 1.00, 'Senhor Noel que retirou', '17', '2014-09-01 11:33:07', 1),
(73, 509, 2.00, 'para trabalho', '16', '2014-09-01 17:56:09', 1),
(74, 507, 2.00, 'Venda do Manassés', '16', '2014-09-01 18:06:52', 1),
(75, 534, 1.00, 'vendido', '16', '2014-09-01 18:12:16', 1),
(76, 596, 3.00, 'vendido', '16', '2014-09-01 18:31:47', 1),
(77, 523, 1.00, 'Vendido', '16', '2014-09-01 18:32:52', 1),
(78, 534, 2.00, 'vendido', '16', '2014-09-02 17:38:18', 1),
(79, 523, 1.00, 'vendida', '16', '2014-09-02 17:53:55', 1),
(80, 602, 2.00, 'Senhor Noel fez venda ', '17', '2014-09-03 11:33:52', 1),
(81, 553, 1.00, 'Marcos que retirou ', '17', '2014-09-05 14:31:32', 1),
(82, 561, 1.00, 'Marcos que retirou ', '17', '2014-09-05 14:31:59', 1),
(83, 574, 2.00, 'para serviço da padaria', '16', '2014-09-09 21:02:29', 1),
(84, 534, 2.00, 'para serviço da padaria', '16', '2014-09-09 21:03:10', 1),
(85, 600, 5.00, 'vendido para padaria real ', '16', '2014-09-10 20:32:03', 1),
(86, 519, 1.00, 'Venda do Senhor Noel', '17', '2014-09-11 14:57:43', 1),
(87, 582, 4.00, 'vendido para Dra. Luciana ', '16', '2014-09-12 18:02:17', 1),
(88, 579, 2.00, 'vendido para Dra. Luciana ', '16', '2014-09-12 18:03:13', 1),
(89, 572, 3.00, 'vendido para Dra. Luciana ', '16', '2014-09-12 18:04:02', 1),
(90, 560, 10.00, 'vendido para Dra. Luciana ', '16', '2014-09-12 18:04:34', 1),
(91, 525, 1.00, 'Vendido para o Senhor Mauricio ', '17', '2014-09-16 11:29:43', 1),
(92, 609, 2.00, 'acerto no estoque', '16', '2014-09-16 17:40:16', 1),
(93, 611, 4.00, 'acerto do estoque', '16', '2014-09-16 17:41:19', 1),
(94, 532, 1.00, 'Noel retirou para obra ', '16', '2014-09-17 18:18:03', 1),
(95, 603, 10.00, 'Retirado para pintura da padaria !', '17', '2014-09-22 13:23:38', 1),
(96, 534, 2.00, 'Retirado para pintura da padaria !', '17', '2014-09-22 13:23:59', 1),
(97, 534, 3.00, 'correç&#227;o de estoque', '16', '2014-09-22 19:49:17', 1),
(98, 549, 1.00, 'Nau', '17', '2014-09-23 12:12:29', 1),
(99, 549, 1.00, 'nao existia no estoque ', '17', '2014-09-23 12:12:47', 1),
(100, 593, 1.00, 'Retirada para a obra da cleonice', '17', '2014-09-24 13:43:16', 1),
(101, 527, 1.00, 'Retirada para a obra da cleonice', '17', '2014-09-24 13:43:38', 1),
(102, 563, 1.00, 'Retirada para a obra da cleonice', '17', '2014-09-24 13:45:05', 1),
(103, 630, 1.00, 'Utilizado no serviço da Cliente Cleonice', '20', '2014-09-26 15:11:41', 1),
(104, 550, 1.00, 'Reforma do novo salao', '20', '2014-10-10 16:39:18', 1),
(105, 554, 1.00, 'Reforma do novo salao', '20', '2014-10-10 16:41:11', 1),
(106, 582, 2.00, 'Reforma do novo salao', '20', '2014-10-10 16:42:13', 1),
(107, 542, 3.00, 'Reforma do novo salao', '20', '2014-10-10 16:45:52', 1),
(108, 644, 2.00, 'nova loja', '20', '2014-10-11 10:59:06', 1),
(109, 523, 1.00, 'Manasses q retirou ', '17', '2014-10-18 14:12:00', 1),
(110, 653, 2.00, 'Venda Senhor Mauricio para descontar na parati', '17', '2014-10-18 14:31:17', 1),
(111, 654, 1.00, 'Venda Senhor Mauricio para descontar na parati', '17', '2014-10-20 10:40:57', 1),
(112, 653, 1.00, 'Senhor Noel retirou uso do serviço do Marcio', '17', '2014-10-20 10:45:31', 1),
(113, 539, 2.00, 'retirada para loja nova ', '16', '2014-10-20 18:42:40', 1),
(114, 549, 1.00, 'retirada para loja nova', '16', '2014-10-20 18:43:12', 1),
(115, 606, 1.00, 'Senhor Noel que retirou', '17', '2014-10-22 10:12:22', 1),
(116, 662, 1.00, 'Senhor Noel que retirou', '17', '2014-10-22 10:51:16', 1),
(117, 523, 1.00, 'RETIRADA PARA LOJA NOVA', '16', '2014-10-23 19:54:49', 1),
(118, 534, 2.00, 'Transferido para cor', '20', '2014-11-01 20:09:31', 1),
(119, 721, 1.00, 'Estoque errado', '20', '2014-11-03 13:46:05', 1),
(120, 737, 1.00, 'venda', '16', '2014-11-04 19:14:06', 1),
(121, 640, 1.00, 'vendido', '16', '2014-11-04 19:14:30', 1),
(122, 641, 1.00, 'vendido', '16', '2014-11-04 19:14:48', 1),
(123, 558, 3.00, 'ajuste no sistema', '20', '2014-11-04 19:19:39', 1),
(124, 564, 1.00, 'reajuste de sistema', '20', '2014-11-04 19:24:18', 1),
(125, 561, 2.00, 'reajuste de sistema', '20', '2014-11-04 19:26:28', 1),
(126, 560, 9.00, 'reajuste de sistema', '20', '2014-11-04 19:29:23', 1),
(127, 563, 4.00, 'reajuste de sistema', '20', '2014-11-04 19:34:56', 1),
(128, 719, 1.00, 'Retirada pra encomenda 1', '17', '2014-11-05 12:08:50', 1),
(129, 734, 1.00, 'ajuste no estoque ', '16', '2014-11-05 17:30:37', 1),
(130, 735, 1.00, 'ajuste no estoque', '16', '2014-11-05 17:33:08', 1),
(131, 681, 1.00, 'ajuste de estoque ', '16', '2014-11-05 17:34:11', 1),
(132, 523, 2.00, 'Acerto do Estoque Inventário', '16', '2014-11-05 17:51:40', 1),
(133, 609, 1.00, 'retirada para serviço Noel', '16', '2014-11-05 18:15:01', 1),
(134, 610, 1.00, 'Acerto do Estoque Inventário', '20', '2014-11-06 15:50:02', 1),
(135, 579, 1.00, 'Acerto do Estoque Inventário', '20', '2014-11-06 15:50:40', 1),
(136, 581, 2.00, 'Acerto do Estoque Inventário', '20', '2014-11-06 15:51:36', 1),
(137, 524, 1.00, 'para serviço Noel', '16', '2014-11-06 18:32:48', 1),
(138, 654, 1.00, 'Pintor veio troca a peg e pinte, pela coral rende muito ', '17', '2014-11-07 12:10:24', 1),
(139, 535, 1.00, 'acerto do estoque', '16', '2014-11-08 11:14:21', 1),
(140, 738, 2.00, 'Venda por encomenda', '20', '2014-11-08 11:54:34', 1),
(141, 738, 2.00, 'Venda por encomenda', '20', '2014-11-08 11:54:41', 1),
(142, 583, 2.00, 'ajuste no estoque ', '16', '2014-11-08 13:12:03', 1),
(143, 718, 1.00, 'Correç&#227;o de estoque', '20', '2014-11-09 20:46:41', 1),
(144, 719, 2.00, 'Pintura nova gondula de acessorios', '20', '2014-11-10 11:05:50', 1),
(145, 666, 1.00, 'Acerto Estoque', '20', '2014-11-10 11:59:34', 1),
(146, 629, 1.00, 'para serviço Noel', '16', '2014-11-10 18:53:32', 1),
(147, 530, 2.00, 'Acerto Estoque', '20', '2014-11-13 10:04:44', 1),
(148, 795, 1.00, 'serviço noel', '16', '2014-11-19 19:04:43', 1),
(149, 610, 1.00, 'Ajuste', '16', '2014-11-21 18:08:01', 1),
(150, 629, 1.00, 'traca', '16', '2014-11-24 17:44:19', 1),
(151, 558, 3.00, 'Rodrigo', '16', '2014-11-24 19:38:07', 1),
(152, 564, 1.00, 'Rodrigo', '16', '2014-11-24 19:38:55', 1),
(153, 863, 1.00, 'ERRO', '16', '2014-11-28 19:30:53', 1),
(154, 780, 1.00, 'troca', '16', '2014-11-28 19:49:51', 1),
(155, 594, 12.00, 'ajuste', '16', '2014-12-01 18:39:13', 1),
(156, 558, 1.00, 'brinde', '16', '2014-12-01 19:42:34', 1),
(157, 567, 1.00, 'ajudte', '16', '2014-12-03 12:51:20', 1),
(158, 613, 2.00, 'ajuste', '16', '2014-12-03 12:52:08', 1),
(159, 793, 4.00, 'ajuste', '16', '2014-12-03 12:52:50', 1),
(160, 573, 1.00, 'ajuste', '16', '2014-12-03 12:54:30', 1),
(161, 538, 1.00, 'troca', '16', '2014-12-04 19:41:31', 1),
(162, 644, 1.00, 'brinde', '16', '2014-12-08 11:31:18', 1),
(163, 566, 1.00, 'vendido', '16', '2014-12-10 17:04:51', 1),
(164, 787, 3.00, 'ajuste', '16', '2014-12-11 14:29:43', 1),
(165, 603, 10.00, 'retirada', '20', '2014-12-11 18:29:45', 1),
(166, 831, 1.00, 'ajuste', '16', '2014-12-15 18:17:01', 1),
(167, 637, 1.00, 'troca', '16', '2014-12-17 13:35:12', 1),
(168, 539, 3.00, 'tio eliseu', '16', '2014-12-18 11:19:33', 1),
(169, 644, 1.00, 'tio eliseu', '16', '2014-12-18 11:20:38', 1),
(170, 613, 1.00, 'tio eleiseu', '16', '2014-12-18 11:21:13', 1),
(171, 507, 2.00, 'troca', '16', '2014-12-19 10:39:41', 1),
(172, 642, 1.00, 'VO NOEL', '16', '2014-12-19 14:03:48', 1),
(173, 903, 1.00, 'troca', '16', '2014-12-19 17:07:14', 1),
(174, 843, 4.00, 'fazer cor grafiato', '16', '2014-12-22 12:24:29', 1),
(175, 801, 1.00, 'fazer cor grafiato', '16', '2014-12-22 12:25:02', 1),
(176, 741, 1.00, 'fazer cor grafiato', '16', '2014-12-22 12:25:27', 1),
(177, 523, 1.00, 'vo usou', '16', '2014-12-22 14:04:11', 1),
(178, 548, 1.00, 'troca', '16', '2014-12-26 13:26:58', 1);

-- --------------------------------------------------------

--
-- Estrutura para tabela `servico`
--

CREATE TABLE IF NOT EXISTS `servico` (
`servicoID` int(11) NOT NULL,
  `clienteID` int(11) NOT NULL,
  `empresaID` int(11) NOT NULL,
  `formPagID` int(11) NOT NULL DEFAULT '0',
  `entrada` float(10,2) NOT NULL DEFAULT '0.00',
  `troco` float(10,2) NOT NULL DEFAULT '0.00',
  `vezes` int(11) NOT NULL DEFAULT '0',
  `desconto` float(10,2) NOT NULL DEFAULT '0.00',
  `descricao` text NOT NULL,
  `dataInicio` date NOT NULL,
  `dataFim` timestamp NOT NULL DEFAULT CURRENT_TIMESTAMP ON UPDATE CURRENT_TIMESTAMP,
  `valor` float(10,2) NOT NULL,
  `usuario` varchar(50) NOT NULL,
  `status` varchar(1) NOT NULL DEFAULT 'M' COMMENT 'M (Em manutenção, em andamento) OU F (Finalizado)',
  `visualizacao` varchar(1) NOT NULL DEFAULT 'N' COMMENT 'S (sim) OU N (não)'
) ENGINE=InnoDB  DEFAULT CHARSET=latin1 AUTO_INCREMENT=874 ;

--
-- Fazendo dump de dados para tabela `servico`
--

INSERT INTO `servico` (`servicoID`, `clienteID`, `empresaID`, `formPagID`, `entrada`, `troco`, `vezes`, `desconto`, `descricao`, `dataInicio`, `dataFim`, `valor`, `usuario`, `status`, `visualizacao`) VALUES
(865, 1, 1, 7, 0.00, 0.00, 1, 0.00, 'Casa 600mt\r\nPintura Total \r\nPintura todos os muros menos edicula', '2014-07-02', '2014-07-02 18:23:02', 668.00, '16', 'F', 'N'),
(866, 1, 1, 1, 10.00, 0.00, 1, 0.00, 'llll', '2014-07-02', '2014-07-02 18:53:03', 10.00, '16', 'F', 'N'),
(867, 2, 1, 1, 104.80, 0.00, 1, 0.00, '1 Selador\r\n1 Lata de 3,600 rende muito Coral\r\n2 Esmalte Brilhante Branco\r\n1 Tinner\r\n2 Esmalte Brilhante Marrom Conhaque\r\n\r\nAplicaç&#227;o por fora nas paredes', '2014-07-14', '2014-09-24 11:26:03', 104.80, '17', 'F', 'S'),
(868, 5, 1, 5, 1500.00, 0.00, 2, 0.00, 'Serviço de Pintura', '2014-09-22', '2014-09-23 17:05:12', 1500.00, '16', 'F', 'N'),
(869, 6, 1, 6, 0.00, 0.00, 3, 0.00, 'Concerto na rede de encanamento, concreto e limpeza em parte do telhado ', '2014-09-24', '2014-10-03 18:17:25', 2838.95, '20', 'F', 'N'),
(870, 10, 1, 2, 0.00, 0.00, 1, 0.00, 'Reforma', '2014-10-01', '2014-10-01 10:52:56', 760.00, '20', 'F', 'N'),
(871, 6, 1, 0, 0.00, 0.00, 0, 0.00, 'Serviço de Pedreiro de Pintura ', '2014-10-03', '2014-12-26 14:42:05', 0.00, '16', 'M', 'N'),
(872, 15, 1, 7, 0.00, 0.00, 3, 0.00, 'Serviços de pedreiro', '2014-11-25', '2014-11-25 13:06:40', 3000.00, '20', 'F', 'N'),
(873, 5, 1, 0, 0.00, 0.00, 0, 0.00, 'Serviço de reforma\r\n - 1 Fundo Preparador\r\n- 5 barrica de grafiato #12\r\n- 1 rend. extra branco 18L\r\n- 9 barrica de grafiato #10', '2014-12-26', '2014-12-26 16:12:56', 256.50, '16', 'M', 'N');

-- --------------------------------------------------------

--
-- Estrutura para tabela `servicofechado`
--

CREATE TABLE IF NOT EXISTS `servicofechado` (
`servicofechadoID` int(11) NOT NULL,
  `servicoID` int(11) NOT NULL,
  `valor` float(10,2) NOT NULL,
  `formPagID` int(11) NOT NULL,
  `usuario` int(11) NOT NULL,
  `data` timestamp NOT NULL DEFAULT CURRENT_TIMESTAMP ON UPDATE CURRENT_TIMESTAMP
) ENGINE=InnoDB  DEFAULT CHARSET=latin1 AUTO_INCREMENT=8 ;

--
-- Fazendo dump de dados para tabela `servicofechado`
--

INSERT INTO `servicofechado` (`servicofechadoID`, `servicoID`, `valor`, `formPagID`, `usuario`, `data`) VALUES
(1, 865, 668.00, 7, 16, '2014-07-02 18:23:02'),
(2, 866, 10.00, 1, 16, '2014-07-02 18:53:03'),
(3, 868, 1500.00, 5, 20, '2014-09-23 17:05:12'),
(4, 867, 104.80, 1, 20, '2014-09-24 11:26:03'),
(5, 870, 760.00, 2, 20, '2014-10-01 10:52:56'),
(6, 869, 2838.95, 6, 20, '2014-10-03 18:17:25'),
(7, 872, 3000.00, 7, 20, '2014-11-25 13:06:40');

-- --------------------------------------------------------

--
-- Estrutura para tabela `servicoitem`
--

CREATE TABLE IF NOT EXISTS `servicoitem` (
`servicoitemID` int(11) NOT NULL,
  `servicoID` int(11) NOT NULL,
  `descricao` text NOT NULL,
  `valor` float(10,2) NOT NULL,
  `data` timestamp NOT NULL DEFAULT CURRENT_TIMESTAMP ON UPDATE CURRENT_TIMESTAMP
) ENGINE=InnoDB  DEFAULT CHARSET=latin1 AUTO_INCREMENT=7 ;

--
-- Fazendo dump de dados para tabela `servicoitem`
--

INSERT INTO `servicoitem` (`servicoitemID`, `servicoID`, `descricao`, `valor`, `data`) VALUES
(1, 865, 'Mao de Obra ', 500.00, '2014-07-02 18:12:11'),
(2, 866, 'teste', 10.00, '2014-07-02 18:52:53'),
(3, 868, 'Serviço de Pintura', 1500.00, '2014-09-23 17:04:02'),
(4, 869, 'Concerto na rede de encanamento, concretagem e limpeza em parte do telhado.', 2800.00, '2014-09-24 20:11:17'),
(5, 870, 'Reforma e Pintura', 760.00, '2014-10-01 10:52:13'),
(6, 872, 'Serviços de Pedreiro', 3000.00, '2014-11-25 11:19:37');

-- --------------------------------------------------------

--
-- Estrutura para tabela `servicoproduto`
--

CREATE TABLE IF NOT EXISTS `servicoproduto` (
`servicoprodutoID` int(11) NOT NULL,
  `servicoID` int(11) NOT NULL,
  `produtoID` int(11) NOT NULL,
  `valor` float(10,2) NOT NULL,
  `data` timestamp NOT NULL DEFAULT CURRENT_TIMESTAMP ON UPDATE CURRENT_TIMESTAMP
) ENGINE=InnoDB  DEFAULT CHARSET=latin1 AUTO_INCREMENT=31 ;

--
-- Fazendo dump de dados para tabela `servicoproduto`
--

INSERT INTO `servicoproduto` (`servicoprodutoID`, `servicoID`, `produtoID`, `valor`, `data`) VALUES
(7, 865, 465, 42.00, '2014-07-02 18:13:56'),
(8, 865, 465, 42.00, '2014-07-02 18:14:21'),
(9, 865, 465, 42.00, '2014-07-02 18:14:30'),
(10, 865, 465, 42.00, '2014-07-02 18:14:40'),
(13, 867, 523, 9.00, '2014-07-17 13:07:20'),
(14, 867, 510, 13.45, '2014-07-17 13:07:51'),
(15, 867, 510, 13.45, '2014-07-17 13:08:04'),
(17, 867, 508, 42.00, '2014-07-17 13:11:27'),
(22, 867, 512, 13.45, '2014-07-17 19:18:08'),
(23, 867, 512, 13.45, '2014-07-17 19:18:35'),
(24, 869, 525, 23.50, '2014-09-29 10:56:03'),
(25, 869, 530, 15.45, '2014-09-29 19:09:40'),
(27, 873, 525, 23.50, '2014-12-26 11:43:43'),
(28, 873, 604, 34.00, '2014-12-26 11:44:16'),
(29, 873, 625, 165.00, '2014-12-26 14:43:23'),
(30, 873, 603, 34.00, '2014-12-26 16:12:56');

-- --------------------------------------------------------

--
-- Estrutura para tabela `tipoproduto`
--

CREATE TABLE IF NOT EXISTS `tipoproduto` (
`tipoprodutoID` int(11) NOT NULL,
  `tipo` varchar(100) NOT NULL,
  `data` timestamp NOT NULL DEFAULT CURRENT_TIMESTAMP ON UPDATE CURRENT_TIMESTAMP,
  `tipoAtivo` varchar(1) NOT NULL DEFAULT 'S'
) ENGINE=InnoDB  DEFAULT CHARSET=latin1 AUTO_INCREMENT=217 ;

--
-- Fazendo dump de dados para tabela `tipoproduto`
--

INSERT INTO `tipoproduto` (`tipoprodutoID`, `tipo`, `data`, `tipoAtivo`) VALUES
(146, 'Cristal Brilhante', '2014-07-02 17:27:43', 'S'),
(147, 'Cristal', '2014-07-02 17:27:52', 'S'),
(148, 'Micro Brilhante', '2014-07-02 17:28:12', 'S'),
(149, 'Micro', '2014-07-02 17:28:18', 'S'),
(150, 'Grafiato', '2014-09-09 17:09:28', 'S'),
(151, 'Textura', '2014-07-02 17:28:38', 'S'),
(152, 'Selador', '2014-07-02 17:28:48', 'S'),
(153, 'Brilho Grosso', '2014-07-10 19:25:52', 'S'),
(154, 'Brilho Fino', '2014-07-10 19:28:13', 'S'),
(155, 'Brilho Medio', '2014-07-10 19:28:07', 'S'),
(158, 'Esmalte Brilho', '2014-07-16 17:32:38', 'S'),
(160, 'Verniz', '2014-07-16 17:33:32', 'S'),
(161, 'Massa Corrida PVA', '2014-07-16 17:34:48', 'S'),
(162, 'Massa Acrílica ', '2014-07-16 17:35:58', 'S'),
(163, 'Fundo Paredes Base Agua', '2014-07-16 17:39:22', 'S'),
(164, 'Tinta Acrílica ', '2014-07-16 17:42:08', 'S'),
(165, 'Acrílico Rend', '2014-07-16 17:42:39', 'S'),
(168, 'Verniz Tingidor', '2014-08-27 18:26:47', 'S'),
(171, 'Corante', '2014-08-12 12:51:56', 'S'),
(180, 'Rolo La', '2014-08-12 13:00:55', 'S'),
(183, 'Base Preparadora para Metal', '2014-11-09 21:34:56', 'S'),
(184, 'Fundo para Galvanizado', '2014-08-22 13:58:50', 'S'),
(185, 'Zarcao', '2014-08-22 14:43:52', 'S'),
(187, 'Acrílico Piso', '2014-08-27 18:24:58', 'S'),
(188, 'Spray Multiuso', '2014-08-22 14:32:34', 'S'),
(189, 'Spray Luminosa', '2014-08-22 14:33:14', 'S'),
(190, 'Acessórios', '2014-08-28 20:19:32', 'S'),
(193, 'Sayer', '2014-09-16 13:14:12', 'S'),
(194, 'Spray Metalizado', '2014-09-19 11:26:44', 'S'),
(195, 'Querosene', '2014-09-23 16:02:05', 'S'),
(196, 'Tinta Gesso', '2014-10-06 12:56:37', 'S'),
(197, 'Linha Automotiva', '2014-10-09 12:30:19', 'S'),
(198, 'Polistain', '2014-10-09 12:32:34', 'S'),
(199, 'Resinas', '2014-10-09 12:33:07', 'S'),
(200, 'Adesivo de Contato', '2014-10-13 15:19:20', 'S'),
(201, 'Complemento', '2014-10-23 11:18:57', 'S'),
(202, 'Impermeabilizante', '2014-11-01 01:40:33', 'S'),
(203, 'Esmalte Fosco', '2014-11-01 02:56:59', 'S'),
(204, 'Tinta Epoxi', '2014-11-01 13:58:28', 'S'),
(205, 'Spray Temperatura', '2014-11-01 14:21:34', 'S'),
(206, 'Revestimento Acrilico', '2014-11-01 20:05:24', 'S'),
(207, 'Latex Acrílico', '2014-11-03 17:36:49', 'S'),
(208, 'Latex ', '2014-11-04 11:14:15', 'S'),
(209, 'Removedor', '2014-11-04 13:02:41', 'S'),
(211, 'Direto na Ferrugem ', '2014-11-05 11:08:42', 'S'),
(212, 'Esmalte Eucalux', '2014-11-05 12:57:29', 'S'),
(213, 'Esmalte zero', '2014-11-07 19:05:39', 'S'),
(214, 'Diluentes', '2014-11-09 20:34:06', 'S'),
(215, 'Fundo para Parede', '2014-11-09 21:25:59', 'S'),
(216, 'Gel', '2014-11-26 15:11:50', 'S');

-- --------------------------------------------------------

--
-- Estrutura para tabela `transferenciaestoque`
--

CREATE TABLE IF NOT EXISTS `transferenciaestoque` (
`transferenciaID` int(11) NOT NULL,
  `usuarioID` int(11) NOT NULL,
  `empresaID` int(11) NOT NULL COMMENT 'Empresa que será retirada essa quantidade',
  `origemID` int(11) NOT NULL COMMENT 'Empresa onde será depositada a quantidade que foi retirada',
  `destinoID` int(11) NOT NULL,
  `quantidade` float(10,2) NOT NULL,
  `data` timestamp NOT NULL DEFAULT CURRENT_TIMESTAMP ON UPDATE CURRENT_TIMESTAMP
) ENGINE=InnoDB DEFAULT CHARSET=latin1 AUTO_INCREMENT=1 ;

-- --------------------------------------------------------

--
-- Estrutura para tabela `transferencias`
--

CREATE TABLE IF NOT EXISTS `transferencias` (
`transferenciaID` int(11) NOT NULL,
  `bancoDe` int(11) NOT NULL,
  `bancoPara` int(11) NOT NULL,
  `valor` float(10,2) NOT NULL,
  `observacoes` text NOT NULL,
  `data` timestamp NOT NULL DEFAULT CURRENT_TIMESTAMP ON UPDATE CURRENT_TIMESTAMP,
  `empresaID` int(11) NOT NULL
) ENGINE=InnoDB  DEFAULT CHARSET=latin1 AUTO_INCREMENT=3 ;

--
-- Fazendo dump de dados para tabela `transferencias`
--

INSERT INTO `transferencias` (`transferenciaID`, `bancoDe`, `bancoPara`, `valor`, `observacoes`, `data`, `empresaID`) VALUES
(1, 1, 6, 600.00, '', '2014-07-02 18:36:22', 1),
(2, 6, 8, -1289.27, '', '2014-09-29 20:14:22', 1);

-- --------------------------------------------------------

--
-- Estrutura para tabela `usuario`
--

CREATE TABLE IF NOT EXISTS `usuario` (
`usuarioID` int(11) NOT NULL,
  `funcionarioID` int(11) NOT NULL,
  `usuarioNome` varchar(50) NOT NULL,
  `usuarioTelefone` varchar(15) NOT NULL,
  `usuarioEmail` varchar(100) NOT NULL,
  `usuarioLogin` varchar(20) NOT NULL,
  `usuarioSenha` varchar(20) NOT NULL,
  `usuarioNivel` int(11) NOT NULL,
  `usuarioData` timestamp NOT NULL DEFAULT CURRENT_TIMESTAMP,
  `usuarioAtivo` varchar(1) NOT NULL DEFAULT 'S',
  `empresaID` int(11) NOT NULL
) ENGINE=InnoDB  DEFAULT CHARSET=latin1 AUTO_INCREMENT=23 ;

--
-- Fazendo dump de dados para tabela `usuario`
--

INSERT INTO `usuario` (`usuarioID`, `funcionarioID`, `usuarioNome`, `usuarioTelefone`, `usuarioEmail`, `usuarioLogin`, `usuarioSenha`, `usuarioNivel`, `usuarioData`, `usuarioAtivo`, `empresaID`) VALUES
(16, 10, 'Francis Daniele Maciel da Silva', '', '', 'francis', '11fernanda11', 1, '2014-07-02 17:19:39', 'S', 1),
(18, 12, 'Noel Maciel de Gois', '', '', 'noel', '13111955', 1, '2014-07-08 15:00:45', 'S', 1),
(20, 13, 'Manassés Maciel de Gois', '', '', 'manasses', 'karen1982', 1, '2014-09-16 19:50:45', 'S', 1);

-- --------------------------------------------------------

--
-- Estrutura para tabela `venda`
--

CREATE TABLE IF NOT EXISTS `venda` (
`vendaID` int(11) NOT NULL,
  `clienteID` int(11) NOT NULL,
  `formPagID` int(11) NOT NULL,
  `valor` float(10,2) NOT NULL,
  `entrada` float(10,2) NOT NULL,
  `troco` float(10,2) NOT NULL,
  `vezes` int(11) NOT NULL,
  `desconto` float(10,2) NOT NULL,
  `notaFiscal` varchar(20) NOT NULL,
  `data` timestamp NOT NULL DEFAULT CURRENT_TIMESTAMP ON UPDATE CURRENT_TIMESTAMP,
  `usuario` varchar(50) NOT NULL,
  `status` varchar(1) NOT NULL DEFAULT '1',
  `empresaID` int(11) NOT NULL
) ENGINE=InnoDB  DEFAULT CHARSET=latin1 AUTO_INCREMENT=774 ;

--
-- Fazendo dump de dados para tabela `venda`
--

INSERT INTO `venda` (`vendaID`, `clienteID`, `formPagID`, `valor`, `entrada`, `troco`, `vezes`, `desconto`, `notaFiscal`, `data`, `usuario`, `status`, `empresaID`) VALUES
(1, 0, 1, 670.00, 700.00, 30.00, 1, 2.00, '0', '2014-07-02 17:49:52', 'francis', '2', 1),
(3, 0, 2, 84.00, 0.00, 0.00, 1, 0.00, '0', '2014-07-02 17:54:29', 'francis', '2', 1),
(4, 0, 2, 42.00, 0.00, 0.00, 2, 0.00, '0', '2014-07-02 17:55:23', 'francis', '2', 1),
(5, 0, 1, 42.00, 50.00, 8.00, 1, 0.00, '0', '2014-07-02 17:57:03', 'francis', '2', 1),
(6, 3, 1, 8.50, 20.00, 11.50, 1, 0.00, '0', '2014-09-01 20:45:45', 'francis', '2', 1),
(8, 0, 1, 26.90, 50.00, 23.10, 1, 0.00, '0', '2014-07-24 14:36:23', 'karoliny', '2', 1),
(9, 0, 1, 8.50, 8.50, 0.00, 1, 0.00, '0', '2014-08-15 18:05:41', 'karoliny', '2', 1),
(10, 0, 1, 1.90, 1.90, 0.00, 1, 0.00, '0', '2014-08-22 11:56:00', 'karoliny', '2', 1),
(11, 0, 1, 11.30, 20.00, 8.70, 1, 0.00, '0', '2014-08-23 12:14:29', 'karoliny', '2', 1),
(12, 0, 1, 12.00, 22.00, 10.00, 1, 0.00, '0', '2014-09-04 11:35:30', 'karoliny', '2', 1),
(13, 0, 1, 8.50, 8.50, 0.00, 1, 0.00, '0', '2014-09-03 17:31:51', 'francis', '2', 1),
(14, 3, 1, 9.00, 20.00, 11.00, 1, 0.00, '0', '2014-09-05 18:05:49', 'francis', '2', 1),
(15, 0, 1, 2.00, 5.00, 3.00, 1, 0.00, '0', '2014-09-05 11:40:16', 'karoliny', '2', 1),
(16, 0, 1, 14.75, 50.00, 35.25, 1, 0.00, '0', '2014-09-08 13:38:15', 'karoliny', '2', 1),
(17, 3, 1, 96.00, 100.00, 4.00, 1, 0.40, '0', '2014-09-11 18:19:26', 'francis', '2', 1),
(18, 0, 3, 258.50, 0.00, 0.00, 1, 3.90, '0', '2014-09-16 11:41:59', 'karoliny', '2', 1),
(19, 3, 3, 160.00, 0.00, 0.00, 1, 3.50, '0', '2014-09-12 20:26:04', 'francis', '2', 1),
(20, 3, 1, 62.00, 100.00, 38.00, 1, 0.00, '0', '2014-09-13 13:56:03', 'francis', '2', 1),
(22, 0, 1, 29.85, 100.00, 70.15, 1, 0.00, '0', '2014-09-17 14:35:40', 'karoliny', '2', 1),
(23, 3, 1, 20.00, 20.00, 0.00, 1, 1.10, '0', '2014-09-16 17:30:18', 'francis', '2', 1),
(24, 4, 6, 908.39, 0.00, 0.00, 2, 1.20, '0', '2014-09-16 19:44:23', 'francis', '2', 1),
(25, 3, 1, 13.45, 20.00, 6.55, 1, 0.00, '0', '2014-09-17 17:51:00', 'francis', '2', 1),
(26, 0, 1, 59.75, 60.00, 0.25, 1, 0.00, '0', '2014-09-18 14:50:22', 'karoliny', '2', 1),
(27, 3, 3, 165.00, 0.00, 0.00, 1, 9.00, '0', '2014-09-18 17:43:07', 'francis', '2', 1),
(28, 0, 1, 32.00, 40.00, 8.00, 1, 0.00, '0', '2014-09-19 15:05:06', 'karoliny', '2', 1),
(29, 3, 3, 132.50, 132.50, 0.00, 1, 1.50, '0', '2014-09-18 15:42:40', 'manasses', '2', 1),
(30, 3, 1, 140.00, 140.00, 0.00, 1, 1.00, '0', '2014-09-19 17:50:13', 'francis', '2', 1),
(31, 0, 1, 54.00, 54.00, 0.00, 1, 1.00, '0', '2014-09-23 11:43:23', 'karoliny', '2', 1),
(32, 3, 1, 26.00, 26.00, 0.00, 1, 0.00, '0', '2014-09-19 17:55:23', 'francis', '2', 1),
(33, 3, 3, 47.70, 0.00, 0.00, 1, 0.00, '0', '2014-09-19 19:29:19', 'francis', '2', 1),
(34, 0, 1, 9.00, 9.00, 0.00, 1, 0.00, '0', '2014-09-19 19:47:56', 'francis', '2', 1),
(35, 3, 3, 58.00, 0.00, 0.00, 1, 11.00, '0', '2014-09-22 17:22:06', 'francis', '2', 1),
(36, 0, 1, 183.00, 183.00, 0.00, 1, 20.50, '0', '2014-09-22 17:27:15', 'francis', '2', 1),
(37, 3, 3, 94.00, 0.00, 0.00, 1, 5.80, '0', '2014-09-22 19:38:20', 'francis', '2', 1),
(38, 0, 1, 13.75, 20.00, 6.25, 1, 0.00, '0', '2014-09-23 17:29:29', 'francis', '2', 1),
(39, 0, 1, 38.80, 38.80, 0.00, 1, 0.00, '0', '2014-10-13 11:20:36', 'karoliny', '2', 1),
(40, 3, 3, 102.00, 0.00, 0.00, 1, 48.00, '0', '2014-09-23 19:46:33', 'francis', '2', 1),
(41, 3, 1, 89.50, 89.50, 0.00, 1, 0.00, '0', '2014-09-23 17:36:38', 'manasses', '2', 1),
(42, 9, 7, 46.00, 0.00, 0.00, 1, 0.00, '0', '2014-09-29 12:47:57', 'manasses', '2', 1),
(43, 7, 7, 115.00, 0.00, 0.00, 1, 0.00, '0', '2014-09-26 18:27:10', 'francis', '2', 1),
(44, 3, 1, 54.00, 60.00, 6.00, 1, 0.00, '0', '2014-09-29 18:36:46', 'francis', '2', 1),
(45, 9, 7, 28.90, 19.00, 0.00, 1, 0.00, '0', '2014-09-29 16:37:53', 'manasses', '2', 1),
(46, 3, 3, 55.50, 0.00, 0.00, 1, 0.00, '0', '2014-09-30 11:54:56', 'manasses', '2', 1),
(47, 3, 3, 48.70, 0.00, 0.00, 1, 1.20, '0', '2014-10-08 19:58:52', 'francis', '2', 1),
(48, 3, 1, 46.50, 46.50, 0.00, 1, 0.00, '0', '2014-09-30 15:27:37', 'manasses', '2', 1),
(49, 0, 1, 2.80, 2.80, 0.00, 1, 0.00, '0', '2014-09-30 21:52:22', 'manasses', '2', 1),
(50, 11, 7, 109.40, 0.00, 0.00, 1, 0.00, '0', '2014-10-01 14:22:57', 'manasses', '2', 1),
(51, 3, 1, 139.90, 139.90, 0.00, 1, 0.00, '0', '2014-10-01 16:41:35', 'manasses', '2', 1),
(52, 3, 1, 190.00, 190.00, 0.00, 1, 14.00, '0', '2014-10-02 13:29:41', 'manasses', '2', 1),
(53, 3, 1, 7.10, 10.00, 2.90, 1, 0.00, '0', '2014-10-06 12:34:39', 'manasses', '2', 1),
(54, 11, 7, 42.00, 0.00, 0.00, 1, 0.00, '0', '2014-10-06 13:52:39', 'manasses', '2', 1),
(55, 11, 7, 150.00, 0.00, 0.00, 1, 0.00, '0', '2014-10-08 12:21:23', 'manasses', '2', 1),
(56, 3, 1, 35.00, 35.00, 0.00, 1, 0.40, '0', '2014-10-08 17:05:29', 'manasses', '2', 1),
(57, 11, 7, 195.00, 0.00, 0.00, 1, 0.00, '0', '2014-10-09 16:10:57', 'manasses', '2', 1),
(58, 3, 1, 24.45, 29.00, 4.55, 1, 0.00, '0', '2014-10-09 20:58:29', 'francis', '2', 1),
(59, 3, 1, 60.00, 60.00, 0.00, 1, 0.00, '0', '2014-10-10 15:11:49', 'manasses', '2', 1),
(60, 11, 7, 9.20, 0.00, 0.00, 1, 0.00, '0', '2014-10-11 12:18:57', 'francis', '2', 1),
(61, 3, 2, 52.00, 0.00, 0.00, 1, 0.00, '0', '2014-10-10 18:47:59', 'manasses', '2', 1),
(62, 3, 6, 117.30, 0.00, 0.00, 1, 0.00, '0', '2014-10-10 18:58:47', 'manasses', '2', 1),
(63, 3, 6, 176.40, 0.00, 0.00, 1, 0.00, '0', '2014-10-13 13:49:40', 'manasses', '2', 1),
(64, 3, 3, 84.00, 0.00, 0.00, 1, 0.00, '0', '2014-10-17 20:37:52', 'francis', '2', 1),
(65, 0, 3, 93.60, 0.00, 0.00, 1, 0.00, '0', '2014-10-13 12:54:14', 'karoliny', '2', 1),
(66, 0, 1, 84.00, 84.00, 0.00, 1, 0.00, '0', '2014-10-17 12:34:35', 'karoliny', '2', 1),
(67, 12, 6, 60.00, 0.00, 0.00, 1, 16.00, '0', '2014-10-16 11:12:21', 'manasses', '2', 1),
(68, 3, 7, 115.00, 0.00, 0.00, 1, 3.91, '0', '2014-10-16 17:52:41', 'manasses', '2', 1),
(69, 3, 3, 34.00, 34.00, 0.00, 1, 0.00, '0', '2014-10-21 15:37:14', 'manasses', '2', 1),
(70, 0, 1, 26.35, 50.00, 23.65, 1, 0.00, '0', '2014-10-18 13:16:28', 'karoliny', '2', 1),
(71, 0, 1, 12.00, 20.00, 8.00, 1, 0.00, '0', '2014-10-17 20:40:21', 'francis', '2', 1),
(72, 11, 7, 17.60, 0.00, 0.00, 1, 0.00, '0', '2014-10-22 19:24:43', 'francis', '2', 1),
(73, 0, 1, 30.00, 30.00, 0.00, 1, 0.15, '0', '2014-10-18 13:21:33', 'karoliny', '2', 1),
(74, 11, 7, 28.85, 0.00, 0.00, 1, 0.00, '0', '2014-10-21 12:12:56', 'karoliny', '2', 1),
(75, 13, 1, 225.00, 225.00, 0.00, 1, 0.00, '0', '2014-10-27 10:42:23', 'karoliny', '2', 1),
(76, 12, 6, 521.60, 0.00, 0.00, 1, 0.00, '0', '2014-10-22 10:47:13', 'manasses', '2', 1),
(77, 12, 7, 195.00, 0.00, 0.00, 1, 0.00, '0', '2014-10-23 10:38:10', 'manasses', '2', 1),
(78, 3, 1, 26.00, 30.00, 4.00, 1, 0.00, '0', '2014-11-01 12:16:21', 'francis', '2', 1),
(79, 12, 6, 102.35, 0.00, 0.00, 1, 0.00, '0', '2014-10-28 13:49:36', 'manasses', '2', 1),
(80, 0, 1, 64.00, 64.00, 0.00, 1, 0.00, '0', '2014-11-01 14:05:57', 'karoliny', '2', 1),
(81, 3, 1, 56.50, 56.50, 0.00, 1, 0.00, '0', '2014-10-30 13:40:18', 'manasses', '2', 1),
(82, 12, 6, 289.75, 0.00, 0.00, 1, 0.00, '0', '2014-10-31 15:11:14', 'manasses', '2', 1),
(83, 3, 3, 228.00, 0.00, 0.00, 1, 12.30, '0', '2014-11-01 15:30:08', 'manasses', '2', 1),
(84, 3, 1, 37.50, 50.00, 11.05, 1, 1.45, '0', '2014-11-01 12:31:24', 'francis', '2', 1),
(86, 3, 1, 13.75, 13.75, 0.00, 1, 0.00, '0', '2014-11-01 12:46:19', 'francis', '2', 1),
(87, 3, 1, 150.00, 150.00, 0.00, 1, 22.50, '0', '2014-11-01 12:58:15', 'francis', '2', 1),
(88, 3, 1, 62.50, 64.00, 1.50, 1, 2.63, '0', '2014-11-01 13:03:28', 'francis', '2', 1),
(89, 3, 1, 60.00, 60.00, 0.00, 1, 0.00, '0', '2014-11-01 13:08:14', 'francis', '2', 1),
(90, 3, 1, 23.45, 23.45, 0.00, 1, 0.00, '0', '2014-11-01 13:19:15', 'francis', '2', 1),
(91, 3, 3, 663.43, 0.00, 0.00, 1, 53.77, '0', '2014-11-01 13:51:08', 'francis', '2', 1),
(92, 3, 1, 23.45, 23.45, 0.00, 1, 0.00, '0', '2014-11-03 17:23:28', 'francis', '2', 1),
(93, 0, 1, 24.00, 50.00, 26.00, 1, 0.00, '0', '2014-11-01 15:05:44', 'karoliny', '2', 1),
(94, 0, 1, 25.00, 25.00, 0.00, 1, 0.35, '0', '2014-11-03 11:03:49', 'karoliny', '2', 1),
(95, 3, 2, 105.00, 0.00, 0.00, 2, 10.00, '0', '2014-11-01 15:44:07', 'manasses', '2', 1),
(96, 0, 1, 49.00, 49.00, 0.00, 1, 1.72, '0', '2014-11-01 15:49:03', 'manasses', '2', 1),
(97, 3, 3, 14.00, 0.00, 0.00, 1, 0.00, '0', '2014-11-01 16:17:35', 'manasses', '2', 1),
(98, 0, 1, 99.00, 99.00, 0.00, 1, 9.00, '0', '2014-11-01 16:44:52', 'manasses', '2', 1),
(99, 0, 1, 20.00, 20.00, 0.00, 1, 5.00, '0', '2014-11-01 17:22:57', 'manasses', '2', 1),
(100, 3, 1, 7.00, 7.00, 0.00, 1, 0.00, '0', '2014-11-01 18:45:02', 'manasses', '2', 1),
(101, 3, 2, 157.00, 0.00, 0.00, 1, 0.00, '0', '2014-11-01 20:20:39', 'manasses', '2', 1),
(102, 3, 1, 195.00, 195.00, 0.00, 1, 0.00, '0', '2014-11-01 20:22:31', 'manasses', '2', 1),
(103, 0, 0, 0.00, 0.00, 0.00, 0, 0.00, '0', '2014-11-02 21:28:23', 'teste', '1', 1),
(104, 0, 1, 95.00, 100.00, 5.00, 1, 3.80, '0', '2014-11-03 12:34:51', 'karoliny', '2', 1),
(105, 0, 1, 5.90, 7.00, 1.10, 1, 0.00, '0', '2014-11-04 10:48:20', 'karoliny', '2', 1),
(106, 12, 6, 63.45, 0.00, 0.00, 1, 16.00, '0', '2014-11-03 16:54:57', 'manasses', '2', 1),
(107, 0, 1, 235.00, 235.00, 0.00, 1, 0.00, '0', '2014-11-04 14:12:41', 'manasses', '2', 1),
(108, 3, 1, 87.00, 87.00, 0.00, 1, 6.00, '0', '2014-11-03 17:29:53', 'francis', '2', 1),
(109, 3, 1, 37.90, 50.00, 12.10, 1, 0.00, '0', '2014-11-03 17:31:32', 'francis', '2', 1),
(110, 3, 1, 496.00, 500.00, 4.00, 1, 26.30, '0', '2014-11-03 18:00:42', 'francis', '2', 1),
(111, 0, 1, 3.50, 3.50, 0.00, 1, 0.40, '0', '2014-11-03 19:22:35', 'francis', '2', 1),
(112, 3, 3, 43.60, 0.00, 0.00, 1, 0.00, '0', '2014-11-03 19:50:42', 'francis', '2', 1),
(114, 0, 1, 5.20, 10.00, 4.80, 1, 0.00, '0', '2014-11-04 10:56:25', 'karoliny', '2', 1),
(115, 0, 2, 685.00, 685.00, 0.00, 1, 36.70, '0', '2014-11-04 13:42:28', 'karoliny', '2', 1),
(116, 0, 1, 10.00, 20.00, 10.00, 1, 0.00, '0', '2014-11-06 10:36:06', 'karoliny', '2', 1),
(117, 3, 3, 73.85, 0.00, 0.00, 1, 0.00, '0', '2014-11-04 15:55:47', 'manasses', '2', 1),
(118, 3, 1, 15.60, 15.60, 0.00, 1, 0.00, '0', '2014-11-04 16:00:01', 'manasses', '2', 1),
(119, 0, 1, 25.45, 25.45, 0.00, 1, 0.00, '0', '2014-11-05 15:24:08', 'manasses', '2', 1),
(120, 3, 1, 18.10, 100.00, 81.90, 1, 0.00, '0', '2014-11-04 19:19:46', 'francis', '2', 1),
(121, 3, 1, 33.00, 50.00, 17.00, 1, 0.34, '0', '2014-11-04 19:22:58', 'francis', '2', 1),
(122, 3, 1, 15.80, 16.00, 0.20, 1, 0.00, '0', '2014-11-04 19:24:34', 'francis', '2', 1),
(123, 3, 1, 225.00, 240.00, 15.00, 1, 12.00, '0', '2014-11-04 19:27:24', 'francis', '2', 1),
(124, 3, 2, 76.60, 0.00, 0.00, 1, 2.00, '0', '2014-11-04 19:34:35', 'francis', '2', 1),
(125, 3, 1, 32.00, 50.00, 18.00, 1, 1.50, '0', '2014-11-05 17:02:58', 'francis', '2', 1),
(126, 0, 1, 11.70, 12.00, 0.30, 1, 0.10, '0', '2014-11-06 15:55:52', 'manasses', '2', 1),
(127, 3, 1, 10.00, 10.00, 0.00, 1, 0.00, '0', '2014-11-05 17:52:21', 'francis', '2', 1),
(128, 3, 1, 21.30, 22.00, 0.70, 1, 0.00, '0', '2014-11-05 19:27:21', 'francis', '2', 1),
(129, 3, 1, 3.85, 10.00, 6.15, 1, 7.30, '0', '2014-11-06 16:41:12', 'francis', '2', 1),
(130, 0, 3, 26.90, 26.90, 0.00, 1, 0.00, '0', '2014-11-06 10:45:55', 'karoliny', '2', 1),
(131, 0, 1, 100.00, 100.00, 0.00, 1, 2.05, '0', '2014-11-06 11:08:35', 'karoliny', '2', 1),
(132, 0, 2, 21.10, 0.00, 0.00, 1, 0.00, '0', '2014-11-06 11:09:26', 'karoliny', '2', 1),
(133, 0, 1, 14.30, 100.00, 85.70, 1, 0.00, '0', '2014-11-06 11:39:21', 'karoliny', '2', 1),
(134, 0, 1, 13.45, 50.00, 36.55, 1, 0.00, '0', '2014-11-06 11:49:07', 'karoliny', '2', 1),
(135, 0, 3, 61.90, 0.00, 0.00, 1, 0.00, '0', '2014-11-06 12:24:24', 'karoliny', '2', 1),
(136, 0, 1, 34.00, 40.00, 6.00, 1, 0.00, '0', '2014-11-06 13:06:44', 'karoliny', '2', 1),
(137, 0, 2, 56.00, 0.00, 0.00, 1, 0.00, '0', '2014-11-07 11:51:28', 'karoliny', '2', 1),
(138, 0, 1, 40.00, 40.00, 0.00, 1, 2.00, '0', '2014-11-06 15:56:30', 'MANASSES', '2', 1),
(139, 3, 1, 3.50, 3.50, 0.00, 1, 0.00, '0', '2014-11-06 15:57:05', 'MANASSES', '2', 1),
(140, 0, 1, 57.15, 57.15, 0.00, 1, 0.00, '0', '2014-11-06 15:57:57', 'MANASSES', '2', 1),
(141, 3, 1, 37.30, 100.00, 62.70, 1, 0.00, '0', '2014-11-06 16:08:11', 'MANASSES', '2', 1),
(142, 3, 1, 4.00, 20.00, 16.00, 1, 30.00, '0', '2014-11-06 16:11:34', 'MANASSES', '2', 1),
(143, 3, 1, 12.50, 20.00, 7.50, 1, 0.00, '0', '2014-11-07 15:13:57', 'MANASSES', '2', 1),
(144, 3, 1, 57.15, 60.00, 2.85, 1, 0.00, '0', '2014-11-06 17:14:50', 'francis', '2', 1),
(146, 3, 1, 2.30, 10.00, 7.70, 1, 0.00, '0', '2014-11-06 17:38:18', 'francis', '2', 1),
(147, 3, 7, 48.75, 0.00, 0.00, 1, 0.00, '0', '2014-11-06 17:44:45', 'francis', '2', 1),
(148, 3, 1, 36.25, 40.25, 4.00, 1, 0.00, '0', '2014-11-06 18:05:27', 'francis', '2', 1),
(149, 3, 1, 9.30, 10.00, 0.70, 1, 0.00, '0', '2014-11-06 18:09:43', 'francis', '2', 1),
(150, 3, 1, 34.00, 50.00, 16.00, 1, 0.00, '0', '2014-11-07 17:27:05', 'francis', '2', 1),
(151, 0, 0, 0.00, 0.00, 0.00, 0, 0.00, '0', '2014-11-07 11:52:56', 'karoliny', '1', 1),
(152, 0, 1, 10.00, 10.00, 0.00, 1, 0.00, '0', '2014-11-07 15:51:03', 'manasses', '2', 1),
(153, 3, 4, 165.00, 165.00, 0.00, 1, 0.00, '0', '2014-11-07 20:57:01', 'manasses', '2', 1),
(154, 3, 1, 42.80, 50.00, 7.20, 1, 0.00, '0', '2014-11-07 18:01:08', 'francis', '2', 1),
(155, 3, 1, 26.95, 27.00, 0.05, 1, 0.00, '0', '2014-11-07 18:46:53', 'francis', '2', 1),
(156, 3, 1, 30.00, 50.00, 20.00, 1, 0.00, '0', '2014-11-07 19:49:03', 'francis', '2', 1),
(157, 3, 1, 10.00, 20.00, 10.00, 1, 0.00, '0', '2014-11-07 19:55:50', 'francis', '2', 1),
(158, 3, 1, 52.00, 60.00, 8.00, 1, 0.60, '0', '2014-11-08 11:07:34', 'francis', '2', 1),
(159, 0, 1, 9.30, 20.00, 10.70, 1, 0.00, '0', '2014-11-08 14:58:58', 'manasses', '2', 1),
(160, 3, 3, 52.30, 0.00, 0.00, 1, 0.00, '0', '2014-11-08 11:11:07', 'francis', '2', 1),
(161, 3, 1, 6.00, 10.00, 4.00, 1, 0.00, '0', '2014-11-08 12:21:11', 'francis', '2', 1),
(162, 3, 1, 2.90, 4.00, 1.10, 1, 0.00, '0', '2014-11-08 12:22:42', 'francis', '2', 1),
(163, 3, 1, 2.50, 2.50, 0.00, 1, 1.00, '0', '2014-11-08 12:31:41', 'francis', '2', 1),
(164, 3, 2, 34.00, 0.00, 0.00, 1, 0.00, '0', '2014-11-08 13:31:34', 'francis', '2', 1),
(165, 3, 1, 31.75, 40.00, 8.25, 1, 0.00, '0', '2014-11-08 13:39:29', 'francis', '2', 1),
(166, 3, 1, 29.90, 30.00, 0.10, 1, 0.00, '0', '2014-11-08 13:50:12', 'francis', '2', 1),
(167, 13, 1, 195.00, 195.00, 0.00, 1, 0.00, '0', '2014-11-10 16:30:28', 'francis', '2', 1),
(168, 3, 1, 3.90, 5.00, 1.10, 1, 0.00, '0', '2014-11-08 15:26:02', 'MANASSES', '2', 1),
(169, 0, 1, 12.00, 12.00, 0.00, 1, 0.00, '0', '2014-11-08 15:29:52', 'manasses', '2', 1),
(170, 0, 1, 90.00, 100.00, 10.00, 1, 0.00, '0', '2014-11-10 10:32:46', 'manasses', '2', 1),
(171, 3, 1, 20.00, 20.00, 0.00, 1, 0.00, '0', '2014-11-10 10:59:56', 'manasses', '2', 1),
(172, 3, 1, 9.50, 10.00, 0.50, 1, 0.00, '0', '2014-11-10 12:59:51', 'manasses', '2', 1),
(173, 3, 1, 185.00, 200.00, 15.00, 1, 10.00, '0', '2014-11-10 13:42:05', 'manasses', '2', 1),
(174, 3, 2, 50.00, 0.00, 0.00, 1, 0.00, '0', '2014-11-10 13:54:48', 'manasses', '2', 1),
(175, 3, 1, 13.45, 13.45, 0.00, 1, 0.00, '0', '2014-11-10 14:36:08', 'manasses', '2', 1),
(176, 3, 2, 207.00, 0.00, 0.00, 2, 0.00, '0', '2014-11-11 11:09:15', 'manasses', '2', 1),
(177, 3, 7, 88.70, 0.00, 0.00, 1, 0.00, '0', '2014-11-10 16:41:10', 'francis', '2', 1),
(178, 3, 1, 31.75, 40.00, 8.25, 1, 0.00, '0', '2014-11-10 17:26:34', 'francis', '2', 1),
(179, 2, 1, 14.25, 15.00, 0.75, 1, 0.00, '0', '2014-11-10 18:20:43', 'francis', '2', 1),
(180, 3, 1, 13.45, 15.00, 1.55, 1, 0.00, '0', '2014-11-10 18:25:34', 'francis', '2', 1),
(181, 3, 1, 15.60, 50.00, 34.40, 1, 0.10, '0', '2014-11-11 17:30:39', 'francis', '2', 1),
(182, 3, 1, 2.40, 5.00, 2.60, 1, 0.00, '0', '2014-11-11 11:10:08', 'manasses', '2', 1),
(183, 3, 1, 5.40, 6.00, 0.60, 1, 0.00, '0', '2014-11-11 12:59:28', 'manasses', '2', 1),
(184, 3, 1, 11.55, 11.55, 0.00, 1, 0.00, '0', '2014-11-11 13:42:20', 'manasses', '2', 1),
(185, 3, 3, 185.00, 0.00, 0.00, 1, 10.00, '0', '2014-11-11 15:09:52', 'manasses', '2', 1),
(186, 3, 1, 12.50, 12.50, 0.00, 1, 0.00, '0', '2014-11-12 10:11:13', 'manasses', '2', 1),
(188, 3, 1, 35.45, 36.00, 0.55, 1, 0.00, '0', '2014-11-11 18:45:49', 'francis', '2', 1),
(189, 3, 3, 39.35, 0.00, 0.00, 1, 0.00, '0', '2014-11-11 19:21:56', 'francis', '2', 1),
(190, 3, 1, 12.00, 15.00, 3.00, 1, 0.00, '0', '2014-11-11 19:55:23', 'francis', '2', 1),
(191, 3, 1, 26.00, 50.00, 24.00, 1, 1.20, '0', '2014-11-13 18:03:58', 'francis', '2', 1),
(192, 3, 1, 12.00, 50.00, 38.00, 1, 0.00, '0', '2014-11-12 11:15:17', 'manasses', '2', 1),
(193, 0, 1, 8.75, 8.75, 0.00, 1, 0.40, '0', '2014-11-12 11:37:36', 'manasses', '2', 1),
(194, 3, 2, 48.00, 0.00, 0.00, 1, 0.00, '0', '2014-11-12 11:41:26', 'manasses', '2', 1),
(195, 3, 3, 20.00, 0.00, 0.00, 1, 0.00, '0', '2014-11-12 12:17:37', 'manasses', '2', 1),
(196, 0, 1, 44.00, 50.00, 6.00, 1, 0.00, '0', '2014-11-12 12:42:22', 'manasses', '2', 1),
(197, 0, 1, 14.80, 15.00, 0.20, 1, 0.00, '0', '2014-11-12 13:15:22', 'manasses', '2', 1),
(198, 3, 3, 57.15, 0.00, 0.00, 1, 0.00, '0', '2014-11-12 13:40:59', 'manasses', '2', 1),
(199, 3, 1, 6.00, 20.00, 14.00, 1, 0.00, '0', '2014-11-12 16:07:57', 'manasses', '2', 1),
(200, 3, 3, 47.25, 0.00, 0.00, 1, 0.00, '0', '2014-11-12 16:15:33', 'manasses', '2', 1),
(201, 3, 1, 37.00, 50.00, 13.00, 1, 0.00, '0', '2014-11-12 16:39:51', 'manasses', '2', 1),
(202, 3, 3, 185.00, 0.00, 0.00, 1, 10.00, '0', '2014-11-12 17:46:17', 'manasses', '2', 1),
(203, 3, 2, 34.30, 0.00, 0.00, 1, 0.00, '0', '2014-11-12 19:51:11', 'manasses', '2', 1),
(204, 3, 1, 6.00, 6.00, 0.00, 1, 0.00, '0', '2014-11-13 11:31:37', 'manasses', '2', 1),
(205, 0, 1, 12.00, 12.00, 0.00, 1, 0.00, '0', '2014-11-13 11:58:24', 'manasses', '2', 1),
(206, 0, 1, 30.00, 30.00, 0.00, 1, 0.00, '0', '2014-11-13 12:00:23', 'manasses', '2', 1),
(207, 11, 1, 21.00, 21.00, 0.00, 1, 0.00, '0', '2014-11-13 12:45:40', 'manasses', '2', 1),
(208, 3, 1, 30.00, 30.00, 0.00, 1, 0.00, '0', '2014-11-13 13:46:32', 'manasses', '2', 1),
(209, 3, 1, 34.00, 34.00, 0.00, 1, 0.00, '0', '2014-11-13 14:30:20', 'manasses', '2', 1),
(210, 0, 1, 13.70, 13.70, 0.00, 1, 0.00, '0', '2014-11-13 15:10:33', 'manasses', '2', 1),
(211, 0, 1, 26.00, 26.00, 0.00, 1, 0.40, '0', '2014-11-13 15:57:18', 'manasses', '2', 1),
(212, 3, 2, 102.84, 0.00, 0.00, 1, 0.00, '0', '2014-11-14 11:54:30', 'manasses', '2', 1),
(213, 3, 7, 432.00, 50.00, 0.00, 1, 64.00, '0', '2014-11-13 19:39:18', 'francis', '2', 1),
(214, 3, 1, 10.00, 10.00, 0.00, 1, 0.00, '0', '2014-11-13 19:43:48', 'francis', '2', 1),
(215, 3, 1, 15.00, 15.00, 0.00, 1, 0.00, '0', '2014-11-14 16:48:29', 'francis', '2', 1),
(216, 0, 1, 36.00, 36.00, 0.00, 1, 0.00, '0', '2014-11-14 12:13:07', 'manasses', '2', 1),
(217, 3, 1, 14.20, 14.20, 0.00, 1, 0.00, '0', '2014-11-14 12:16:03', 'manasses', '2', 1),
(218, 3, 2, 165.00, 165.00, 0.00, 1, 10.50, '0', '2014-11-14 13:06:10', 'manasses', '2', 1),
(219, 3, 1, 9.10, 20.10, 11.00, 1, 0.00, '0', '2014-11-14 13:11:10', 'manasses', '2', 1),
(220, 3, 3, 30.40, 0.00, 0.00, 1, 0.00, '0', '2014-11-14 14:30:44', 'manasses', '2', 1),
(221, 3, 1, 11.00, 12.00, 1.00, 1, 0.00, '0', '2014-11-14 15:12:06', 'manasses', '2', 1),
(222, 3, 1, 33.00, 43.00, 10.00, 1, 0.00, '0', '2014-11-15 10:33:21', 'manasses', '2', 1),
(223, 3, 1, 39.30, 40.00, 0.70, 1, 0.00, '0', '2014-11-14 19:59:01', 'francis', '2', 1),
(224, 3, 3, 12.00, 0.00, 0.00, 1, 0.00, '0', '2014-11-17 18:33:43', 'francis', '2', 1),
(225, 3, 1, 12.00, 12.00, 0.00, 1, 0.00, '0', '2014-11-15 11:02:21', 'manasses', '2', 1),
(226, 3, 3, 68.50, 0.00, 0.00, 1, 0.00, '0', '2014-11-15 11:25:44', 'manasses', '2', 1),
(227, 3, 2, 195.00, 0.00, 0.00, 2, 0.00, '0', '2014-11-15 12:26:08', 'manasses', '2', 1),
(228, 3, 1, 36.25, 36.30, 0.05, 1, 0.00, '0', '2014-11-15 12:26:51', 'manasses', '2', 1),
(229, 3, 1, 60.00, 60.00, 0.00, 1, 0.00, '0', '2014-11-15 13:10:01', 'manasses', '2', 1),
(230, 0, 1, 90.00, 90.00, 0.00, 1, 11.60, '0', '2014-11-15 13:13:28', 'manasses', '2', 1),
(231, 3, 2, 77.30, 0.00, 0.00, 1, 0.00, '0', '2014-11-15 13:38:40', 'manasses', '2', 1),
(232, 3, 2, 111.70, 95.50, 0.00, 1, 0.00, '0', '2014-11-15 14:30:50', 'manasses', '2', 1),
(233, 3, 3, 70.00, 0.00, 0.00, 1, 8.70, '0', '2014-11-15 14:31:40', 'manasses', '2', 1),
(234, 3, 1, 115.00, 115.00, 0.00, 1, 14.00, '0', '2014-11-15 14:34:33', 'manasses', '2', 1),
(235, 3, 2, 115.00, 0.00, 0.00, 2, 0.00, '0', '2014-11-15 15:20:14', 'manasses', '2', 1),
(236, 3, 1, 34.00, 100.00, 66.00, 1, 0.00, '0', '2014-11-15 15:35:49', 'manasses', '2', 1),
(237, 0, 1, 76.00, 76.00, 0.00, 1, 4.00, '0', '2014-11-15 15:38:46', 'manasses', '2', 1),
(238, 3, 1, 9.50, 10.00, 0.50, 1, 0.00, '0', '2014-11-17 15:43:59', 'manasses', '2', 1),
(239, 3, 2, 39.30, 0.00, 0.00, 1, 1.20, '0', '2014-11-18 11:55:03', 'manasses', '2', 1),
(240, 3, 1, 2.90, 3.00, 0.10, 1, 0.00, '0', '2014-11-17 18:35:25', 'francis', '2', 1),
(241, 3, 1, 25.60, 40.00, 14.40, 1, 0.00, '0', '2014-11-18 17:18:36', 'francis', '2', 1),
(242, 3, 3, 7.00, 0.00, 0.00, 1, 0.00, '0', '2014-11-18 11:56:12', 'manasses', '2', 1),
(243, 3, 1, 60.00, 60.00, 0.00, 1, 0.00, '0', '2014-11-18 11:57:28', 'manasses', '2', 1),
(244, 3, 2, 36.50, 0.00, 0.00, 1, 1.00, '0', '2014-11-18 13:40:08', 'manasses', '2', 1),
(245, 3, 1, 39.30, 50.00, 10.70, 1, 0.00, '0', '2014-11-18 13:40:40', 'manasses', '2', 1),
(246, 3, 1, 1.50, 2.00, 0.50, 1, 0.00, '0', '2014-11-18 14:01:44', 'manasses', '2', 1),
(247, 3, 2, 24.00, 0.00, 0.00, 1, 0.00, '0', '2014-11-18 14:33:44', 'manasses', '2', 1),
(248, 3, 3, 19.65, 0.00, 0.00, 1, 0.00, '0', '2014-11-18 15:55:44', 'manasses', '2', 1),
(249, 3, 4, 659.50, 241.50, 0.00, 1, 15.00, '0', '2014-11-18 18:04:09', 'manasses', '2', 1),
(250, 3, 2, 192.50, 0.00, 0.00, 2, 7.00, '0', '2014-11-18 17:37:16', 'francis', '2', 1),
(251, 3, 1, 22.65, 53.00, 30.35, 1, 0.00, '0', '2014-11-18 18:33:14', 'francis', '2', 1),
(252, 0, 1, 69.00, 100.00, 31.00, 1, 1.30, '0', '2014-11-18 20:03:53', 'manasses', '2', 1),
(253, 14, 6, 225.00, 0.00, 0.00, 1, 0.00, '0', '2014-11-19 16:36:10', 'francis', '2', 1),
(254, 3, 1, 16.00, 20.00, 4.00, 1, 0.00, '0', '2014-11-19 10:38:45', 'manasses', '2', 1),
(255, 3, 3, 58.95, 0.00, 0.00, 1, 0.00, '0', '2014-11-19 11:01:21', 'manasses', '2', 1),
(256, 3, 1, 60.00, 60.00, 0.00, 1, 8.00, '0', '2014-11-19 12:04:28', 'manasses', '2', 1),
(257, 3, 1, 12.00, 15.00, 3.00, 1, 0.00, '0', '2014-11-19 12:55:17', 'manasses', '2', 1),
(258, 12, 6, 116.80, 0.00, 0.00, 1, 0.00, '0', '2014-11-19 13:26:59', 'manasses', '2', 1),
(259, 3, 1, 3.50, 10.00, 6.50, 1, 0.00, '0', '2014-11-19 13:40:32', 'manasses', '2', 1),
(260, 0, 1, 23.00, 23.00, 0.00, 1, 0.00, '0', '2014-11-19 14:04:05', 'manasses', '2', 1),
(261, 3, 1, 12.00, 50.00, 38.00, 1, 0.00, '0', '2014-11-19 15:52:16', 'manasses', '2', 1),
(262, 3, 1, 22.00, 22.00, 0.00, 1, 0.20, '0', '2014-11-20 11:08:38', 'manasses', '2', 1),
(263, 3, 1, 12.00, 52.00, 40.00, 1, 0.00, '0', '2014-11-19 16:42:35', 'francis', '2', 1),
(264, 3, 1, 15.95, 17.00, 1.05, 1, 0.00, '0', '2014-11-19 17:08:41', 'francis', '2', 1),
(265, 3, 2, 219.00, 0.00, 0.00, 2, 5.00, '0', '2014-11-19 17:12:06', 'francis', '2', 1),
(266, 9, 7, 16.00, 10.00, 0.00, 1, 0.00, '0', '2014-11-19 17:16:40', 'francis', '2', 1),
(267, 3, 1, 105.00, 105.00, 0.00, 1, 0.73, '0', '2014-11-19 19:11:07', 'francis', '2', 1),
(268, 3, 2, 126.20, 0.00, 0.00, 1, 0.00, '0', '2014-11-24 10:31:14', 'francis', '2', 1),
(269, 3, 2, 160.00, 0.00, 0.00, 1, 3.65, '0', '2014-11-20 12:00:44', 'manasses', '2', 1),
(270, 3, 1, 22.00, 22.00, 0.00, 1, 0.20, '0', '2014-11-20 12:04:50', 'manasses', '2', 1),
(271, 3, 1, 165.00, 170.00, 5.00, 1, 6.20, '0', '2014-11-20 12:11:58', 'manasses', '2', 1),
(272, 0, 1, 100.85, 101.00, 0.15, 1, 4.10, '0', '2014-11-20 12:17:34', 'manasses', '2', 1),
(273, 3, 1, 12.00, 12.00, 0.00, 1, 0.00, '0', '2014-11-20 12:37:26', 'manasses', '2', 1),
(274, 3, 1, 12.00, 12.00, 0.00, 1, 0.00, '0', '2014-11-20 13:03:47', 'manasses', '2', 1),
(275, 3, 1, 20.90, 22.00, 1.10, 1, 0.00, '0', '2014-11-20 13:04:27', 'manasses', '2', 1),
(276, 0, 1, 7.90, 10.00, 2.10, 1, 0.00, '0', '2014-11-20 13:49:04', 'manasses', '2', 1),
(277, 0, 1, 26.50, 50.00, 23.50, 1, 0.00, '0', '2014-11-20 13:56:03', 'manasses', '2', 1),
(278, 0, 1, 29.60, 50.00, 20.40, 1, 1.60, '0', '2014-11-20 14:10:42', 'manasses', '2', 1),
(279, 3, 3, 10.00, 0.00, 0.00, 1, 0.00, '0', '2014-11-20 14:54:33', 'manasses', '2', 1),
(280, 0, 1, 20.00, 20.00, 0.00, 1, 0.81, '0', '2014-11-20 15:19:22', 'manasses', '2', 1),
(281, 0, 1, 14.00, 14.00, 0.00, 1, 0.00, '0', '2014-11-20 16:18:08', 'manasses', '2', 1),
(282, 3, 1, 39.30, 50.00, 10.70, 1, 0.00, '0', '2014-11-20 17:43:11', 'manasses', '2', 1),
(283, 3, 1, 21.95, 22.00, 0.05, 1, 0.00, '0', '2014-11-21 10:50:57', 'manasses', '2', 1),
(284, 3, 1, 26.90, 30.00, 3.10, 1, 0.00, '0', '2014-11-21 11:39:42', 'manasses', '2', 1),
(285, 3, 1, 7.60, 20.00, 12.40, 1, 0.00, '0', '2014-11-21 11:50:43', 'manasses', '2', 1),
(286, 3, 1, 10.00, 100.00, 90.00, 1, 0.10, '0', '2014-11-21 12:29:00', 'manasses', '2', 1),
(287, 3, 1, 13.45, 14.00, 0.55, 1, 0.00, '0', '2014-11-21 12:29:39', 'manasses', '2', 1),
(288, 3, 1, 38.00, 100.00, 62.00, 1, 0.00, '0', '2014-11-21 13:39:27', 'manasses', '2', 1),
(289, 3, 7, 59.70, 10.00, 0.00, 1, 0.00, '0', '2014-11-21 13:47:53', 'manasses', '2', 1),
(290, 3, 1, 7.90, 20.00, 12.10, 1, 0.00, '0', '2014-11-21 15:43:02', 'manasses', '2', 1),
(291, 3, 1, 13.00, 20.00, 7.00, 1, 0.20, '0', '2014-11-21 15:55:47', 'manasses', '2', 1),
(292, 3, 3, 36.50, 0.00, 0.00, 1, 0.30, '0', '2014-11-21 17:04:55', 'manasses', '2', 1),
(293, 3, 1, 14.50, 14.50, 0.00, 1, 0.05, '0', '2014-11-21 17:41:52', 'manasses', '2', 1),
(294, 3, 1, 10.00, 20.00, 10.00, 1, 0.05, '0', '2014-11-21 17:43:35', 'manasses', '2', 1),
(295, 3, 2, 227.90, 0.00, 0.00, 3, 0.00, '0', '2014-11-21 18:12:49', 'manasses', '2', 1),
(296, 3, 3, 10.00, 0.00, 0.00, 1, 0.00, '0', '2014-11-21 19:09:04', 'manasses', '2', 1),
(297, 3, 3, 18.70, 0.00, 0.00, 1, 0.00, '0', '2014-11-21 19:12:09', 'manasses', '2', 1),
(298, 9, 7, 34.00, 0.00, 0.00, 1, 0.00, '0', '2014-11-21 19:15:03', 'manasses', '2', 1),
(299, 3, 1, 58.95, 60.00, 1.05, 1, 0.00, '0', '2014-11-21 19:38:41', 'manasses', '2', 1),
(300, 9, 7, 109.70, 0.00, 0.00, 1, 0.00, '0', '2014-11-22 11:53:27', 'manasses', '2', 1),
(301, 3, 2, 58.90, 0.00, 0.00, 1, 0.00, '0', '2014-11-22 12:03:43', 'manasses', '2', 1),
(302, 3, 2, 190.95, 0.00, 0.00, 1, 0.00, '0', '2014-11-22 12:07:55', 'manasses', '2', 1),
(303, 3, 1, 286.25, 300.00, 13.75, 1, 12.80, '0', '2014-11-22 13:18:15', 'manasses', '2', 1),
(304, 3, 3, 185.00, 0.00, 0.00, 1, 10.00, '0', '2014-11-22 13:28:14', 'manasses', '2', 1),
(305, 3, 1, 14.50, 20.00, 5.50, 1, 0.00, '0', '2014-11-22 13:30:47', 'manasses', '2', 1),
(306, 3, 1, 5.30, 30.00, 24.70, 1, 22.20, '0', '2014-11-22 13:33:03', 'manasses', '2', 1),
(307, 14, 5, 229.93, 0.00, 0.00, 1, 0.00, '0', '2014-11-22 14:54:20', 'manasses', '2', 1),
(308, 3, 1, 10.00, 10.00, 0.00, 1, 0.00, '0', '2014-12-12 10:33:42', 'manasses', '2', 1),
(309, 3, 1, 260.00, 300.00, 40.00, 1, 15.50, '0', '2014-11-24 11:45:18', 'francis', '2', 1),
(310, 3, 7, 558.40, 0.00, 0.00, 1, 280.70, '0', '2014-11-24 13:05:33', 'francis', '2', 1),
(311, 3, 1, 30.00, 30.00, 0.00, 1, 0.00, '0', '2014-11-24 13:10:00', 'francis', '2', 1),
(312, 3, 1, 12.00, 15.00, 3.00, 1, 0.00, '0', '2014-11-24 14:09:39', 'francis', '2', 1),
(313, 0, 1, 69.00, 70.00, 1.00, 1, 4.30, '0', '2014-11-24 14:50:07', 'francis', '2', 1),
(314, 3, 1, 3.60, 5.60, 2.00, 1, 0.00, '0', '2014-11-24 16:17:25', 'francis', '2', 1),
(315, 3, 1, 30.00, 50.00, 20.00, 1, 2.25, '0', '2014-11-24 16:57:19', 'francis', '2', 1),
(316, 3, 1, 10.00, 10.00, 0.00, 1, 0.00, '0', '2014-11-24 17:00:31', 'francis', '2', 1),
(317, 3, 3, 24.30, 0.00, 0.00, 1, 0.00, '0', '2014-11-24 18:53:22', 'francis', '2', 1),
(318, 3, 1, 34.00, 50.00, 16.00, 1, 0.00, '0', '2014-11-24 18:53:54', 'francis', '2', 1),
(319, 3, 1, 3.80, 10.00, 6.20, 1, 0.00, '0', '2014-11-24 18:57:38', 'francis', '2', 1),
(320, 16, 7, 46.90, 0.00, 0.00, 1, 0.00, '0', '2014-11-25 11:23:50', 'francis', '2', 1),
(321, 16, 7, 54.40, 0.00, 0.00, 1, 0.00, '0', '2014-11-25 11:28:13', 'francis', '2', 1),
(322, 16, 7, 7.90, 0.00, 0.00, 1, 0.00, '0', '2014-11-25 12:00:57', 'francis', '2', 1),
(323, 3, 2, 35.25, 0.00, 0.00, 1, 0.00, '0', '2014-11-25 14:34:35', 'francis', '2', 1),
(324, 3, 3, 20.00, 0.00, 0.00, 1, 0.00, '0', '2014-11-25 14:37:34', 'francis', '2', 1),
(325, 3, 1, 35.00, 35.00, 0.00, 1, 4.30, '0', '2014-11-25 15:07:50', 'francis', '2', 1),
(326, 3, 1, 143.00, 150.00, 7.00, 1, 7.40, '0', '2014-11-25 16:21:16', 'francis', '2', 1),
(327, 14, 5, 181.60, 0.00, 0.00, 1, 0.00, '0', '2014-11-25 18:52:02', 'francis', '2', 1),
(328, 15, 7, 3.60, 2.10, 0.00, 1, 0.00, '0', '2014-11-25 19:52:37', 'francis', '2', 1),
(329, 3, 1, 60.00, 70.00, 10.00, 1, 0.10, '0', '2014-11-26 10:48:52', 'francis', '2', 1),
(330, 3, 1, 50.00, 50.00, 0.00, 1, 2.55, '0', '2014-11-26 11:13:17', 'francis', '2', 1),
(331, 3, 1, 4.00, 5.00, 1.00, 1, 0.00, '0', '2014-11-26 11:24:08', 'francis', '2', 1),
(332, 3, 1, 150.00, 150.00, 0.00, 1, 15.00, '0', '2014-11-26 12:29:52', 'francis', '2', 1),
(333, 3, 1, 39.55, 50.00, 10.45, 1, 0.00, '0', '2014-11-26 13:29:05', 'francis', '2', 1),
(334, 3, 1, 13.45, 13.45, 0.00, 1, 0.00, '0', '2014-11-26 14:02:30', 'francis', '2', 1),
(335, 3, 1, 13.75, 100.00, 86.25, 1, 0.00, '0', '2014-11-26 14:03:01', 'francis', '2', 1),
(336, 3, 1, 38.35, 100.35, 62.00, 1, 0.00, '0', '2014-11-26 15:29:23', 'francis', '2', 1),
(337, 3, 1, 5.00, 20.00, 15.00, 1, 0.20, '0', '2014-11-26 16:01:12', 'francis', '2', 1),
(338, 3, 1, 77.75, 100.00, 22.25, 1, 0.00, '0', '2014-11-26 16:13:07', 'francis', '2', 1),
(339, 3, 1, 13.00, 20.00, 7.00, 1, 0.45, '0', '2014-11-26 16:22:59', 'francis', '2', 1),
(340, 12, 6, 40.50, 0.00, 0.00, 1, 0.00, '0', '2014-11-26 17:26:14', 'francis', '2', 1),
(341, 12, 6, 26.40, 0.00, 0.00, 1, 0.00, '0', '2014-11-26 17:45:17', 'francis', '2', 1),
(342, 3, 1, 1.80, 2.00, 0.20, 1, 0.00, '0', '2014-11-27 10:40:47', 'francis', '2', 1),
(343, 3, 1, 39.30, 100.00, 60.70, 1, 0.00, '0', '2014-11-27 11:15:43', 'francis', '2', 1),
(344, 3, 1, 11.00, 11.00, 0.00, 1, 1.00, '0', '2014-11-27 11:53:25', 'francis', '2', 1),
(345, 3, 3, 57.15, 0.00, 0.00, 1, 0.00, '0', '2014-11-27 13:55:08', 'francis', '2', 1),
(346, 3, 1, 9.50, 50.00, 40.50, 1, 0.00, '0', '2014-11-27 14:52:12', 'francis', '2', 1),
(347, 3, 1, 20.90, 21.00, 0.10, 1, 0.00, '0', '2014-11-27 15:45:28', 'francis', '2', 1),
(348, 3, 1, 18.35, 20.00, 1.65, 1, 0.00, '0', '2014-11-27 17:46:53', 'francis', '2', 1),
(349, 3, 1, 4.50, 4.50, 0.00, 1, 9.50, '0', '2014-11-27 17:50:30', 'francis', '2', 1),
(350, 3, 1, 15.45, 100.00, 84.55, 1, 0.00, '0', '2014-11-27 17:56:56', 'francis', '2', 1),
(351, 3, 1, 50.70, 50.75, 0.05, 1, 0.00, '0', '2014-11-27 18:13:07', 'francis', '2', 1),
(352, 3, 3, 25.00, 0.00, 0.00, 1, 0.00, '0', '2014-11-27 18:30:30', 'francis', '2', 1),
(353, 3, 1, 80.00, 100.00, 18.00, 1, 2.00, '0', '2014-11-27 20:02:41', 'francis', '2', 1),
(354, 3, 1, 230.00, 250.00, 20.00, 1, 16.40, '0', '2014-11-28 10:26:39', 'francis', '2', 1),
(355, 3, 1, 3.20, 3.20, 0.00, 1, 0.00, '0', '2014-11-28 11:06:44', 'francis', '2', 1),
(356, 3, 1, 39.30, 50.00, 10.70, 1, 0.00, '0', '2014-11-28 12:17:57', 'francis', '2', 1),
(357, 3, 4, 93.50, 93.50, 0.00, 1, 0.00, '0', '2014-11-28 14:43:56', 'francis', '2', 1),
(358, 3, 1, 13.45, 50.00, 36.55, 1, 0.00, '0', '2014-11-28 16:22:01', 'francis', '2', 1),
(359, 3, 7, 186.80, 0.00, 0.00, 1, 10.00, '0', '2014-11-28 17:08:19', 'francis', '2', 1),
(360, 3, 1, 94.00, 100.00, 6.00, 1, 0.00, '0', '2014-11-28 17:22:46', 'francis', '2', 1),
(361, 3, 1, 68.00, 70.00, 2.00, 1, 0.00, '0', '2014-11-28 17:24:19', 'francis', '2', 1),
(362, 3, 1, 20.00, 20.00, 0.00, 1, 3.50, '0', '2014-11-28 17:26:16', 'francis', '2', 1),
(363, 3, 3, 155.00, 0.00, 0.00, 1, 10.00, '0', '2014-11-28 17:42:16', 'francis', '2', 1),
(364, 3, 1, 1.80, 10.00, 8.20, 1, 0.00, '0', '2014-11-28 17:45:12', 'francis', '2', 1),
(365, 3, 1, 60.00, 100.00, 40.00, 1, 15.60, '0', '2014-11-28 17:49:23', 'francis', '2', 1),
(366, 3, 1, 7.75, 10.00, 2.25, 1, 0.00, '0', '2014-11-28 18:05:22', 'francis', '2', 1),
(367, 14, 7, 340.84, 0.00, 0.00, 1, 0.00, '0', '2014-11-28 18:18:44', 'francis', '2', 1),
(368, 3, 7, 150.00, 0.00, 0.00, 1, 15.00, '0', '2014-11-28 18:27:55', 'francis', '2', 1),
(369, 3, 1, 7.50, 10.00, 2.50, 1, 0.00, '0', '2014-11-28 18:39:04', 'francis', '2', 1),
(370, 3, 1, 50.00, 50.00, 0.00, 1, 0.80, '0', '2014-11-28 18:56:54', 'francis', '2', 1),
(371, 14, 7, 139.90, 0.00, 0.00, 1, 0.00, '0', '2014-11-28 19:23:54', 'francis', '2', 1),
(372, 14, 7, 530.00, 0.00, 0.00, 1, 0.00, '0', '2014-11-28 19:29:57', 'francis', '2', 1),
(373, 3, 3, 53.90, 0.00, 0.00, 1, 0.00, '0', '2014-11-28 19:43:33', 'francis', '2', 1),
(374, 3, 1, 22.50, 22.50, 0.00, 1, 0.00, '0', '2014-11-28 19:44:55', 'francis', '2', 1),
(375, 15, 1, 7.20, 9.00, 1.80, 1, 0.00, '0', '2014-11-29 11:06:18', 'francis', '2', 1),
(376, 3, 1, 240.00, 240.00, 0.00, 1, 15.30, '0', '2014-11-29 11:09:45', 'francis', '2', 1),
(377, 3, 3, 53.50, 0.00, 0.00, 1, 0.00, '0', '2014-11-29 11:44:41', 'francis', '2', 1),
(378, 3, 2, 14.30, 0.00, 0.00, 1, 0.00, '0', '2014-11-29 12:01:57', 'francis', '2', 1),
(379, 3, 1, 8.00, 10.00, 2.00, 1, 0.00, '0', '2014-11-29 12:30:03', 'francis', '2', 1),
(380, 3, 1, 8.80, 10.00, 1.20, 1, 0.00, '0', '2014-11-29 13:00:59', 'francis', '2', 1),
(381, 3, 1, 80.00, 100.00, 20.00, 1, 5.35, '0', '2014-11-29 13:07:24', 'francis', '2', 1),
(382, 3, 1, 77.75, 100.00, 22.25, 1, 0.00, '0', '2014-11-29 13:09:04', 'francis', '2', 1),
(383, 3, 1, 10.00, 10.00, 0.00, 1, 0.00, '0', '2014-11-29 13:41:35', 'francis', '2', 1),
(384, 12, 6, 629.60, 0.00, 0.00, 1, 0.00, '0', '2014-11-29 13:44:58', 'francis', '2', 1),
(385, 3, 1, 64.00, 100.00, 36.00, 1, 4.00, '0', '2014-11-29 14:02:17', 'francis', '2', 1),
(386, 3, 1, 13.95, 20.00, 6.05, 1, 0.00, '0', '2014-11-29 14:07:01', 'francis', '2', 1),
(387, 3, 1, 195.00, 200.00, 5.00, 1, 21.50, '0', '2014-11-29 14:20:26', 'francis', '2', 1),
(388, 3, 1, 10.00, 10.00, 0.00, 1, 4.00, '0', '2014-11-29 14:24:00', 'francis', '2', 1),
(389, 3, 1, 36.30, 40.00, 3.70, 1, 0.00, '0', '2014-11-29 14:32:36', 'francis', '2', 1),
(390, 3, 1, 36.00, 36.00, 0.00, 1, 0.00, '0', '2014-12-01 10:21:05', 'francis', '2', 1),
(391, 3, 1, 16.45, 20.85, 4.40, 1, 0.00, '0', '2014-12-01 10:36:32', 'francis', '2', 1),
(392, 3, 1, 15.00, 15.00, 0.00, 1, 0.00, '0', '2014-12-01 10:46:04', 'francis', '2', 1),
(393, 3, 1, 4.60, 5.00, 0.40, 1, 0.00, '0', '2014-12-01 12:03:30', 'francis', '2', 1),
(394, 3, 1, 56.00, 57.00, 1.00, 1, 2.95, '0', '2014-12-01 14:47:20', 'francis', '2', 1),
(395, 3, 1, 64.00, 100.00, 36.00, 1, 3.45, '0', '2014-12-01 15:04:16', 'francis', '2', 1),
(396, 3, 7, 36.10, 0.00, 0.00, 1, 0.00, '0', '2014-12-01 15:18:18', 'francis', '2', 1),
(397, 3, 1, 15.45, 20.00, 4.55, 1, 0.00, '0', '2014-12-01 15:25:18', 'francis', '2', 1),
(398, 3, 1, 10.00, 11.00, 1.00, 1, 0.00, '0', '2014-12-01 15:27:20', 'francis', '2', 1),
(399, 3, 2, 105.00, 0.00, 0.00, 1, 12.00, '0', '2014-12-01 15:34:52', 'francis', '2', 1),
(400, 3, 1, 3.20, 10.00, 6.80, 1, 0.00, '0', '2014-12-01 15:36:18', 'francis', '2', 1),
(401, 3, 1, 44.35, 50.00, 5.65, 1, 0.00, '0', '2014-12-01 16:23:30', 'francis', '2', 1),
(402, 3, 3, 34.00, 0.00, 0.00, 1, 0.00, '0', '2014-12-01 16:26:59', 'francis', '2', 1),
(403, 3, 1, 66.00, 70.00, 4.00, 1, 4.00, '0', '2014-12-01 17:08:24', 'francis', '2', 1),
(404, 3, 1, 10.00, 10.00, 0.00, 1, 0.00, '0', '2014-12-01 17:55:23', 'francis', '2', 1),
(405, 3, 7, 24.00, 20.00, 0.00, 1, 0.00, '0', '2014-12-01 18:43:03', 'francis', '2', 1),
(406, 14, 6, 330.60, 0.00, 0.00, 1, 0.00, '0', '2014-12-01 18:57:52', 'francis', '2', 1),
(407, 3, 1, 36.00, 50.00, 14.00, 1, 0.00, '0', '2014-12-01 19:11:30', 'francis', '2', 1),
(408, 3, 1, 10.90, 11.00, 0.10, 1, 0.00, '0', '2014-12-01 19:40:08', 'francis', '2', 1),
(409, 3, 1, 42.00, 42.00, 0.00, 1, 0.00, '0', '2014-12-02 10:23:16', 'francis', '2', 1),
(410, 3, 1, 82.00, 100.00, 13.40, 1, 4.60, '0', '2014-12-02 10:30:35', 'francis', '2', 1),
(411, 3, 1, 46.00, 50.00, 4.00, 1, 0.70, '0', '2014-12-02 10:36:55', 'francis', '2', 1),
(412, 3, 1, 3.50, 5.00, 1.50, 1, 0.00, '0', '2014-12-02 10:38:01', 'francis', '2', 1),
(413, 3, 1, 87.00, 100.00, 13.00, 1, 0.00, '0', '2014-12-02 10:44:33', 'francis', '2', 1),
(414, 3, 1, 6.30, 7.00, 0.70, 1, 0.00, '0', '2014-12-02 10:56:49', 'francis', '2', 1),
(415, 3, 3, 84.00, 0.00, 0.00, 1, 0.00, '0', '2014-12-02 11:00:03', 'francis', '2', 1),
(416, 3, 1, 39.30, 50.00, 10.70, 1, 0.00, '0', '2014-12-02 11:58:02', 'francis', '2', 1),
(417, 3, 2, 113.50, 0.00, 0.00, 2, 0.00, '0', '2014-12-02 12:08:04', 'francis', '2', 1),
(418, 3, 7, 185.00, 0.00, 0.00, 1, 15.00, '0', '2014-12-02 13:20:36', 'francis', '2', 1),
(419, 3, 3, 185.00, 185.00, 0.00, 1, 15.00, '0', '2014-12-02 13:22:36', 'francis', '2', 1),
(420, 3, 7, 42.00, 0.00, 0.00, 1, 0.00, '0', '2014-12-02 13:38:48', 'francis', '2', 1),
(421, 3, 3, 39.00, 0.00, 0.00, 1, 0.00, '0', '2014-12-02 15:27:42', 'francis', '2', 1),
(422, 3, 2, 335.80, 0.00, 0.00, 1, 0.00, '0', '2014-12-02 17:22:02', 'francis', '2', 1),
(423, 3, 1, 64.00, 64.00, 0.00, 1, 0.00, '0', '2014-12-02 17:31:43', 'francis', '2', 1),
(424, 3, 1, 17.10, 20.00, 2.90, 1, 0.40, '0', '2014-12-02 18:22:40', 'francis', '2', 1),
(425, 3, 1, 26.90, 50.00, 23.10, 1, 0.00, '0', '2014-12-02 19:12:36', 'francis', '2', 1),
(426, 3, 1, 270.00, 270.00, 0.00, 1, 26.35, '0', '2014-12-02 20:13:12', 'francis', '2', 1),
(427, 3, 1, 62.00, 100.00, 38.00, 1, 12.40, '0', '2014-12-03 11:02:21', 'francis', '2', 1),
(428, 3, 1, 20.65, 25.00, 4.35, 1, 0.00, '0', '2014-12-03 11:06:32', 'francis ', '2', 1),
(429, 3, 1, 5.50, 7.00, 1.50, 1, 0.00, '0', '2014-12-03 11:13:50', 'francis ', '2', 1),
(430, 3, 7, 120.00, 0.00, 0.00, 1, 8.00, '0', '2014-12-03 11:47:49', 'francis ', '2', 1),
(431, 3, 1, 16.00, 20.00, 4.00, 1, 0.00, '0', '2014-12-03 12:34:52', 'francis ', '2', 1),
(432, 3, 1, 7.00, 7.00, 0.00, 1, 0.00, '0', '2014-12-03 12:38:42', 'francis ', '2', 1),
(433, 3, 1, 180.00, 180.00, 0.00, 1, 24.30, '0', '2014-12-03 13:16:35', 'francis ', '2', 1),
(434, 9, 7, 64.40, 0.00, 0.00, 1, 0.00, '0', '2014-12-03 14:13:40', 'francis ', '2', 1),
(435, 3, 1, 17.00, 20.00, 3.00, 1, 0.00, '0', '2014-12-03 15:28:38', 'francis', '2', 1),
(436, 3, 1, 12.30, 20.30, 8.00, 1, 0.00, '0', '2014-12-03 17:26:53', 'francis', '2', 1),
(437, 3, 3, 30.00, 0.00, 0.00, 1, 0.00, '0', '2014-12-03 18:17:34', 'francis', '2', 1),
(438, 14, 7, 95.70, 0.00, 0.00, 1, 0.00, '0', '2014-12-03 18:44:32', 'francis', '2', 1),
(439, 3, 1, 17.00, 20.00, 3.00, 1, 0.00, '0', '2014-12-03 19:14:42', 'francis', '2', 1),
(440, 3, 1, 82.00, 102.00, 8.00, 1, 12.00, '0', '2014-12-03 19:38:04', 'francis', '2', 1),
(441, 3, 1, 13.45, 20.00, 6.55, 1, 0.00, '0', '2014-12-03 19:40:17', 'francis', '2', 1),
(442, 3, 1, 12.00, 50.00, 38.00, 1, 0.00, '0', '2014-12-03 19:50:45', 'francis', '2', 1),
(443, 3, 3, 4.00, 0.00, 0.00, 1, 30.00, '0', '2014-12-04 10:01:04', 'francis', '2', 1),
(444, 3, 1, 67.70, 100.00, 32.30, 1, 1.60, '0', '2014-12-04 10:05:53', 'francis', '2', 1),
(445, 3, 7, 30.00, 0.00, 0.00, 1, 0.00, '0', '2014-12-04 10:10:18', 'francis', '2', 1),
(446, 3, 1, 60.00, 60.00, 0.00, 1, 0.00, '0', '2014-12-04 10:52:15', 'francis', '2', 1),
(447, 3, 1, 10.00, 20.00, 10.00, 1, 0.00, '0', '2014-12-04 11:01:02', 'francis', '2', 1),
(448, 3, 1, 9.50, 20.00, 10.50, 1, 0.00, '0', '2014-12-04 11:03:13', 'francis', '2', 1),
(449, 3, 1, 13.80, 50.00, 36.20, 1, 0.00, '0', '2014-12-04 11:50:17', 'francis', '2', 1),
(450, 3, 1, 6.75, 7.25, 0.50, 1, 0.00, '0', '2014-12-04 12:36:06', 'francis', '2', 1),
(451, 3, 1, 4.20, 20.00, 15.80, 1, 0.00, '0', '2014-12-04 13:11:40', 'francis', '2', 1),
(452, 3, 1, 12.00, 12.00, 0.00, 1, 0.00, '0', '2014-12-04 15:27:21', 'francis', '2', 1),
(453, 3, 1, 12.00, 12.00, 0.00, 1, 0.00, '0', '2014-12-04 16:18:07', 'francis', '2', 1),
(454, 3, 7, 59.45, 15.00, 0.00, 1, 0.00, '0', '2014-12-04 18:04:19', 'francis', '2', 1),
(455, 3, 1, 12.00, 12.00, 0.00, 1, 0.00, '0', '2014-12-04 18:29:29', 'francis', '2', 1),
(456, 3, 1, 78.00, 78.00, 0.00, 1, 0.00, '0', '2014-12-04 18:30:30', 'francis', '2', 1),
(457, 14, 7, 647.90, 0.00, 0.00, 1, 0.00, '0', '2014-12-04 18:42:21', 'francis', '2', 1),
(458, 3, 1, 40.00, 50.00, 8.00, 1, 2.00, '0', '2014-12-04 18:49:33', 'francis', '2', 1),
(459, 3, 1, 2.50, 2.50, 0.00, 1, 1.00, '0', '2014-12-04 18:56:07', 'francis', '2', 1),
(460, 3, 7, 64.70, 0.00, 0.00, 1, 0.00, '0', '2014-12-04 19:30:32', 'francis', '2', 1),
(461, 3, 7, 7.50, 0.00, 0.00, 1, 0.00, '0', '2014-12-04 19:42:08', 'francis', '2', 1),
(462, 3, 2, 64.90, 0.00, 0.00, 1, 0.00, '0', '2014-12-04 19:56:30', 'francis', '2', 1),
(463, 3, 1, 10.00, 10.00, 0.00, 1, 0.00, '0', '2014-12-05 10:34:07', 'francis', '2', 1),
(464, 3, 7, 7.00, 0.00, 0.00, 1, 0.00, '0', '2014-12-05 10:37:49', 'francis', '2', 1),
(465, 3, 1, 41.00, 100.00, 58.60, 1, 0.40, '0', '2014-12-05 10:44:29', 'francis', '2', 1),
(466, 3, 1, 26.10, 30.00, 3.90, 1, 0.00, '0', '2014-12-05 10:47:34', 'francis', '2', 1),
(467, 3, 1, 3.50, 4.00, 0.50, 1, 0.00, '0', '2014-12-05 10:48:29', 'francis', '2', 1),
(468, 3, 1, 82.00, 102.00, 20.00, 1, 12.00, '0', '2014-12-05 10:56:36', 'francis', '2', 1),
(469, 3, 1, 64.00, 100.00, 36.00, 1, 0.00, '0', '2014-12-05 11:12:41', 'francis', '2', 1),
(470, 3, 7, 13.20, 0.00, 0.00, 1, 0.00, '0', '2014-12-05 11:52:08', 'francis', '2', 1),
(471, 3, 1, 74.50, 100.00, 25.33, 1, 4.10, '0', '2014-12-05 12:42:16', 'francis', '2', 1),
(472, 3, 1, 30.00, 50.00, 20.00, 1, 0.05, '0', '2014-12-05 12:51:42', 'francis', '2', 1),
(473, 3, 1, 36.30, 100.00, 63.70, 1, 0.00, '0', '2014-12-05 13:11:24', 'francis', '2', 1),
(474, 3, 1, 10.00, 20.00, 10.00, 1, 0.00, '0', '2014-12-05 13:34:11', 'francis', '2', 1),
(475, 3, 1, 13.45, 15.00, 1.55, 1, 0.00, '0', '2014-12-05 14:00:11', 'francis', '2', 1),
(476, 3, 1, 12.00, 50.00, 38.00, 1, 0.00, '0', '2014-12-05 14:06:08', 'francis', '2', 1),
(477, 3, 1, 23.50, 50.00, 26.50, 1, 0.00, '0', '2014-12-05 14:58:39', 'francis', '2', 1),
(478, 3, 1, 2.00, 5.00, 3.00, 1, 10.00, '0', '2014-12-05 16:16:37', 'francis', '2', 1),
(479, 3, 1, 30.00, 30.00, 0.00, 1, 0.00, '0', '2014-12-05 17:35:44', 'francis', '2', 1),
(480, 3, 1, 23.00, 50.00, 27.00, 1, 0.00, '0', '2014-12-05 17:44:15', 'francis', '2', 1),
(481, 3, 6, 449.10, 0.00, 0.00, 1, 0.00, '0', '2014-12-05 19:03:26', 'francis', '2', 1),
(482, 3, 1, 160.00, 170.00, 10.00, 1, 9.00, '0', '2014-12-06 10:35:54', 'francis', '2', 1),
(483, 3, 7, 190.00, 0.00, 0.00, 1, 10.00, '0', '2014-12-06 10:39:38', 'francis', '2', 1),
(484, 3, 1, 24.80, 25.00, 0.20, 1, 0.00, '0', '2014-12-06 10:46:50', 'francis', '2', 1),
(485, 3, 1, 46.00, 50.00, 4.00, 1, 0.00, '0', '2014-12-06 10:48:53', 'francis', '2', 1),
(486, 3, 1, 72.40, 100.00, 27.60, 1, 0.00, '0', '2014-12-06 11:09:03', 'francis', '2', 1),
(487, 3, 1, 100.00, 100.00, 0.00, 1, 28.00, '0', '2014-12-06 11:23:13', 'francis', '2', 1),
(488, 3, 1, 30.00, 31.00, 1.00, 1, 0.00, '0', '2014-12-06 11:49:22', 'francis', '2', 1),
(489, 3, 1, 12.00, 12.00, 0.00, 1, 0.00, '0', '2014-12-06 11:51:54', 'francis', '2', 1),
(490, 3, 1, 6.25, 20.00, 13.75, 1, 0.00, '0', '2014-12-06 12:14:47', 'francis', '2', 1),
(492, 3, 1, 30.00, 30.00, 0.00, 1, 0.00, '0', '2014-12-06 12:45:45', 'francis', '2', 1),
(493, 0, 0, 0.00, 0.00, 0.00, 0, 0.00, '0', '2014-12-06 12:16:25', 'noel', '1', 1),
(494, 3, 1, 54.00, 54.00, 0.00, 1, 0.30, '0', '2014-12-06 13:10:02', 'francis', '2', 1),
(495, 3, 1, 1.25, 1.25, 0.00, 1, 0.00, '0', '2014-12-06 13:11:26', 'francis', '2', 1),
(496, 3, 1, 46.00, 50.00, 4.00, 1, 0.00, '0', '2014-12-06 13:14:56', 'francis', '2', 1),
(497, 3, 3, 87.80, 0.00, 0.00, 1, 0.00, '0', '2014-12-06 13:36:38', 'francis', '2', 1),
(498, 3, 1, 2.00, 2.00, 0.00, 1, 0.00, '0', '2014-12-06 13:47:34', 'francis', '2', 1),
(499, 3, 2, 92.00, 42.00, 0.00, 1, 0.00, '0', '2014-12-06 14:06:12', 'francis', '2', 1),
(500, 3, 1, 76.85, 100.00, 23.15, 1, 0.00, '0', '2014-12-06 14:07:09', 'francis', '2', 1),
(501, 3, 1, 60.00, 60.00, 0.00, 1, 0.00, '0', '2014-12-06 14:15:33', 'francis', '2', 1),
(502, 12, 6, 121.00, 0.00, 0.00, 1, 0.00, '0', '2014-12-08 11:00:04', 'francis', '2', 1),
(503, 3, 3, 245.00, 0.00, 0.00, 1, 13.55, '0', '2014-12-08 11:25:14', 'francis', '2', 1),
(504, 3, 1, 3.50, 5.00, 1.50, 1, 0.00, '0', '2014-12-08 12:55:28', 'francis', '2', 1),
(505, 3, 1, 24.00, 24.00, 0.00, 1, 0.00, '0', '2014-12-08 13:24:17', 'francis', '2', 1),
(506, 3, 1, 7.90, 10.00, 2.10, 1, 0.00, '0', '2014-12-08 14:02:18', 'francis', '2', 1),
(507, 3, 7, 214.60, 0.00, 0.00, 2, 0.00, '0', '2014-12-08 14:31:16', 'francis', '2', 1),
(508, 3, 1, 7.00, 7.00, 0.00, 1, 0.00, '0', '2014-12-08 14:35:32', 'francis', '2', 1),
(509, 3, 1, 10.00, 10.00, 0.00, 1, 0.00, '0', '2014-12-08 15:36:30', 'francis', '2', 1),
(510, 3, 1, 35.00, 50.00, 13.20, 1, 1.80, '0', '2014-12-08 15:38:07', 'francis', '2', 1),
(511, 3, 1, 10.00, 11.00, 1.00, 1, 0.00, '0', '2014-12-08 17:33:08', 'francis', '2', 1),
(512, 3, 3, 641.35, 0.00, 0.00, 1, 63.75, '0', '2014-12-08 17:53:36', 'francis', '2', 1),
(513, 3, 1, 68.00, 70.00, 2.00, 1, 12.00, '0', '2014-12-08 18:03:11', 'francis', '2', 1),
(514, 3, 1, 1.80, 2.00, 0.20, 1, 0.00, '0', '2014-12-08 18:04:41', 'francis', '2', 1),
(515, 3, 1, 3.50, 5.00, 1.50, 1, 0.00, '0', '2014-12-08 18:16:42', 'francis', '2', 1),
(516, 3, 3, 89.55, 0.00, 0.00, 1, 0.00, '0', '2014-12-08 18:40:01', 'francis', '2', 1),
(517, 3, 1, 39.00, 39.00, 0.00, 1, 4.05, '0', '2014-12-08 18:55:53', 'francis', '2', 1),
(518, 3, 6, 78.00, 0.00, 0.00, 1, 0.00, '0', '2014-12-08 18:58:54', 'francis', '2', 1),
(519, 12, 6, 236.10, 0.00, 0.00, 1, 0.00, '0', '2014-12-08 19:04:40', 'francis', '2', 1),
(520, 3, 3, 39.00, 0.00, 0.00, 1, 3.00, '0', '2014-12-08 19:33:34', 'francis', '2', 1),
(521, 3, 3, 94.30, 0.00, 0.00, 1, 0.00, '0', '2014-12-08 19:44:41', 'francis', '2', 1),
(522, 3, 3, 11.70, 0.00, 0.00, 1, 0.00, '0', '2014-12-08 19:53:18', 'francis', '2', 1),
(523, 3, 3, 15.70, 0.00, 0.00, 1, 0.00, '0', '2014-12-08 19:55:05', 'francis', '2', 1),
(524, 3, 1, 10.00, 10.00, 0.00, 1, 0.00, '0', '2014-12-09 10:23:03', 'francis', '2', 1),
(525, 3, 1, 51.00, 52.00, 1.00, 1, 3.40, '0', '2014-12-09 10:49:23', 'francis', '2', 1),
(526, 3, 2, 197.85, 0.00, 0.00, 3, 0.00, '0', '2014-12-09 12:35:46', 'francis', '2', 1),
(527, 3, 1, 15.45, 20.50, 5.05, 1, 0.00, '0', '2014-12-09 14:07:39', 'francis', '2', 1),
(528, 3, 1, 13.20, 20.00, 6.80, 1, 0.00, '0', '2014-12-09 14:28:49', 'francis', '2', 1),
(529, 3, 1, 23.00, 50.00, 27.00, 1, 0.00, '0', '2014-12-09 15:14:33', 'francis', '2', 1),
(530, 16, 7, 126.50, 0.00, 0.00, 1, 0.00, '0', '2014-12-09 15:19:34', 'francis', '2', 1),
(531, 3, 1, 26.00, 30.00, 4.00, 1, 0.00, '0', '2014-12-09 15:23:54', 'francis', '2', 1),
(532, 3, 7, 42.60, 0.00, 0.00, 1, 0.00, '0', '2014-12-09 16:10:48', 'francis', '2', 1),
(533, 14, 7, 238.23, 0.00, 0.00, 1, 0.00, '0', '2014-12-09 16:19:46', 'francis', '2', 1),
(534, 3, 7, 17.62, 0.00, 0.00, 1, 24.00, '0', '2014-12-09 16:43:38', 'francis', '2', 1),
(535, 3, 1, 36.25, 50.00, 13.75, 1, 0.00, '0', '2014-12-09 17:44:46', 'francis', '2', 1),
(536, 14, 7, 242.80, 0.00, 0.00, 1, 0.00, '0', '2014-12-09 18:40:36', 'francis', '2', 1),
(537, 3, 1, 12.00, 12.00, 0.00, 1, 0.00, '0', '2014-12-09 18:44:04', 'francis', '2', 1),
(538, 3, 3, 100.30, 0.00, 0.00, 1, 0.00, '0', '2014-12-09 18:52:42', 'francis', '2', 1),
(539, 3, 1, 46.00, 50.00, 4.00, 1, 3.00, '0', '2014-12-09 19:11:04', 'francis', '2', 1),
(540, 3, 1, 127.80, 127.80, 0.00, 1, 0.00, '0', '2014-12-09 19:44:20', 'francis', '2', 1),
(541, 3, 3, 68.70, 0.00, 0.00, 1, 0.00, '0', '2014-12-10 11:32:24', 'francis', '2', 1),
(542, 3, 3, 48.00, 40.00, 0.00, 1, 8.00, '0', '2014-12-10 11:44:04', 'francis', '2', 1),
(543, 3, 1, 145.00, 150.00, 5.00, 1, 13.30, '0', '2014-12-10 11:50:26', 'francis', '2', 1),
(544, 3, 3, 32.00, 0.00, 0.00, 1, 0.20, '0', '2014-12-10 12:26:14', 'francis', '2', 1),
(545, 3, 1, 10.00, 10.00, 0.00, 1, 0.00, '0', '2014-12-10 13:04:55', 'francis', '2', 1),
(546, 3, 3, 17.00, 0.00, 0.00, 1, 0.00, '0', '2014-12-10 15:07:12', 'francis', '2', 1),
(547, 3, 2, 230.50, 0.00, 0.00, 3, 0.00, '0', '2014-12-10 15:54:37', 'francis', '2', 1),
(548, 3, 3, 35.10, 0.00, 0.00, 1, 0.00, '0', '2014-12-10 15:58:49', 'francis', '2', 1),
(549, 3, 1, 14.00, 54.00, 40.00, 1, 0.00, '0', '2014-12-10 16:02:49', 'francis', '2', 1),
(550, 3, 1, 12.00, 15.00, 3.00, 1, 0.00, '0', '2014-12-10 16:05:00', 'francis', '2', 1),
(551, 3, 1, 60.00, 60.00, 0.00, 1, 0.00, '0', '2014-12-10 16:37:08', 'francis', '2', 1),
(552, 3, 1, 13.45, 13.50, 0.05, 1, 0.00, '0', '2014-12-10 16:41:57', 'francis', '2', 1),
(553, 3, 7, 30.00, 0.00, 0.00, 1, 0.00, '0', '2014-12-10 17:25:47', 'francis', '2', 1),
(554, 16, 7, 26.90, 0.00, 0.00, 1, 0.00, '0', '2014-12-10 17:47:07', 'francis', '2', 1),
(555, 3, 3, 6.50, 0.00, 0.00, 1, 0.00, '0', '2014-12-10 18:25:46', 'francis', '2', 1),
(556, 3, 2, 280.15, 0.00, 0.00, 1, 0.00, '0', '2014-12-10 18:50:18', 'francis', '2', 1),
(557, 3, 1, 185.00, 200.00, 15.00, 1, 15.00, '0', '2014-12-10 18:57:41', 'francis', '2', 1),
(558, 3, 1, 7.00, 7.00, 0.00, 1, 0.00, '0', '2014-12-10 19:34:33', 'francis', '2', 1),
(559, 3, 1, 24.80, 50.00, 25.20, 1, 0.00, '0', '2014-12-10 19:48:08', 'francis', '2', 1),
(560, 3, 1, 39.30, 39.30, 0.00, 1, 0.00, '0', '2014-12-10 19:51:21', 'francis', '2', 1),
(561, 3, 1, 75.00, 100.00, 25.00, 1, 2.75, '0', '2014-12-11 11:00:30', 'francis', '2', 1),
(562, 3, 1, 2.70, 4.00, 1.30, 1, 0.00, '0', '2014-12-11 11:04:49', 'francis', '2', 1),
(563, 3, 1, 7.30, 100.00, 92.70, 1, 0.00, '0', '2014-12-11 11:22:15', 'francis', '2', 1),
(564, 3, 1, 69.30, 70.00, 0.70, 1, 3.65, '0', '2014-12-11 12:14:15', 'francis', '2', 1),
(565, 3, 1, 54.20, 55.00, 0.80, 1, 0.00, '0', '2014-12-11 12:36:09', 'francis', '2', 1),
(566, 3, 3, 21.20, 0.00, 0.00, 1, 0.00, '0', '2014-12-11 13:34:05', 'francis', '2', 1),
(567, 3, 1, 5.00, 20.00, 15.00, 1, 0.00, '0', '2014-12-11 13:55:20', 'francis', '2', 1),
(568, 3, 3, 36.25, 0.00, 0.00, 1, 0.00, '0', '2014-12-11 14:09:39', 'francis', '2', 1),
(569, 3, 1, 17.90, 20.00, 2.10, 1, 0.00, '0', '2014-12-11 14:30:32', 'francis', '2', 1),
(570, 3, 1, 16.30, 21.30, 5.00, 1, 0.00, '0', '2014-12-11 15:35:00', 'francis', '2', 1),
(571, 3, 7, 3.75, 0.00, 0.00, 1, 0.00, '0', '2014-12-11 15:56:38', 'francis', '2', 1),
(572, 3, 1, 24.00, 25.00, 1.00, 1, 0.00, '0', '2014-12-11 16:08:20', 'francis', '2', 1),
(573, 3, 1, 130.00, 130.00, 0.00, 1, 2.90, '0', '2014-12-11 16:55:55', 'francis', '2', 1),
(574, 3, 1, 24.00, 50.00, 26.00, 1, 0.00, '0', '2014-12-11 17:05:26', 'francis', '2', 1),
(575, 3, 1, 3.80, 5.00, 1.20, 1, 0.00, '0', '2014-12-11 17:07:26', 'francis', '2', 1),
(576, 3, 3, 155.00, 0.00, 0.00, 1, 10.00, '0', '2014-12-11 17:56:30', 'francis', '2', 1),
(577, 3, 1, 81.50, 100.00, 18.50, 1, 0.00, '0', '2014-12-11 17:59:38', 'francis', '2', 1),
(578, 9, 1, 44.00, 44.00, 0.00, 1, 0.00, '0', '2014-12-11 18:33:53', 'francis', '2', 1);
INSERT INTO `venda` (`vendaID`, `clienteID`, `formPagID`, `valor`, `entrada`, `troco`, `vezes`, `desconto`, `notaFiscal`, `data`, `usuario`, `status`, `empresaID`) VALUES
(579, 3, 3, 256.30, 0.00, 0.00, 1, 0.00, '0', '2014-12-11 19:40:58', 'francis', '2', 1),
(580, 3, 1, 3.75, 20.00, 16.25, 1, 0.00, '0', '2014-12-15 12:02:24', 'francis', '2', 1),
(581, 3, 1, 78.90, 80.00, 1.10, 1, 0.00, '0', '2014-12-12 11:10:27', 'manasses', '2', 1),
(582, 3, 1, 110.00, 150.00, 40.00, 1, 7.00, '0', '2014-12-12 12:28:18', 'manasses', '2', 1),
(583, 3, 1, 145.00, 150.00, 5.00, 1, 20.00, '0', '2014-12-12 13:19:30', 'manasses', '2', 1),
(584, 0, 1, 14.10, 15.10, 1.00, 1, 0.00, '0', '2014-12-12 13:58:41', 'manasses', '2', 1),
(585, 3, 3, 7.90, 0.00, 0.00, 1, 0.00, '0', '2014-12-12 13:59:23', 'manasses', '2', 1),
(586, 3, 7, 98.25, 0.00, 0.00, 1, 0.00, '0', '2014-12-12 14:03:58', 'manasses', '2', 1),
(587, 0, 1, 83.15, 83.15, 0.00, 1, 3.40, '0', '2014-12-12 16:49:40', 'manasses', '2', 1),
(588, 3, 7, 198.50, 0.00, 0.00, 1, 15.00, '0', '2014-12-12 17:29:03', 'manasses', '2', 1),
(589, 3, 1, 125.00, 125.00, 0.00, 1, 0.00, '0', '2014-12-12 19:41:26', 'manasses', '2', 1),
(590, 3, 2, 82.00, 0.00, 0.00, 1, 12.00, '0', '2014-12-13 10:15:59', 'manasses', '2', 1),
(591, 3, 1, 30.00, 30.00, 0.00, 1, 0.00, '0', '2014-12-13 10:49:01', 'manasses', '2', 1),
(592, 0, 1, 5.00, 5.00, 0.00, 1, 2.00, '0', '2014-12-13 10:50:43', 'manasses', '2', 1),
(593, 3, 1, 24.00, 50.00, 26.00, 1, 0.00, '0', '2014-12-13 11:03:22', 'manasses', '2', 1),
(594, 0, 1, 60.00, 60.00, 0.00, 1, 0.00, '0', '2014-12-13 12:01:50', 'manasses', '2', 1),
(595, 3, 1, 391.55, 400.00, 8.45, 1, 0.00, '0', '2014-12-13 12:08:48', 'manasses', '2', 1),
(596, 3, 3, 34.00, 0.00, 0.00, 1, 0.00, '0', '2014-12-13 12:10:05', 'manasses', '2', 1),
(597, 3, 3, 240.00, 0.00, 0.00, 1, 0.00, '0', '2014-12-13 12:51:29', 'manasses', '2', 1),
(598, 3, 3, 165.00, 0.00, 0.00, 1, 39.00, '0', '2014-12-13 13:08:38', 'manasses', '2', 1),
(599, 0, 1, 124.00, 124.00, 0.00, 1, 5.90, '0', '2014-12-13 14:51:51', 'manasses', '2', 1),
(600, 3, 3, 130.00, 0.00, 0.00, 1, 9.80, '0', '2014-12-20 15:21:24', 'manasses', '2', 1),
(601, 3, 1, 10.00, 20.00, 10.00, 1, 0.00, '0', '2014-12-15 12:42:02', 'francis', '2', 1),
(602, 3, 1, 30.00, 50.00, 20.00, 1, 1.90, '0', '2014-12-15 13:01:21', 'francis', '2', 1),
(603, 3, 3, 90.00, 0.00, 0.00, 1, 20.00, '0', '2014-12-15 13:02:23', 'francis', '2', 1),
(604, 3, 1, 127.00, 150.00, 23.00, 1, 6.00, '0', '2014-12-15 13:07:37', 'francis', '2', 1),
(605, 3, 1, 30.00, 40.00, 10.00, 1, 0.00, '0', '2014-12-15 13:14:05', 'francis', '2', 1),
(606, 3, 3, 16.00, 6.00, 0.00, 1, 0.00, '0', '2014-12-15 14:11:00', 'francis', '2', 1),
(607, 3, 1, 39.30, 40.00, 0.70, 1, 0.00, '0', '2014-12-15 14:12:52', 'francis', '2', 1),
(608, 3, 1, 26.90, 100.00, 73.10, 1, 0.00, '0', '2014-12-15 14:58:50', 'francis', '2', 1),
(609, 3, 1, 8.50, 10.00, 1.50, 1, 0.00, '0', '2014-12-15 14:59:55', 'francis', '2', 1),
(610, 3, 1, 36.00, 50.00, 14.00, 1, 0.00, '0', '2014-12-15 17:02:29', 'francis', '2', 1),
(611, 3, 7, 10.50, 0.00, 0.00, 1, 0.00, '0', '2014-12-15 17:48:19', 'francis', '2', 1),
(612, 3, 1, 40.00, 50.00, 10.00, 1, 1.10, '0', '2014-12-15 19:05:36', 'francis', '2', 1),
(613, 3, 1, 69.30, 100.00, 30.70, 1, 0.00, '0', '2014-12-15 19:55:11', 'francis', '2', 1),
(614, 14, 7, 241.15, 0.00, 0.00, 1, 0.00, '0', '2014-12-15 20:05:28', 'francis', '2', 1),
(615, 3, 3, 28.50, 0.00, 0.00, 1, 0.00, '0', '2014-12-16 10:39:42', 'francis', '2', 1),
(616, 3, 1, 2.70, 4.00, 1.30, 1, 0.00, '0', '2014-12-16 11:28:05', 'francis', '2', 1),
(617, 3, 3, 32.80, 0.00, 0.00, 1, 0.00, '0', '2014-12-16 11:32:50', 'francis', '2', 1),
(618, 3, 3, 61.00, 0.00, 0.00, 1, 6.20, '0', '2014-12-16 12:01:39', 'francis', '2', 1),
(619, 3, 1, 15.60, 50.50, 34.90, 1, 0.00, '0', '2014-12-16 12:36:14', 'francis', '2', 1),
(620, 3, 3, 80.10, 0.00, 0.00, 1, 0.00, '0', '2014-12-16 12:51:02', 'francis', '2', 1),
(621, 3, 3, 58.95, 0.00, 0.00, 1, 0.00, '0', '2014-12-16 13:03:36', 'francis', '2', 1),
(622, 3, 7, 14.00, 0.00, 0.00, 1, 0.00, '0', '2014-12-16 13:10:13', 'francis', '2', 1),
(623, 3, 7, 2.30, 0.00, 0.00, 1, 0.00, '0', '2014-12-16 13:11:24', 'francis', '2', 1),
(624, 3, 1, 124.00, 124.00, 0.00, 1, 12.00, '0', '2014-12-16 13:40:22', 'francis', '2', 1),
(625, 3, 3, 22.75, 0.00, 0.00, 1, 0.00, '0', '2014-12-16 14:42:56', 'francis', '2', 1),
(626, 16, 7, 13.45, 0.00, 0.00, 1, 0.00, '0', '2014-12-16 15:34:45', 'francis', '2', 1),
(627, 3, 1, 7.30, 9.00, 1.70, 1, 0.00, '0', '2014-12-16 15:50:07', 'francis', '2', 1),
(628, 3, 1, 14.35, 50.00, 35.65, 1, 0.00, '0', '2014-12-16 16:26:26', 'francis', '2', 1),
(629, 3, 7, 21.55, 0.00, 0.00, 1, 0.00, '0', '2014-12-16 16:40:52', 'francis', '2', 1),
(630, 3, 1, 41.40, 50.00, 8.60, 1, 0.00, '0', '2014-12-16 17:14:25', 'francis', '2', 1),
(631, 16, 7, 309.20, 0.00, 0.00, 1, 0.00, '0', '2014-12-16 18:14:56', 'francis', '2', 1),
(632, 3, 1, 10.00, 10.00, 0.00, 1, 0.00, '0', '2014-12-16 18:38:53', 'francis', '2', 1),
(633, 3, 7, 42.90, 0.00, 0.00, 1, 0.00, '0', '2014-12-16 19:35:15', 'francis', '2', 1),
(634, 3, 7, 19.00, 0.00, 0.00, 1, 0.00, '0', '2014-12-17 11:16:20', 'francis', '2', 1),
(635, 3, 1, 17.25, 20.00, 2.75, 1, 0.00, '0', '2014-12-17 11:50:32', 'francis', '2', 1),
(636, 3, 1, 8.00, 9.00, 1.00, 1, 0.00, '0', '2014-12-17 11:51:26', 'francis', '2', 1),
(637, 3, 1, 40.00, 50.00, 10.00, 1, 2.00, '0', '2014-12-17 11:53:12', 'francis', '2', 1),
(638, 3, 1, 50.00, 50.00, 0.00, 1, 2.00, '0', '2014-12-17 12:27:40', 'francis', '2', 1),
(639, 3, 1, 30.00, 30.00, 0.00, 1, 0.00, '0', '2014-12-17 12:35:16', 'francis', '2', 1),
(640, 3, 2, 68.00, 0.00, 0.00, 1, 0.00, '0', '2014-12-17 14:42:45', 'francis', '2', 1),
(641, 3, 1, 38.00, 50.00, 12.00, 1, 0.00, '0', '2014-12-17 14:52:39', 'francis', '2', 1),
(642, 3, 1, 21.40, 22.00, 0.60, 1, 0.00, '0', '2014-12-17 16:14:18', 'francis', '2', 1),
(643, 3, 1, 27.00, 50.00, 23.00, 1, 0.00, '0', '2014-12-17 17:26:54', 'francis', '2', 1),
(644, 3, 1, 13.00, 23.00, 10.00, 1, 0.45, '0', '2014-12-17 17:32:20', 'francis', '2', 1),
(645, 3, 1, 35.00, 50.00, 15.00, 1, 1.90, '0', '2014-12-17 19:32:34', 'francis', '2', 1),
(646, 3, 1, 16.00, 16.00, 0.00, 1, 0.00, '0', '2014-12-18 10:38:08', 'francis', '2', 1),
(647, 3, 3, 15.50, 0.00, 0.00, 1, 0.00, '0', '2014-12-18 10:56:10', 'francis', '2', 1),
(648, 3, 1, 183.00, 200.00, 17.00, 1, 5.90, '0', '2014-12-18 11:26:19', 'francis', '2', 1),
(649, 3, 7, 75.24, 0.00, 0.00, 1, 0.00, '0', '2014-12-18 11:31:29', 'francis', '2', 1),
(650, 3, 1, 3.20, 5.00, 1.80, 1, 0.00, '0', '2014-12-18 11:41:11', 'francis', '2', 1),
(651, 3, 2, 120.75, 0.00, 0.00, 1, 0.00, '0', '2014-12-18 12:43:25', 'francis', '2', 1),
(652, 3, 1, 10.00, 10.00, 0.00, 1, 0.00, '0', '2014-12-18 12:47:10', 'francis', '2', 1),
(653, 3, 1, 44.30, 50.00, 5.70, 1, 0.00, '0', '2014-12-18 13:57:56', 'francis', '2', 1),
(654, 12, 6, 255.00, 0.00, 0.00, 1, 0.00, '0', '2014-12-18 15:46:40', 'francis', '2', 1),
(655, 3, 1, 14.00, 20.00, 6.00, 1, 0.00, '0', '2014-12-18 16:06:47', 'francis', '2', 1),
(656, 3, 1, 2.00, 2.00, 0.00, 1, 0.00, '0', '2014-12-18 16:10:55', 'francis', '2', 1),
(657, 3, 1, 50.00, 50.00, 0.00, 1, 0.00, '0', '2014-12-18 16:25:28', 'francis', '2', 1),
(658, 3, 1, 42.00, 50.00, 8.00, 1, 0.00, '0', '2014-12-18 16:44:44', 'francis', '2', 1),
(659, 3, 1, 15.25, 50.00, 34.75, 1, 0.00, '0', '2014-12-18 16:50:26', 'francis', '2', 1),
(660, 3, 1, 23.90, 30.00, 6.10, 1, 0.00, '0', '2014-12-18 16:54:53', 'francis', '2', 1),
(661, 3, 1, 35.80, 36.00, 0.20, 1, 0.00, '0', '2014-12-18 17:04:19', 'francis', '2', 1),
(662, 3, 1, 30.00, 50.00, 20.00, 1, 0.00, '0', '2014-12-18 17:55:31', 'francis', '2', 1),
(663, 3, 3, 7.90, 0.00, 0.00, 1, 0.00, '0', '2014-12-18 19:18:36', 'francis', '2', 1),
(664, 3, 1, 3.50, 5.00, 1.50, 1, 0.00, '0', '2014-12-18 19:19:33', 'francis', '2', 1),
(665, 3, 2, 239.30, 0.00, 0.00, 3, 0.00, '0', '2014-12-18 19:28:40', 'francis', '2', 1),
(666, 3, 3, 201.00, 0.00, 0.00, 1, 13.73, '0', '2014-12-18 19:56:10', 'francis', '2', 1),
(667, 3, 1, 8.00, 10.00, 2.00, 1, 0.00, '0', '2014-12-18 20:00:23', 'francis', '2', 1),
(668, 3, 1, 20.00, 20.00, 0.00, 1, 0.00, '0', '2014-12-19 10:37:47', 'francis', '2', 1),
(669, 3, 1, 6.40, 7.00, 0.60, 1, 0.00, '0', '2014-12-19 10:58:09', 'francis', '2', 1),
(670, 3, 3, 22.00, 0.00, 0.00, 1, 0.00, '0', '2014-12-19 11:46:04', 'francis', '2', 1),
(671, 3, 7, 53.80, 0.00, 0.00, 1, 0.00, '0', '2014-12-19 11:55:30', 'francis', '2', 1),
(672, 3, 1, 58.95, 70.00, 11.05, 1, 0.00, '0', '2014-12-19 12:32:54', 'francis', '2', 1),
(673, 3, 1, 10.00, 10.00, 0.00, 1, 0.00, '0', '2014-12-19 12:34:29', 'francis', '2', 1),
(674, 3, 2, 11.00, 0.00, 0.00, 1, 0.00, '0', '2014-12-19 12:46:10', 'francis', '2', 1),
(675, 3, 1, 7.50, 7.50, 0.00, 1, 3.00, '0', '2014-12-19 13:06:46', 'francis', '2', 1),
(676, 3, 3, 20.80, 0.00, 0.00, 1, 0.00, '0', '2014-12-19 13:23:26', 'francis', '2', 1),
(677, 3, 1, 93.00, 100.00, 7.00, 1, 5.10, '0', '2014-12-19 14:16:57', 'francis', '2', 1),
(678, 3, 3, 100.00, 0.00, 0.00, 1, 2.30, '0', '2014-12-19 15:05:53', 'francis', '2', 1),
(679, 3, 1, 17.00, 20.00, 3.00, 1, 0.00, '0', '2014-12-19 15:23:06', 'francis', '2', 1),
(680, 3, 1, 13.00, 50.00, 37.00, 1, 0.00, '0', '2014-12-19 15:44:39', 'francis', '2', 1),
(681, 3, 1, 21.00, 22.00, 1.00, 1, 0.00, '0', '2014-12-19 15:54:34', 'francis', '2', 1),
(682, 3, 3, 78.00, 0.00, 0.00, 1, 4.40, '0', '2014-12-19 16:01:32', 'francis', '2', 1),
(683, 3, 1, 190.00, 200.00, 10.00, 1, 11.80, '0', '2014-12-19 17:00:52', 'francis', '2', 1),
(684, 3, 7, 10.00, 0.00, 0.00, 1, 0.00, '0', '2014-12-19 17:26:18', 'francis', '2', 1),
(685, 14, 7, 338.48, 0.00, 0.00, 1, 0.00, '0', '2014-12-19 18:07:33', 'francis', '2', 1),
(686, 3, 7, 319.60, 0.00, 0.00, 1, 20.00, '0', '2014-12-19 18:12:23', 'francis', '2', 1),
(687, 3, 1, 7.80, 10.00, 2.20, 1, 0.00, '0', '2014-12-19 18:21:59', 'francis', '2', 1),
(688, 3, 1, 3.00, 3.00, 0.00, 1, 0.00, '0', '2014-12-20 11:18:22', 'francis', '2', 1),
(689, 3, 1, 10.00, 20.00, 10.00, 1, 0.00, '0', '2014-12-20 11:19:36', 'francis', '2', 1),
(690, 3, 3, 46.60, 0.00, 0.00, 1, 0.00, '0', '2014-12-20 11:47:15', 'francis', '2', 1),
(691, 3, 3, 43.00, 0.00, 0.00, 1, 0.00, '0', '2014-12-20 12:03:40', 'francis', '2', 1),
(692, 3, 1, 57.00, 60.00, 3.00, 1, 1.95, '0', '2014-12-20 12:26:53', 'francis', '2', 1),
(693, 3, 3, 26.00, 0.00, 0.00, 1, 0.00, '0', '2014-12-20 12:46:59', 'francis', '2', 1),
(694, 3, 1, 2.50, 2.50, 0.00, 1, 1.00, '0', '2014-12-20 14:13:00', 'francis', '2', 1),
(695, 3, 1, 19.40, 20.00, 0.60, 1, 0.00, '0', '2014-12-20 14:17:46', 'francis', '2', 1),
(696, 3, 2, 46.00, 0.00, 0.00, 1, 0.00, '0', '2014-12-20 14:28:27', 'francis', '2', 1),
(697, 3, 1, 30.00, 50.00, 20.00, 1, 0.00, '0', '2014-12-20 14:29:18', 'francis', '2', 1),
(698, 3, 1, 32.20, 50.00, 17.80, 1, 26.80, '0', '2014-12-20 14:37:32', 'francis', '2', 1),
(699, 3, 3, 22.80, 0.00, 0.00, 1, 0.00, '0', '2014-12-20 14:42:12', 'francis', '2', 1),
(700, 3, 1, 24.00, 24.00, 0.00, 1, 0.00, '0', '2014-12-22 10:50:59', 'francis', '2', 1),
(701, 0, 3, 28.90, 0.00, 0.00, 1, 3.90, '0', '2014-12-20 15:29:35', 'manasses', '2', 1),
(702, 3, 3, 115.45, 0.00, 0.00, 1, 0.00, '0', '2014-12-20 15:53:07', 'manasses', '2', 1),
(703, 3, 1, 13.45, 14.00, 0.55, 1, 0.00, '0', '2014-12-21 11:21:07', 'manasses', '2', 1),
(704, 0, 1, 82.70, 100.00, 17.30, 1, 0.00, '0', '2014-12-21 13:00:29', 'manasses', '2', 1),
(705, 3, 1, 130.00, 150.00, 20.00, 1, 0.00, '0', '2014-12-21 13:34:19', 'manasses', '2', 1),
(706, 3, 1, 80.00, 100.00, 20.00, 1, 4.00, '0', '2014-12-21 13:58:54', 'manasses', '2', 1),
(707, 3, 3, 34.00, 0.00, 0.00, 1, 0.00, '0', '2014-12-21 14:50:04', 'manasses', '2', 1),
(708, 3, 1, 8.50, 8.50, 0.00, 1, 0.00, '0', '2014-12-22 10:52:10', 'francis', '2', 1),
(709, 3, 1, 2.00, 2.00, 0.00, 1, 0.00, '0', '2014-12-22 11:53:06', 'francis', '2', 1),
(710, 3, 3, 147.00, 0.00, 0.00, 1, 11.25, '0', '2014-12-22 12:18:46', 'francis', '2', 1),
(711, 3, 1, 19.50, 19.50, 0.00, 1, 0.00, '0', '2014-12-22 12:30:04', 'francis', '2', 1),
(712, 3, 1, 1.90, 20.00, 18.10, 1, 0.00, '0', '2014-12-22 13:09:14', 'francis', '2', 1),
(713, 3, 3, 158.00, 0.00, 0.00, 1, 9.20, '0', '2014-12-22 13:24:31', 'francis', '2', 1),
(714, 3, 1, 111.30, 120.00, 8.70, 1, 0.00, '0', '2014-12-22 14:18:48', 'francis', '2', 1),
(715, 3, 1, 17.00, 20.00, 3.00, 1, 0.00, '0', '2014-12-22 14:42:47', 'francis', '2', 1),
(716, 3, 1, 120.00, 120.00, 0.00, 1, 0.00, '0', '2014-12-22 15:50:38', 'francis', '2', 1),
(717, 3, 1, 21.85, 50.00, 28.15, 1, 0.00, '0', '2014-12-22 17:35:39', 'francis', '2', 1),
(718, 3, 1, 76.55, 76.55, 0.00, 1, 0.00, '0', '2014-12-22 18:39:52', 'francis', '2', 1),
(719, 3, 1, 47.90, 50.00, 2.10, 1, 0.00, '0', '2014-12-22 19:05:43', 'francis', '2', 1),
(720, 3, 1, 0.90, 1.00, 0.10, 1, 0.00, '0', '2014-12-23 10:57:28', 'francis', '2', 1),
(721, 3, 3, 58.50, 0.00, 0.00, 1, 26.80, '0', '2014-12-23 11:02:38', 'francis', '2', 1),
(722, 3, 1, 7.80, 10.00, 2.20, 1, 0.00, '0', '2014-12-23 11:04:26', 'francis', '2', 1),
(723, 3, 1, 16.00, 51.00, 35.00, 1, 0.00, '0', '2014-12-23 12:13:41', 'francis', '2', 1),
(724, 3, 1, 18.00, 20.00, 2.00, 1, 0.00, '0', '2014-12-23 12:26:33', 'francis', '2', 1),
(725, 3, 1, 60.00, 70.00, 10.00, 1, 4.90, '0', '2014-12-23 12:50:51', 'francis', '2', 1),
(726, 3, 1, 21.85, 50.85, 29.00, 1, 0.00, '0', '2014-12-23 13:05:27', 'francis', '2', 1),
(727, 3, 3, 8.50, 0.00, 0.00, 1, 0.00, '0', '2014-12-23 13:18:32', 'francis', '2', 1),
(728, 3, 1, 17.50, 20.50, 3.00, 1, 0.60, '0', '2014-12-23 13:35:14', 'francis', '2', 1),
(729, 3, 1, 25.00, 50.00, 25.00, 1, 0.00, '0', '2014-12-23 14:21:00', 'francis', '2', 1),
(730, 3, 3, 100.00, 0.00, 0.00, 1, 5.00, '0', '2014-12-23 15:08:08', 'francis', '2', 1),
(731, 3, 1, 29.80, 50.00, 20.20, 1, 0.00, '0', '2014-12-23 15:35:45', 'francis', '2', 1),
(732, 3, 1, 20.00, 20.00, 0.00, 1, 0.00, '0', '2014-12-23 18:16:58', 'francis', '2', 1),
(733, 3, 1, 16.20, 20.00, 3.80, 1, 0.00, '0', '2014-12-24 10:46:19', 'francis', '2', 1),
(734, 3, 1, 3.80, 5.00, 1.20, 1, 0.00, '0', '2014-12-23 19:55:33', 'manasses', '2', 1),
(735, 3, 3, 198.60, 100.00, 0.00, 1, 0.00, '0', '2014-12-27 10:59:46', 'manasses', '2', 1),
(736, 3, 1, 98.70, 100.00, 1.30, 1, 0.00, '0', '2014-12-24 10:56:59', 'francis', '2', 1),
(737, 3, 3, 10.00, 0.00, 0.00, 1, 0.00, '0', '2014-12-24 11:34:40', 'francis', '2', 1),
(738, 3, 1, 23.00, 25.00, 2.00, 1, 0.00, '0', '2014-12-24 11:35:17', 'francis', '2', 1),
(739, 3, 3, 19.60, 0.00, 0.00, 1, 0.00, '0', '2014-12-24 12:00:00', 'francis', '2', 1),
(740, 3, 1, 42.00, 50.00, 8.00, 1, 0.00, '0', '2014-12-24 12:27:17', 'francis', '2', 1),
(741, 3, 1, 10.00, 50.00, 40.00, 1, 0.00, '0', '2014-12-24 12:49:39', 'francis', '2', 1),
(742, 3, 1, 19.60, 50.00, 30.40, 1, 0.00, '0', '2014-12-24 13:37:28', 'francis', '2', 1),
(743, 3, 1, 9.70, 10.00, 0.30, 1, 0.00, '0', '2014-12-26 10:38:33', 'francis', '2', 1),
(744, 3, 1, 20.80, 22.00, 1.20, 1, 0.00, '0', '2014-12-26 11:29:42', 'francis', '2', 1),
(745, 3, 3, 24.84, 1.50, 0.00, 1, 0.00, '0', '2014-12-26 11:36:30', 'francis', '2', 1),
(746, 3, 3, 17.60, 0.00, 0.00, 1, 0.00, '0', '2014-12-26 11:47:17', 'francis', '2', 1),
(747, 3, 1, 9.35, 11.00, 1.65, 1, 0.00, '0', '2014-12-26 11:50:38', 'francis', '2', 1),
(748, 3, 1, 3.90, 50.00, 46.10, 1, 0.00, '0', '2014-12-26 12:06:09', 'francis', '2', 1),
(749, 3, 1, 50.00, 50.00, 0.00, 1, 3.00, '0', '2014-12-26 13:04:30', 'francis', '2', 1),
(750, 3, 1, 42.00, 50.00, 8.00, 1, 0.00, '0', '2014-12-26 13:08:57', 'francis', '2', 1),
(751, 3, 1, 27.95, 58.00, 30.05, 1, 0.00, '0', '2014-12-26 13:15:44', 'francis', '2', 1),
(752, 3, 3, 20.00, 0.00, 0.00, 1, 0.00, '0', '2014-12-26 14:09:32', 'francis', '2', 1),
(753, 3, 1, 17.00, 50.00, 33.00, 1, 0.00, '0', '2014-12-26 14:36:31', 'francis', '2', 1),
(754, 3, 1, 12.00, 12.00, 0.00, 1, 0.00, '0', '2014-12-26 15:28:02', 'francis', '2', 1),
(755, 12, 6, 40.00, 0.00, 0.00, 1, 0.00, '0', '2014-12-26 15:30:29', 'francis', '2', 1),
(756, 3, 1, 24.00, 24.00, 0.00, 1, 0.00, '0', '2014-12-26 15:31:45', 'francis', '2', 1),
(757, 3, 1, 15.50, 20.00, 4.50, 1, 0.00, '0', '2014-12-26 15:37:41', 'francis', '2', 1),
(758, 3, 1, 19.95, 50.00, 30.05, 1, 0.00, '0', '2014-12-26 17:40:03', 'francis', '2', 1),
(759, 3, 1, 4.90, 10.00, 5.10, 1, 14.30, '0', '2014-12-26 19:01:07', 'francis', '2', 1),
(760, 3, 1, 41.80, 50.00, 8.20, 1, 1.00, '0', '2014-12-26 19:30:31', 'francis', '2', 1),
(761, 3, 1, 3.90, 10.00, 6.10, 1, 0.00, '0', '2014-12-26 19:37:50', 'francis', '2', 1),
(762, 3, 1, 10.00, 10.00, 0.00, 1, 0.00, '0', '2014-12-26 19:38:39', 'francis', '2', 1),
(763, 0, 0, 0.00, 0.00, 0.00, 0, 0.00, '0', '2014-12-26 19:38:46', 'francis', '1', 1),
(764, 3, 1, 7.45, 20.00, 12.55, 1, 5.00, '0', '2014-12-27 11:15:54', 'manasses', '2', 1),
(765, 3, 2, 32.65, 0.00, 0.00, 1, 0.00, '0', '2014-12-27 11:47:51', 'manasses', '2', 1),
(766, 3, 1, 2.30, 10.00, 7.70, 1, 0.00, '0', '2014-12-27 11:55:42', 'manasses', '2', 1),
(767, 3, 1, 1.30, 1.30, 0.00, 1, 4.90, '0', '2014-12-27 12:09:29', 'manasses', '2', 1),
(768, 3, 1, 12.00, 15.00, 3.00, 1, 0.00, '0', '2014-12-27 12:44:28', 'manasses', '2', 1),
(769, 3, 1, 24.95, 50.00, 25.05, 1, 0.00, '0', '2014-12-27 13:10:12', 'manasses', '2', 1),
(770, 3, 3, 53.70, 0.00, 0.00, 1, 0.00, '0', '2014-12-27 13:28:01', 'manasses', '2', 1),
(771, 3, 1, 5.00, 5.00, 0.00, 1, 0.00, '0', '2014-12-27 13:29:13', 'manasses', '2', 1),
(772, 3, 3, 20.80, 0.00, 0.00, 1, 1.15, '0', '2014-12-27 13:41:37', 'manasses', '2', 1),
(773, 0, 0, 0.00, 0.00, 0.00, 0, 0.00, '0', '2014-12-27 13:41:52', 'manasses', '1', 1);

-- --------------------------------------------------------

--
-- Estrutura para tabela `vendaitem`
--

CREATE TABLE IF NOT EXISTS `vendaitem` (
`itemID` int(11) NOT NULL,
  `vendaID` int(11) NOT NULL,
  `produtoID` int(11) NOT NULL,
  `quantidade` float(10,2) NOT NULL,
  `valor` float(10,2) NOT NULL,
  `total` float(10,2) NOT NULL
) ENGINE=InnoDB  DEFAULT CHARSET=latin1 AUTO_INCREMENT=2057 ;

--
-- Fazendo dump de dados para tabela `vendaitem`
--

INSERT INTO `vendaitem` (`itemID`, `vendaID`, `produtoID`, `quantidade`, `valor`, `total`) VALUES
(2, 1, 464, 16.00, 42.00, 672.00),
(3, 3, 464, 1.00, 42.00, 42.00),
(4, 3, 465, 1.00, 42.00, 42.00),
(5, 4, 465, 1.00, 42.00, 42.00),
(6, 5, 464, 1.00, 42.00, 42.00),
(7, 8, 516, 1.00, 13.45, 13.45),
(8, 8, 516, 1.00, 13.45, 13.45),
(11, 9, 524, 1.00, 8.50, 8.50),
(14, 10, 576, 1.00, 1.90, 1.90),
(15, 11, 524, 1.00, 8.50, 8.50),
(16, 11, 565, 1.00, 2.80, 2.80),
(17, 6, 524, 1.00, 8.50, 8.50),
(18, 13, 524, 1.00, 8.50, 8.50),
(19, 12, 594, 1.00, 12.00, 12.00),
(23, 15, 558, 1.00, 1.00, 1.00),
(24, 15, 558, 1.00, 1.00, 1.00),
(28, 14, 523, 1.00, 9.00, 9.00),
(29, 16, 531, 1.00, 5.15, 5.15),
(30, 16, 557, 1.00, 3.20, 3.20),
(31, 16, 557, 1.00, 3.20, 3.20),
(32, 16, 557, 1.00, 3.20, 3.20),
(33, 17, 530, 1.00, 15.45, 15.45),
(34, 17, 530, 1.00, 15.45, 15.45),
(35, 17, 525, 1.00, 23.50, 23.50),
(36, 17, 508, 1.00, 42.00, 42.00),
(37, 19, 574, 1.00, 14.00, 14.00),
(39, 19, 535, 1.00, 5.50, 5.50),
(42, 19, 508, 1.00, 42.00, 42.00),
(43, 19, 534, 1.00, 30.00, 30.00),
(44, 19, 508, 1.00, 42.00, 42.00),
(45, 19, 534, 1.00, 30.00, 30.00),
(46, 20, 536, 1.00, 4.50, 4.50),
(49, 20, 573, 1.00, 6.50, 6.50),
(50, 20, 523, 1.00, 9.00, 9.00),
(51, 20, 508, 1.00, 42.00, 42.00),
(54, 18, 525, 1.00, 23.50, 23.50),
(55, 18, 573, 1.00, 6.50, 6.50),
(56, 18, 527, 1.00, 115.00, 115.00),
(57, 18, 563, 1.00, 1.20, 1.20),
(58, 18, 563, 1.00, 1.20, 1.20),
(59, 18, 527, 1.00, 115.00, 115.00),
(60, 23, 528, 1.00, 21.10, 21.10),
(66, 24, 619, 3.00, 109.45, 328.35),
(67, 24, 617, 1.00, 64.35, 64.35),
(69, 24, 620, 1.00, 109.45, 109.45),
(76, 24, 621, 1.00, 85.69, 85.69),
(77, 24, 618, 2.00, 42.90, 85.80),
(80, 24, 560, 12.00, 1.00, 12.00),
(82, 24, 572, 3.00, 19.50, 58.50),
(83, 24, 622, 3.00, 16.50, 49.50),
(84, 24, 623, 3.00, 9.00, 27.00),
(86, 24, 611, 4.00, 4.40, 17.60),
(87, 24, 609, 2.00, 3.50, 7.00),
(88, 24, 616, 1.00, 64.35, 64.35),
(89, 22, 510, 1.00, 13.45, 13.45),
(90, 22, 551, 1.00, 7.90, 7.90),
(91, 22, 524, 1.00, 8.50, 8.50),
(92, 25, 514, 1.00, 13.45, 13.45),
(93, 26, 522, 1.00, 13.85, 13.85),
(94, 26, 599, 1.00, 1.50, 1.50),
(95, 26, 508, 1.00, 42.00, 42.00),
(96, 26, 563, 1.00, 1.20, 1.20),
(97, 26, 563, 1.00, 1.20, 1.20),
(98, 29, 623, 1.00, 9.00, 9.00),
(101, 29, 532, 5.00, 25.00, 125.00),
(103, 27, 605, 3.00, 30.00, 90.00),
(104, 27, 508, 2.00, 42.00, 84.00),
(105, 28, 536, 1.00, 4.50, 4.50),
(107, 28, 572, 1.00, 19.50, 19.50),
(108, 28, 608, 1.00, 8.00, 8.00),
(109, 30, 527, 1.00, 115.00, 115.00),
(110, 30, 632, 1.00, 26.00, 26.00),
(111, 32, 632, 1.00, 26.00, 26.00),
(112, 33, 508, 1.00, 42.00, 42.00),
(113, 33, 606, 1.00, 2.50, 2.50),
(114, 33, 550, 1.00, 3.20, 3.20),
(115, 34, 609, 1.00, 3.50, 3.50),
(116, 34, 535, 1.00, 5.50, 5.50),
(119, 35, 575, 1.00, 25.00, 25.00),
(120, 35, 574, 1.00, 14.00, 14.00),
(121, 35, 534, 1.00, 30.00, 30.00),
(122, 36, 560, 8.00, 1.00, 8.00),
(123, 36, 508, 1.00, 42.00, 42.00),
(124, 36, 625, 1.00, 150.00, 150.00),
(125, 36, 609, 1.00, 3.50, 3.50),
(126, 37, 508, 2.00, 42.00, 84.00),
(127, 37, 551, 2.00, 7.90, 15.80),
(128, 31, 523, 1.00, 9.00, 9.00),
(129, 31, 583, 1.00, 46.00, 46.00),
(131, 38, 522, 1.00, 13.75, 13.75),
(132, 41, 641, 1.00, 45.50, 45.50),
(133, 41, 640, 1.00, 44.00, 44.00),
(134, 40, 605, 5.00, 30.00, 150.00),
(137, 43, 527, 1.00, 115.00, 115.00),
(138, 42, 583, 1.00, 46.00, 46.00),
(139, 45, 523, 1.00, 9.00, 9.00),
(140, 45, 571, 1.00, 19.90, 19.90),
(141, 44, 532, 1.00, 26.00, 26.00),
(142, 44, 535, 1.00, 6.00, 6.00),
(143, 44, 613, 1.00, 14.00, 14.00),
(144, 44, 608, 1.00, 8.00, 8.00),
(145, 46, 644, 1.00, 3.50, 3.50),
(146, 46, 532, 1.00, 26.00, 26.00),
(147, 46, 635, 1.00, 26.00, 26.00),
(148, 48, 639, 1.00, 17.00, 17.00),
(149, 48, 639, 1.00, 17.00, 17.00),
(151, 48, 612, 1.00, 12.50, 12.50),
(152, 49, 565, 1.00, 2.80, 2.80),
(154, 50, 576, 1.00, 1.90, 1.90),
(155, 50, 609, 1.00, 3.50, 3.50),
(156, 50, 535, 1.00, 6.00, 6.00),
(157, 50, 613, 1.00, 14.00, 14.00),
(158, 50, 508, 2.00, 42.00, 84.00),
(160, 51, 639, 2.00, 17.00, 34.00),
(161, 51, 604, 3.00, 34.00, 102.00),
(162, 51, 549, 1.00, 3.90, 3.90),
(164, 52, 604, 6.00, 34.00, 204.00),
(165, 53, 529, 1.00, 7.10, 7.10),
(166, 54, 508, 1.00, 42.00, 42.00),
(167, 55, 626, 1.00, 150.00, 150.00),
(169, 56, 510, 2.00, 13.45, 26.90),
(170, 56, 524, 1.00, 8.50, 8.50),
(171, 47, 524, 1.00, 8.50, 8.50),
(172, 47, 510, 2.00, 13.45, 26.90),
(173, 47, 644, 2.00, 3.50, 7.00),
(174, 47, 541, 1.00, 3.50, 3.50),
(175, 47, 563, 1.00, 1.20, 1.20),
(176, 47, 565, 1.00, 2.80, 2.80),
(177, 57, 654, 1.00, 195.00, 195.00),
(178, 58, 524, 1.00, 8.50, 8.50),
(179, 58, 510, 1.00, 13.45, 13.45),
(180, 58, 577, 1.00, 2.50, 2.50),
(181, 59, 605, 2.00, 30.00, 60.00),
(182, 61, 632, 2.00, 26.00, 52.00),
(183, 62, 641, 1.00, 43.00, 43.00),
(184, 62, 640, 1.00, 40.00, 40.00),
(185, 62, 663, 1.00, 27.70, 27.70),
(186, 62, 664, 1.00, 6.60, 6.60),
(187, 60, 550, 1.00, 3.20, 3.20),
(188, 60, 535, 1.00, 6.00, 6.00),
(189, 39, 565, 1.00, 2.80, 2.80),
(190, 39, 595, 2.00, 12.00, 24.00),
(191, 39, 524, 1.00, 8.50, 8.50),
(193, 39, 566, 1.00, 3.50, 3.50),
(194, 65, 508, 1.00, 42.00, 42.00),
(195, 65, 508, 1.00, 42.00, 42.00),
(197, 65, 564, 8.00, 1.20, 9.60),
(198, 63, 666, 1.00, 88.90, 88.90),
(199, 63, 665, 1.00, 87.50, 87.50),
(200, 67, 651, 2.00, 33.00, 66.00),
(202, 67, 577, 4.00, 2.50, 10.00),
(203, 68, 669, 1.00, 69.71, 69.71),
(204, 68, 553, 6.00, 2.60, 15.60),
(205, 68, 523, 2.00, 9.00, 18.00),
(208, 68, 612, 1.00, 12.50, 12.50),
(209, 68, 668, 1.00, 3.10, 3.10),
(210, 66, 508, 2.00, 42.00, 84.00),
(211, 64, 508, 2.00, 42.00, 84.00),
(212, 71, 595, 1.00, 12.00, 12.00),
(213, 70, 533, 1.00, 13.45, 13.45),
(214, 70, 523, 1.00, 9.00, 9.00),
(218, 70, 549, 1.00, 3.90, 3.90),
(219, 73, 518, 1.00, 13.45, 13.45),
(220, 73, 523, 1.00, 9.00, 9.00),
(221, 73, 582, 1.00, 4.20, 4.20),
(222, 73, 566, 1.00, 3.50, 3.50),
(223, 74, 521, 1.00, 13.75, 13.75),
(224, 74, 668, 1.00, 3.10, 3.10),
(225, 74, 566, 1.00, 3.50, 3.50),
(226, 74, 524, 1.00, 8.50, 8.50),
(227, 69, 604, 1.00, 34.00, 34.00),
(228, 76, 641, 2.00, 43.00, 86.00),
(229, 76, 666, 4.00, 88.90, 355.60),
(230, 76, 640, 2.00, 40.00, 80.00),
(231, 72, 642, 2.00, 8.80, 17.60),
(232, 77, 653, 1.00, 195.00, 195.00),
(233, 75, 548, 1.00, 30.00, 30.00),
(234, 75, 654, 1.00, 195.00, 195.00),
(235, 79, 512, 1.00, 13.45, 13.45),
(236, 79, 687, 1.00, 88.90, 88.90),
(237, 81, 523, 1.00, 9.00, 9.00),
(238, 81, 684, 1.00, 12.00, 12.00),
(239, 81, 594, 1.00, 12.00, 12.00),
(240, 81, 525, 1.00, 23.50, 23.50),
(242, 82, 565, 15.00, 1.95, 29.25),
(243, 82, 640, 1.00, 40.00, 40.00),
(244, 82, 688, 3.00, 73.50, 220.50),
(245, 78, 636, 1.00, 26.00, 26.00),
(246, 84, 548, 1.00, 25.00, 25.00),
(247, 84, 699, 1.00, 13.95, 13.95),
(251, 86, 522, 1.00, 13.75, 13.75),
(252, 87, 608, 1.00, 8.00, 8.00),
(253, 87, 573, 1.00, 6.50, 6.50),
(254, 87, 602, 1.00, 125.00, 125.00),
(255, 87, 717, 1.00, 12.00, 12.00),
(256, 87, 719, 1.00, 12.00, 12.00),
(257, 87, 523, 1.00, 9.00, 9.00),
(258, 88, 706, 1.00, 65.13, 65.13),
(259, 89, 605, 1.00, 30.00, 30.00),
(260, 89, 605, 1.00, 30.00, 30.00),
(261, 90, 530, 1.00, 15.45, 15.45),
(263, 90, 560, 8.00, 1.00, 8.00),
(264, 91, 718, 1.00, 210.00, 210.00),
(265, 91, 551, 6.00, 7.90, 47.40),
(266, 91, 528, 1.00, 21.10, 21.10),
(267, 91, 506, 2.00, 34.00, 68.00),
(268, 91, 661, 14.00, 1.20, 16.80),
(269, 91, 666, 1.00, 88.90, 88.90),
(270, 91, 524, 1.00, 8.50, 8.50),
(271, 91, 647, 1.00, 38.00, 38.00),
(272, 91, 525, 1.00, 23.50, 23.50),
(275, 91, 654, 1.00, 195.00, 195.00),
(276, 80, 534, 1.00, 30.00, 30.00),
(277, 80, 574, 1.00, 14.00, 14.00),
(279, 80, 558, 1.00, 1.00, 1.00),
(280, 80, 558, 2.00, 1.00, 2.00),
(281, 80, 639, 1.00, 17.00, 17.00),
(282, 93, 596, 1.00, 12.00, 12.00),
(283, 93, 684, 1.00, 12.00, 12.00),
(284, 83, 525, 1.00, 23.50, 23.50),
(285, 83, 653, 1.00, 195.00, 195.00),
(286, 83, 613, 1.00, 14.00, 14.00),
(287, 83, 553, 1.00, 2.60, 2.60),
(288, 83, 553, 2.00, 2.60, 5.20),
(290, 95, 527, 1.00, 115.00, 115.00),
(292, 96, 716, 1.00, 44.22, 44.22),
(293, 96, 573, 1.00, 6.50, 6.50),
(295, 97, 613, 1.00, 14.00, 14.00),
(296, 98, 508, 1.00, 42.00, 42.00),
(297, 98, 651, 1.00, 33.00, 33.00),
(298, 98, 651, 1.00, 33.00, 33.00),
(299, 99, 575, 1.00, 25.00, 25.00),
(300, 100, 566, 1.00, 3.50, 3.50),
(301, 100, 566, 1.00, 3.50, 3.50),
(302, 101, 732, 1.00, 42.00, 42.00),
(303, 101, 732, 1.00, 42.00, 42.00),
(304, 101, 731, 1.00, 73.00, 73.00),
(305, 102, 654, 1.00, 195.00, 195.00),
(306, 94, 521, 1.00, 13.75, 13.75),
(307, 94, 524, 1.00, 8.50, 8.50),
(308, 94, 668, 1.00, 3.10, 3.10),
(309, 104, 510, 1.00, 13.45, 13.45),
(310, 104, 517, 1.00, 13.45, 13.45),
(311, 104, 533, 1.00, 13.45, 13.45),
(312, 104, 514, 1.00, 13.45, 13.45),
(313, 104, 584, 1.00, 18.10, 18.10),
(314, 104, 670, 2.00, 13.45, 26.90),
(315, 106, 512, 1.00, 13.45, 13.45),
(316, 106, 651, 2.00, 33.00, 66.00),
(317, 92, 510, 1.00, 13.45, 13.45),
(318, 92, 523, 1.00, 10.00, 10.00),
(319, 108, 585, 4.00, 15.00, 60.00),
(321, 108, 523, 2.00, 10.00, 20.00),
(323, 108, 729, 1.00, 7.80, 7.80),
(325, 108, 553, 1.00, 2.60, 2.60),
(326, 108, 554, 1.00, 2.60, 2.60),
(327, 109, 534, 1.00, 30.00, 30.00),
(328, 109, 551, 1.00, 7.90, 7.90),
(329, 110, 646, 1.00, 135.00, 135.00),
(330, 110, 605, 1.00, 30.00, 30.00),
(331, 110, 733, 1.00, 145.00, 145.00),
(332, 110, 734, 1.00, 39.30, 39.30),
(333, 110, 735, 1.00, 39.30, 39.30),
(334, 110, 734, 1.00, 39.30, 39.30),
(335, 110, 551, 1.00, 7.90, 7.90),
(336, 110, 551, 1.00, 7.90, 7.90),
(337, 110, 682, 1.00, 39.30, 39.30),
(338, 110, 680, 1.00, 39.30, 39.30),
(339, 111, 549, 1.00, 3.90, 3.90),
(340, 112, 647, 1.00, 38.00, 38.00),
(341, 112, 661, 3.00, 1.20, 3.60),
(342, 112, 562, 2.00, 1.00, 2.00),
(343, 105, 655, 1.00, 5.90, 5.90),
(344, 114, 554, 1.00, 2.60, 2.60),
(345, 114, 554, 1.00, 2.60, 2.60),
(347, 115, 508, 1.00, 42.00, 42.00),
(349, 115, 563, 6.00, 1.00, 6.00),
(350, 115, 555, 3.00, 2.60, 7.80),
(353, 115, 737, 1.00, 22.50, 22.50),
(354, 115, 534, 2.00, 30.00, 60.00),
(355, 115, 603, 6.00, 34.00, 204.00),
(357, 115, 593, 1.00, 115.00, 115.00),
(362, 115, 527, 1.00, 115.00, 115.00),
(363, 115, 583, 1.00, 46.00, 46.00),
(364, 115, 523, 1.00, 10.00, 10.00),
(365, 115, 655, 1.00, 5.90, 5.90),
(367, 115, 585, 1.00, 15.00, 15.00),
(370, 115, 738, 2.00, 36.25, 72.50),
(372, 107, 736, 1.00, 235.00, 235.00),
(373, 117, 739, 1.00, 73.85, 73.85),
(374, 118, 535, 1.00, 6.00, 6.00),
(375, 118, 668, 1.00, 3.10, 3.10),
(376, 118, 573, 1.00, 6.50, 6.50),
(379, 120, 584, 1.00, 18.10, 18.10),
(380, 121, 715, 1.00, 23.34, 23.34),
(381, 121, 523, 1.00, 10.00, 10.00),
(382, 122, 551, 1.00, 7.90, 7.90),
(383, 122, 551, 1.00, 7.90, 7.90),
(384, 123, 653, 1.00, 195.00, 195.00),
(385, 123, 508, 1.00, 42.00, 42.00),
(386, 124, 698, 1.00, 20.00, 20.00),
(387, 124, 612, 1.00, 12.50, 12.50),
(388, 124, 535, 1.00, 6.00, 6.00),
(389, 124, 528, 1.00, 21.10, 21.10),
(390, 124, 639, 1.00, 17.00, 17.00),
(391, 124, 558, 2.00, 1.00, 2.00),
(392, 119, 510, 1.00, 13.45, 13.45),
(393, 119, 686, 1.00, 12.00, 12.00),
(394, 125, 534, 1.00, 30.00, 30.00),
(395, 125, 539, 1.00, 3.50, 3.50),
(396, 127, 523, 1.00, 10.00, 10.00),
(397, 128, 649, 1.00, 7.50, 7.50),
(398, 128, 523, 1.00, 10.00, 10.00),
(399, 128, 581, 1.00, 1.50, 1.50),
(400, 128, 556, 1.00, 2.30, 2.30),
(401, 116, 523, 1.00, 10.00, 10.00),
(402, 130, 510, 1.00, 13.45, 13.45),
(403, 130, 514, 1.00, 13.45, 13.45),
(404, 131, 666, 1.00, 78.70, 78.70),
(405, 131, 546, 1.00, 3.00, 3.00),
(406, 131, 694, 1.00, 1.85, 1.85),
(407, 131, 524, 1.00, 8.50, 8.50),
(408, 131, 523, 1.00, 10.00, 10.00),
(410, 132, 528, 1.00, 21.10, 21.10),
(411, 133, 596, 1.00, 12.00, 12.00),
(413, 133, 556, 1.00, 2.30, 2.30),
(414, 134, 671, 1.00, 13.45, 13.45),
(416, 135, 523, 1.00, 10.00, 10.00),
(419, 135, 726, 1.00, 46.00, 46.00),
(420, 135, 655, 1.00, 5.90, 5.90),
(421, 136, 506, 1.00, 34.00, 34.00),
(422, 126, 524, 1.00, 8.50, 8.50),
(425, 126, 579, 1.00, 3.30, 3.30),
(426, 138, 508, 1.00, 42.00, 42.00),
(427, 139, 566, 1.00, 3.50, 3.50),
(428, 140, 702, 1.00, 57.15, 57.15),
(429, 141, 534, 1.00, 30.00, 30.00),
(430, 141, 529, 1.00, 7.30, 7.30),
(431, 142, 604, 1.00, 34.00, 34.00),
(432, 129, 531, 1.00, 5.15, 5.15),
(433, 129, 560, 2.00, 1.00, 2.00),
(434, 129, 562, 4.00, 1.00, 4.00),
(435, 144, 702, 1.00, 57.15, 57.15),
(436, 146, 553, 1.00, 2.30, 2.30),
(437, 147, 675, 1.00, 36.25, 36.25),
(438, 147, 612, 1.00, 12.50, 12.50),
(440, 148, 676, 1.00, 36.25, 36.25),
(441, 149, 606, 1.00, 2.50, 2.50),
(442, 149, 668, 1.00, 3.10, 3.10),
(443, 149, 609, 1.00, 3.70, 3.70),
(444, 137, 583, 1.00, 46.00, 46.00),
(445, 137, 523, 1.00, 10.00, 10.00),
(446, 143, 612, 1.00, 12.50, 12.50),
(447, 152, 523, 1.00, 10.00, 10.00),
(449, 150, 603, 1.00, 34.00, 34.00),
(450, 154, 638, 1.00, 39.30, 39.30),
(451, 154, 541, 1.00, 3.50, 3.50),
(454, 155, 523, 1.00, 10.00, 10.00),
(455, 155, 566, 1.00, 3.50, 3.50),
(456, 155, 510, 1.00, 13.45, 13.45),
(457, 156, 534, 1.00, 30.00, 30.00),
(458, 157, 523, 1.00, 10.00, 10.00),
(459, 153, 792, 1.00, 165.00, 165.00),
(460, 158, 639, 1.00, 17.00, 17.00),
(461, 158, 568, 1.00, 9.30, 9.30),
(463, 158, 612, 1.00, 12.50, 12.50),
(464, 158, 563, 1.00, 0.90, 0.90),
(465, 158, 563, 1.00, 0.90, 0.90),
(466, 158, 535, 1.00, 6.00, 6.00),
(467, 158, 535, 1.00, 6.00, 6.00),
(468, 160, 528, 1.00, 21.10, 21.10),
(469, 160, 551, 1.00, 7.90, 7.90),
(470, 160, 535, 1.00, 6.00, 6.00),
(471, 160, 613, 1.00, 14.00, 14.00),
(472, 160, 579, 1.00, 3.30, 3.30),
(473, 161, 586, 1.00, 6.00, 6.00),
(474, 162, 557, 1.00, 2.90, 2.90),
(475, 163, 539, 1.00, 3.50, 3.50),
(477, 164, 604, 1.00, 34.00, 34.00),
(478, 165, 705, 1.00, 31.75, 31.75),
(479, 166, 747, 2.00, 12.00, 24.00),
(480, 166, 743, 1.00, 1.20, 1.20),
(481, 166, 742, 1.00, 1.20, 1.20),
(482, 166, 661, 1.00, 1.20, 1.20),
(483, 166, 556, 1.00, 2.30, 2.30),
(484, 159, 568, 1.00, 9.30, 9.30),
(485, 168, 549, 1.00, 3.90, 3.90),
(486, 169, 595, 1.00, 12.00, 12.00),
(488, 170, 534, 3.00, 30.00, 90.00),
(489, 171, 535, 1.00, 6.00, 6.00),
(490, 171, 613, 1.00, 14.00, 14.00),
(491, 172, 760, 1.00, 9.50, 9.50),
(492, 173, 653, 1.00, 195.00, 195.00),
(493, 174, 508, 1.00, 42.00, 42.00),
(494, 174, 608, 1.00, 8.00, 8.00),
(495, 175, 514, 1.00, 13.45, 13.45),
(496, 167, 654, 1.00, 195.00, 195.00),
(497, 177, 675, 1.00, 36.25, 36.25),
(498, 177, 675, 1.00, 36.25, 36.25),
(499, 177, 612, 1.00, 12.50, 12.50),
(500, 177, 609, 1.00, 3.70, 3.70),
(501, 178, 794, 1.00, 31.75, 31.75),
(502, 179, 710, 1.00, 7.75, 7.75),
(503, 179, 790, 1.00, 6.50, 6.50),
(504, 180, 510, 1.00, 13.45, 13.45),
(505, 176, 721, 1.00, 165.00, 165.00),
(506, 176, 508, 1.00, 42.00, 42.00),
(507, 182, 743, 1.00, 1.20, 1.20),
(508, 182, 742, 1.00, 1.20, 1.20),
(509, 183, 539, 1.00, 3.50, 3.50),
(511, 183, 576, 1.00, 1.90, 1.90),
(512, 184, 657, 1.00, 11.55, 11.55),
(513, 185, 653, 1.00, 195.00, 195.00),
(515, 181, 773, 1.00, 13.20, 13.20),
(517, 181, 704, 1.00, 1.25, 1.25),
(518, 181, 704, 1.00, 1.25, 1.25),
(521, 188, 670, 1.00, 13.45, 13.45),
(523, 188, 781, 1.00, 22.00, 22.00),
(524, 189, 738, 1.00, 36.25, 36.25),
(525, 189, 668, 1.00, 3.10, 3.10),
(526, 190, 595, 1.00, 12.00, 12.00),
(528, 186, 612, 1.00, 12.50, 12.50),
(529, 192, 594, 1.00, 12.00, 12.00),
(530, 193, 531, 1.00, 5.15, 5.15),
(531, 193, 559, 4.00, 1.00, 4.00),
(532, 194, 723, 1.00, 48.00, 48.00),
(533, 195, 535, 1.00, 6.00, 6.00),
(534, 195, 613, 1.00, 14.00, 14.00),
(535, 196, 640, 1.00, 40.00, 40.00),
(536, 196, 546, 1.00, 3.00, 3.00),
(537, 196, 562, 1.00, 1.00, 1.00),
(538, 197, 531, 2.00, 5.15, 10.30),
(540, 197, 559, 5.00, 0.90, 4.50),
(541, 198, 703, 1.00, 57.15, 57.15),
(542, 199, 535, 1.00, 6.00, 6.00),
(543, 200, 738, 1.00, 36.25, 36.25),
(544, 200, 570, 1.00, 8.50, 8.50),
(546, 200, 606, 1.00, 2.50, 2.50),
(547, 201, 603, 1.00, 34.00, 34.00),
(548, 201, 599, 1.00, 1.50, 1.50),
(549, 201, 599, 1.00, 1.50, 1.50),
(550, 202, 653, 1.00, 195.00, 195.00),
(555, 203, 571, 1.00, 16.50, 16.50),
(556, 203, 608, 1.00, 8.00, 8.00),
(557, 203, 695, 1.00, 3.80, 3.80),
(558, 203, 535, 1.00, 6.00, 6.00),
(559, 204, 558, 2.00, 0.90, 1.80),
(561, 204, 565, 1.00, 3.00, 3.00),
(562, 204, 704, 1.00, 1.20, 1.20),
(563, 205, 748, 1.00, 12.00, 12.00),
(564, 206, 534, 1.00, 30.00, 30.00),
(565, 207, 771, 1.00, 21.00, 21.00),
(566, 208, 605, 1.00, 30.00, 30.00),
(567, 209, 604, 1.00, 34.00, 34.00),
(568, 210, 523, 1.00, 10.00, 10.00),
(569, 210, 609, 1.00, 3.70, 3.70),
(570, 211, 674, 1.00, 22.20, 22.20),
(571, 211, 556, 1.00, 2.30, 2.30),
(572, 211, 576, 1.00, 1.90, 1.90),
(573, 191, 791, 1.00, 23.00, 23.00),
(575, 191, 582, 1.00, 4.20, 4.20),
(576, 213, 778, 3.00, 82.00, 246.00),
(577, 213, 602, 2.00, 125.00, 250.00),
(580, 214, 529, 1.00, 10.00, 10.00),
(581, 212, 814, 1.00, 75.24, 75.24),
(582, 212, 771, 1.00, 21.00, 21.00),
(583, 212, 770, 1.00, 6.60, 6.60),
(584, 216, 817, 1.00, 36.00, 36.00),
(585, 217, 558, 2.00, 0.90, 1.80),
(586, 217, 562, 2.00, 1.20, 2.40),
(587, 217, 565, 1.00, 3.00, 3.00),
(588, 217, 539, 1.00, 3.50, 3.50),
(589, 217, 540, 1.00, 3.50, 3.50),
(590, 218, 646, 1.00, 135.00, 135.00),
(591, 218, 608, 1.00, 8.00, 8.00),
(592, 218, 613, 1.00, 14.00, 14.00),
(593, 218, 535, 1.00, 6.00, 6.00),
(594, 218, 612, 1.00, 12.50, 12.50),
(595, 219, 565, 2.00, 3.00, 6.00),
(596, 219, 668, 1.00, 3.10, 3.10),
(598, 220, 661, 3.00, 1.20, 3.60),
(599, 220, 743, 3.00, 1.20, 3.60),
(600, 220, 523, 1.00, 10.00, 10.00),
(602, 220, 773, 1.00, 13.20, 13.20),
(603, 221, 648, 1.00, 7.50, 7.50),
(604, 221, 542, 1.00, 3.50, 3.50),
(605, 215, 649, 1.00, 7.50, 7.50),
(606, 215, 790, 1.00, 6.50, 6.50),
(607, 215, 561, 1.00, 1.00, 1.00),
(609, 223, 681, 1.00, 39.30, 39.30),
(610, 222, 637, 1.00, 26.00, 26.00),
(611, 222, 541, 1.00, 3.50, 3.50),
(612, 222, 542, 1.00, 3.50, 3.50),
(613, 225, 747, 1.00, 12.00, 12.00),
(614, 226, 508, 1.00, 42.00, 42.00),
(615, 226, 612, 1.00, 12.50, 12.50),
(616, 226, 608, 1.00, 8.00, 8.00),
(617, 226, 535, 1.00, 6.00, 6.00),
(618, 227, 821, 1.00, 195.00, 195.00),
(619, 228, 799, 1.00, 36.25, 36.25),
(620, 229, 534, 2.00, 30.00, 60.00),
(621, 230, 571, 2.00, 16.50, 33.00),
(622, 230, 535, 2.00, 6.00, 12.00),
(623, 230, 668, 1.00, 3.10, 3.10),
(624, 230, 541, 1.00, 3.50, 3.50),
(625, 230, 548, 2.00, 25.00, 50.00),
(626, 231, 647, 1.00, 38.00, 38.00),
(627, 231, 679, 1.00, 39.30, 39.30),
(628, 232, 556, 1.00, 2.30, 2.30),
(629, 232, 586, 1.00, 6.00, 6.00),
(630, 232, 730, 1.00, 16.20, 16.20),
(631, 232, 596, 1.00, 12.00, 12.00),
(632, 232, 595, 1.00, 12.00, 12.00),
(634, 232, 551, 1.00, 7.90, 7.90),
(635, 232, 556, 4.00, 2.30, 9.20),
(636, 232, 522, 2.00, 13.75, 27.50),
(637, 232, 793, 1.00, 8.50, 8.50),
(640, 232, 668, 1.00, 3.10, 3.10),
(641, 232, 566, 2.00, 3.50, 7.00),
(642, 233, 666, 1.00, 78.70, 78.70),
(643, 234, 754, 1.00, 47.00, 47.00),
(644, 234, 778, 1.00, 82.00, 82.00),
(645, 235, 527, 1.00, 115.00, 115.00),
(646, 236, 603, 1.00, 34.00, 34.00),
(647, 237, 526, 1.00, 39.30, 39.30),
(648, 237, 535, 1.00, 6.00, 6.00),
(649, 237, 612, 1.00, 12.50, 12.50),
(650, 237, 597, 1.00, 18.00, 18.00),
(652, 237, 611, 1.00, 4.20, 4.20),
(653, 238, 760, 1.00, 9.50, 9.50),
(654, 224, 594, 1.00, 12.00, 12.00),
(655, 240, 557, 1.00, 2.90, 2.90),
(656, 239, 796, 1.00, 40.50, 40.50),
(657, 242, 831, 1.00, 3.50, 3.50),
(658, 242, 831, 1.00, 3.50, 3.50),
(659, 243, 605, 2.00, 30.00, 60.00),
(660, 244, 603, 1.00, 34.00, 34.00),
(661, 244, 539, 1.00, 3.50, 3.50),
(662, 245, 679, 1.00, 39.30, 39.30),
(663, 246, 600, 1.00, 1.50, 1.50),
(664, 247, 594, 1.00, 12.00, 12.00),
(665, 247, 719, 1.00, 12.00, 12.00),
(666, 248, 667, 1.00, 18.35, 18.35),
(667, 248, 578, 1.00, 1.30, 1.30),
(669, 241, 523, 1.00, 10.00, 10.00),
(670, 241, 764, 1.00, 15.60, 15.60),
(671, 250, 523, 1.00, 10.00, 10.00),
(672, 250, 583, 1.00, 46.00, 46.00),
(674, 250, 566, 1.00, 2.60, 2.60),
(675, 250, 836, 1.00, 2.50, 2.50),
(676, 250, 541, 1.00, 3.50, 3.50),
(677, 250, 740, 1.00, 3.50, 3.50),
(678, 250, 831, 1.00, 3.50, 3.50),
(679, 250, 613, 1.00, 10.00, 10.00),
(680, 250, 562, 1.00, 0.90, 0.90),
(681, 250, 608, 1.00, 8.00, 8.00),
(683, 250, 778, 1.00, 94.00, 94.00),
(684, 250, 547, 1.00, 15.00, 15.00),
(685, 249, 731, 1.00, 65.00, 65.00),
(686, 249, 846, 1.00, 40.00, 40.00),
(687, 249, 534, 10.00, 30.00, 300.00),
(688, 249, 653, 1.00, 200.00, 200.00),
(689, 249, 542, 1.00, 3.50, 3.50),
(690, 249, 539, 2.00, 3.50, 7.00),
(691, 249, 601, 5.00, 1.50, 7.50),
(692, 249, 600, 5.00, 1.50, 7.50),
(693, 249, 847, 1.00, 44.00, 44.00),
(694, 251, 547, 1.00, 15.00, 15.00),
(695, 251, 837, 1.00, 3.75, 3.75),
(696, 251, 549, 1.00, 3.90, 3.90),
(699, 252, 535, 1.00, 6.00, 6.00),
(700, 252, 566, 2.00, 3.50, 7.00),
(701, 252, 535, 1.00, 6.00, 6.00),
(702, 252, 680, 1.00, 39.30, 39.30),
(703, 252, 542, 2.00, 3.50, 7.00),
(704, 252, 838, 1.00, 5.00, 5.00),
(705, 254, 535, 1.00, 6.00, 6.00),
(706, 254, 613, 1.00, 10.00, 10.00),
(708, 255, 809, 1.00, 58.95, 58.95),
(709, 256, 604, 2.00, 34.00, 68.00),
(710, 257, 717, 1.00, 12.00, 12.00),
(711, 258, 640, 1.00, 40.00, 40.00),
(712, 258, 565, 48.00, 1.60, 76.80),
(713, 259, 540, 1.00, 3.50, 3.50),
(714, 260, 791, 1.00, 23.00, 23.00),
(715, 261, 717, 1.00, 12.00, 12.00),
(716, 253, 534, 1.00, 30.00, 30.00),
(717, 253, 625, 1.00, 165.00, 165.00),
(718, 253, 534, 1.00, 30.00, 30.00),
(720, 263, 793, 1.00, 8.50, 8.50),
(721, 263, 566, 1.00, 3.50, 3.50),
(723, 264, 836, 1.00, 2.50, 2.50),
(725, 264, 510, 1.00, 13.45, 13.45),
(726, 265, 700, 1.00, 200.00, 200.00),
(727, 265, 719, 2.00, 12.00, 24.00),
(728, 266, 540, 1.00, 3.50, 3.50),
(729, 266, 541, 1.00, 3.50, 3.50),
(730, 266, 558, 10.00, 0.90, 9.00),
(731, 267, 706, 1.00, 65.13, 65.13),
(733, 267, 523, 3.00, 10.00, 30.00),
(734, 267, 586, 1.00, 6.00, 6.00),
(735, 267, 553, 1.00, 2.30, 2.30),
(736, 267, 553, 1.00, 2.30, 2.30),
(737, 262, 674, 1.00, 22.20, 22.20),
(738, 269, 639, 1.00, 17.00, 17.00),
(739, 269, 605, 1.00, 30.00, 30.00),
(740, 269, 850, 1.00, 14.50, 14.50),
(741, 269, 510, 1.00, 13.45, 13.45),
(742, 269, 647, 1.00, 38.00, 38.00),
(743, 269, 566, 1.00, 3.50, 3.50),
(744, 269, 836, 1.00, 2.50, 2.50),
(745, 269, 841, 3.00, 1.80, 5.40),
(746, 269, 793, 1.00, 8.50, 8.50),
(747, 269, 538, 1.00, 3.00, 3.00),
(748, 269, 549, 1.00, 3.90, 3.90),
(749, 269, 660, 1.00, 23.90, 23.90),
(750, 270, 674, 1.00, 22.20, 22.20),
(751, 271, 820, 4.00, 39.30, 157.20),
(752, 271, 822, 1.00, 4.00, 4.00),
(753, 271, 613, 1.00, 10.00, 10.00),
(754, 272, 702, 1.00, 58.95, 58.95),
(755, 272, 822, 1.00, 4.00, 4.00),
(756, 272, 608, 1.00, 8.00, 8.00),
(757, 272, 831, 1.00, 3.50, 3.50),
(758, 272, 541, 1.00, 3.50, 3.50),
(759, 272, 639, 1.00, 17.00, 17.00),
(760, 272, 613, 1.00, 10.00, 10.00),
(761, 273, 595, 1.00, 12.00, 12.00),
(762, 274, 744, 1.00, 12.00, 12.00),
(763, 275, 656, 1.00, 20.90, 20.90),
(764, 276, 551, 1.00, 7.90, 7.90),
(765, 277, 791, 1.00, 23.00, 23.00),
(766, 277, 831, 1.00, 3.50, 3.50),
(767, 278, 660, 1.00, 23.90, 23.90),
(768, 278, 529, 1.00, 7.30, 7.30),
(769, 279, 612, 1.00, 10.00, 10.00),
(770, 280, 714, 1.00, 20.81, 20.81),
(771, 281, 624, 1.00, 14.00, 14.00),
(772, 282, 629, 1.00, 39.30, 39.30),
(773, 283, 793, 1.00, 8.50, 8.50),
(774, 283, 672, 1.00, 13.45, 13.45),
(775, 284, 670, 1.00, 13.45, 13.45),
(776, 284, 514, 1.00, 13.45, 13.45),
(777, 285, 830, 1.00, 3.80, 3.80),
(778, 285, 830, 1.00, 3.80, 3.80),
(779, 286, 729, 1.00, 7.80, 7.80),
(780, 286, 537, 1.00, 2.30, 2.30),
(781, 287, 510, 1.00, 13.45, 13.45),
(782, 288, 647, 1.00, 38.00, 38.00),
(783, 289, 584, 1.00, 18.10, 18.10),
(784, 289, 584, 1.00, 18.10, 18.10),
(785, 289, 523, 2.00, 10.00, 20.00),
(786, 289, 566, 1.00, 3.50, 3.50),
(787, 290, 551, 1.00, 7.90, 7.90),
(788, 291, 849, 1.00, 10.00, 10.00),
(789, 291, 550, 1.00, 3.20, 3.20),
(791, 292, 761, 1.00, 6.20, 6.20),
(792, 292, 556, 1.00, 2.30, 2.30),
(793, 292, 856, 1.00, 20.50, 20.50),
(794, 292, 556, 1.00, 2.30, 2.30),
(795, 292, 537, 1.00, 2.30, 2.30),
(796, 292, 550, 1.00, 3.20, 3.20),
(797, 293, 657, 1.00, 11.55, 11.55),
(798, 293, 546, 1.00, 3.00, 3.00),
(799, 294, 580, 1.00, 6.30, 6.30),
(800, 294, 837, 1.00, 3.75, 3.75),
(801, 295, 851, 1.00, 139.90, 139.90),
(803, 295, 847, 2.00, 44.00, 88.00),
(804, 296, 523, 1.00, 10.00, 10.00),
(805, 297, 841, 4.00, 1.80, 7.20),
(806, 297, 555, 5.00, 2.30, 11.50),
(807, 298, 506, 1.00, 34.00, 34.00),
(808, 299, 811, 1.00, 58.95, 58.95),
(809, 300, 681, 1.00, 39.30, 39.30),
(810, 300, 549, 1.00, 3.90, 3.90),
(811, 300, 741, 1.00, 3.50, 3.50),
(812, 300, 539, 3.00, 3.50, 10.50),
(813, 300, 831, 3.00, 3.50, 10.50),
(814, 300, 508, 1.00, 42.00, 42.00),
(815, 301, 508, 1.00, 42.00, 42.00),
(816, 301, 612, 1.00, 10.00, 10.00),
(817, 301, 535, 1.00, 6.00, 6.00),
(818, 301, 563, 1.00, 0.90, 0.90),
(819, 302, 625, 1.00, 165.00, 165.00),
(820, 302, 530, 1.00, 15.45, 15.45),
(821, 302, 801, 2.00, 3.50, 7.00),
(822, 302, 740, 1.00, 3.50, 3.50),
(823, 303, 653, 1.00, 200.00, 200.00),
(824, 303, 610, 1.00, 6.80, 6.80),
(825, 303, 612, 1.00, 10.00, 10.00),
(826, 303, 551, 2.00, 7.90, 15.80),
(827, 303, 801, 2.00, 3.50, 7.00),
(828, 303, 827, 8.00, 2.90, 23.20),
(829, 303, 799, 1.00, 36.25, 36.25),
(830, 304, 625, 1.00, 165.00, 165.00),
(831, 304, 534, 1.00, 30.00, 30.00),
(832, 305, 850, 1.00, 14.50, 14.50),
(833, 306, 648, 1.00, 7.50, 7.50),
(834, 306, 756, 1.00, 17.50, 17.50),
(835, 306, 836, 1.00, 2.50, 2.50),
(836, 307, 623, 1.00, 7.50, 7.50),
(837, 307, 622, 1.00, 11.00, 11.00),
(838, 307, 802, 1.00, 12.80, 12.80),
(839, 307, 579, 1.00, 4.70, 4.70),
(840, 307, 704, 1.00, 1.20, 1.20),
(841, 307, 525, 1.00, 23.50, 23.50),
(842, 307, 858, 1.00, 87.33, 87.33),
(843, 307, 860, 1.00, 43.90, 43.90),
(844, 307, 861, 1.00, 13.00, 13.00),
(846, 307, 575, 1.00, 25.00, 25.00),
(847, 268, 778, 1.00, 94.00, 94.00),
(848, 268, 546, 1.00, 3.00, 3.00),
(849, 268, 523, 1.00, 10.00, 10.00),
(850, 268, 838, 1.00, 5.00, 5.00),
(851, 268, 549, 1.00, 3.90, 3.90),
(852, 268, 529, 1.00, 7.30, 7.30),
(853, 268, 538, 1.00, 3.00, 3.00),
(854, 309, 653, 1.00, 200.00, 200.00),
(855, 309, 508, 1.00, 42.00, 42.00),
(856, 309, 605, 1.00, 30.00, 30.00),
(857, 309, 740, 1.00, 3.50, 3.50),
(858, 310, 654, 1.00, 200.00, 200.00),
(859, 310, 653, 1.00, 200.00, 200.00),
(860, 310, 551, 1.00, 7.90, 7.90),
(861, 310, 551, 2.00, 7.90, 15.80),
(862, 310, 603, 1.00, 34.00, 34.00),
(863, 310, 540, 2.00, 3.50, 7.00),
(864, 310, 644, 1.00, 3.50, 3.50),
(865, 310, 801, 1.00, 3.50, 3.50),
(866, 310, 794, 1.00, 31.75, 31.75),
(867, 310, 549, 2.00, 3.90, 7.80),
(868, 310, 801, 5.00, 3.50, 17.50),
(869, 310, 541, 2.00, 3.50, 7.00),
(870, 310, 800, 2.00, 63.00, 126.00),
(872, 310, 801, 6.00, 3.50, 21.00),
(873, 310, 520, 1.00, 11.10, 11.10),
(874, 310, 795, 1.00, 17.00, 17.00),
(875, 310, 523, 1.00, 10.00, 10.00),
(876, 310, 541, 2.00, 3.50, 7.00),
(877, 310, 566, 1.00, 3.50, 3.50),
(883, 310, 559, 1.00, 0.90, 0.90),
(884, 310, 815, 1.00, 53.00, 53.00),
(885, 310, 563, 1.00, 0.90, 0.90),
(886, 310, 563, 2.00, 0.90, 1.80),
(887, 310, 844, 1.00, 4.00, 4.00),
(888, 310, 695, 1.00, 3.80, 3.80),
(889, 310, 837, 1.00, 3.75, 3.75),
(891, 310, 610, 1.00, 6.80, 6.80),
(894, 310, 569, 2.00, 6.50, 13.00),
(895, 310, 622, 1.00, 11.00, 11.00),
(896, 310, 537, 1.00, 2.30, 2.30),
(897, 310, 538, 1.00, 3.00, 3.00),
(898, 310, 801, 1.00, 3.50, 3.50),
(899, 311, 605, 1.00, 30.00, 30.00),
(901, 312, 717, 1.00, 12.00, 12.00),
(902, 313, 604, 1.00, 34.00, 34.00),
(903, 313, 630, 1.00, 39.30, 39.30),
(904, 314, 565, 1.00, 2.00, 2.00),
(906, 314, 862, 1.00, 1.60, 1.60),
(907, 315, 565, 1.00, 2.00, 2.00),
(909, 315, 704, 1.00, 1.20, 1.20),
(910, 315, 581, 1.00, 2.40, 2.40),
(911, 315, 550, 1.00, 3.20, 3.20),
(912, 315, 512, 1.00, 13.45, 13.45),
(913, 315, 523, 1.00, 10.00, 10.00),
(914, 316, 523, 1.00, 10.00, 10.00),
(915, 317, 639, 1.00, 17.00, 17.00),
(916, 317, 529, 1.00, 7.30, 7.30),
(917, 318, 506, 1.00, 34.00, 34.00),
(918, 319, 830, 1.00, 3.80, 3.80),
(920, 320, 513, 1.00, 13.45, 13.45),
(921, 320, 510, 1.00, 13.45, 13.45),
(922, 320, 523, 2.00, 10.00, 20.00),
(923, 321, 623, 1.00, 7.50, 7.50),
(924, 321, 513, 1.00, 13.45, 13.45),
(925, 321, 510, 1.00, 13.45, 13.45),
(926, 321, 523, 2.00, 10.00, 20.00),
(927, 322, 551, 1.00, 7.90, 7.90),
(928, 323, 612, 2.00, 10.00, 20.00),
(929, 323, 837, 1.00, 3.75, 3.75),
(930, 323, 566, 1.00, 3.50, 3.50),
(931, 323, 822, 2.00, 4.00, 8.00),
(932, 324, 523, 1.00, 10.00, 10.00),
(933, 324, 523, 1.00, 10.00, 10.00),
(934, 325, 629, 1.00, 39.30, 39.30),
(935, 326, 863, 1.00, 139.90, 139.90),
(936, 326, 541, 1.00, 3.50, 3.50),
(937, 326, 741, 2.00, 3.50, 7.00),
(938, 327, 549, 2.00, 3.90, 7.80),
(939, 327, 729, 1.00, 7.80, 7.80),
(940, 327, 534, 2.00, 30.00, 60.00),
(941, 327, 815, 2.00, 53.00, 106.00),
(943, 328, 562, 4.00, 0.90, 3.60),
(944, 329, 506, 1.00, 34.00, 34.00),
(945, 329, 783, 1.00, 22.60, 22.60),
(946, 329, 741, 1.00, 3.50, 3.50),
(947, 330, 758, 1.00, 14.30, 14.30),
(948, 330, 675, 1.00, 36.25, 36.25),
(949, 330, 565, 1.00, 2.00, 2.00),
(950, 331, 822, 1.00, 4.00, 4.00),
(951, 332, 722, 1.00, 165.00, 165.00),
(952, 333, 533, 1.00, 13.45, 13.45),
(953, 333, 510, 1.00, 13.45, 13.45),
(954, 333, 695, 1.00, 3.80, 3.80),
(955, 333, 697, 1.00, 8.85, 8.85),
(956, 334, 513, 1.00, 13.45, 13.45),
(957, 335, 521, 1.00, 13.75, 13.75),
(958, 336, 523, 1.00, 10.00, 10.00),
(959, 336, 753, 1.00, 13.45, 13.45),
(960, 336, 586, 1.00, 6.00, 6.00),
(961, 336, 836, 2.00, 2.50, 5.00),
(962, 336, 549, 1.00, 3.90, 3.90),
(963, 337, 557, 1.00, 2.90, 2.90),
(964, 337, 553, 1.00, 2.30, 2.30),
(965, 338, 870, 1.00, 77.75, 77.75),
(966, 339, 755, 1.00, 13.45, 13.45),
(967, 340, 796, 1.00, 40.50, 40.50),
(968, 341, 773, 2.00, 13.20, 26.40),
(970, 342, 563, 2.00, 0.90, 1.80),
(971, 343, 682, 1.00, 39.30, 39.30),
(972, 344, 717, 1.00, 12.00, 12.00),
(973, 345, 703, 1.00, 57.15, 57.15),
(974, 346, 760, 1.00, 9.50, 9.50),
(976, 347, 656, 1.00, 20.90, 20.90),
(977, 348, 767, 1.00, 10.00, 10.00),
(978, 348, 828, 1.00, 2.30, 2.30),
(979, 348, 553, 1.00, 2.30, 2.30),
(980, 348, 837, 1.00, 3.75, 3.75),
(981, 349, 765, 1.00, 14.00, 14.00),
(982, 350, 565, 1.00, 2.00, 2.00),
(983, 350, 671, 1.00, 13.45, 13.45),
(984, 351, 506, 1.00, 34.00, 34.00),
(985, 351, 550, 1.00, 3.20, 3.20),
(986, 351, 824, 1.00, 8.00, 8.00),
(987, 351, 531, 1.00, 5.50, 5.50),
(988, 352, 878, 1.00, 25.00, 25.00),
(989, 353, 879, 1.00, 82.00, 82.00),
(990, 354, 872, 2.00, 28.00, 56.00),
(991, 354, 603, 1.00, 34.00, 34.00),
(992, 354, 630, 2.00, 39.30, 78.60),
(993, 354, 873, 1.00, 39.30, 39.30),
(994, 354, 639, 1.00, 17.00, 17.00),
(995, 354, 644, 1.00, 3.50, 3.50),
(996, 354, 608, 1.00, 8.00, 8.00),
(997, 354, 613, 1.00, 10.00, 10.00),
(998, 355, 550, 1.00, 3.20, 3.20),
(999, 356, 679, 1.00, 39.30, 39.30),
(1000, 357, 871, 1.00, 87.50, 87.50),
(1001, 357, 535, 1.00, 6.00, 6.00),
(1002, 358, 512, 1.00, 13.45, 13.45),
(1003, 359, 564, 5.00, 1.20, 6.00),
(1004, 359, 563, 2.00, 0.90, 1.80),
(1005, 359, 562, 10.00, 0.90, 9.00),
(1006, 359, 605, 6.00, 30.00, 180.00),
(1007, 360, 508, 2.00, 42.00, 84.00),
(1008, 360, 613, 1.00, 10.00, 10.00),
(1009, 361, 603, 2.00, 34.00, 68.00),
(1010, 362, 525, 1.00, 23.50, 23.50),
(1011, 363, 720, 1.00, 165.00, 165.00),
(1012, 364, 558, 2.00, 0.90, 1.80),
(1013, 365, 613, 2.00, 10.00, 20.00),
(1014, 365, 795, 1.00, 17.00, 17.00),
(1015, 365, 822, 2.00, 4.00, 8.00),
(1016, 365, 549, 1.00, 3.90, 3.90),
(1017, 365, 576, 1.00, 3.10, 3.10),
(1018, 365, 740, 1.00, 3.50, 3.50),
(1019, 365, 539, 1.00, 3.50, 3.50),
(1020, 365, 744, 1.00, 12.00, 12.00),
(1021, 365, 553, 2.00, 2.30, 4.60),
(1022, 366, 710, 1.00, 7.75, 7.75),
(1023, 367, 534, 3.00, 30.00, 90.00),
(1024, 367, 860, 4.00, 43.90, 175.60),
(1025, 367, 814, 1.00, 75.24, 75.24),
(1026, 368, 792, 1.00, 165.00, 165.00),
(1027, 369, 649, 1.00, 7.50, 7.50),
(1028, 370, 793, 1.00, 8.50, 8.50),
(1029, 370, 523, 1.00, 10.00, 10.00),
(1030, 370, 566, 1.00, 3.50, 3.50),
(1031, 370, 565, 1.00, 2.00, 2.00),
(1032, 370, 564, 7.00, 1.20, 8.40),
(1033, 370, 828, 8.00, 2.30, 18.40),
(1035, 372, 880, 1.00, 530.00, 530.00),
(1036, 373, 682, 1.00, 39.30, 39.30),
(1037, 373, 828, 1.00, 2.30, 2.30),
(1038, 373, 553, 1.00, 2.30, 2.30),
(1039, 373, 613, 1.00, 10.00, 10.00),
(1040, 374, 737, 1.00, 22.50, 22.50),
(1041, 375, 559, 4.00, 0.90, 3.60),
(1042, 375, 562, 4.00, 0.90, 3.60),
(1043, 376, 508, 1.00, 42.00, 42.00),
(1044, 376, 653, 1.00, 200.00, 200.00),
(1045, 376, 529, 1.00, 7.30, 7.30),
(1046, 376, 535, 1.00, 6.00, 6.00),
(1047, 377, 723, 1.00, 48.00, 48.00),
(1048, 377, 569, 1.00, 5.50, 5.50),
(1049, 378, 758, 1.00, 14.30, 14.30),
(1050, 379, 608, 1.00, 8.00, 8.00),
(1051, 380, 642, 1.00, 8.80, 8.80),
(1052, 381, 510, 2.00, 13.45, 26.90),
(1053, 381, 670, 1.00, 13.45, 13.45),
(1054, 381, 517, 1.00, 13.45, 13.45),
(1055, 381, 514, 1.00, 13.45, 13.45),
(1056, 381, 584, 1.00, 18.10, 18.10),
(1057, 382, 882, 1.00, 77.75, 77.75),
(1058, 383, 523, 1.00, 10.00, 10.00),
(1059, 384, 666, 5.00, 78.70, 393.50),
(1061, 384, 687, 3.00, 78.70, 236.10),
(1062, 385, 603, 2.00, 34.00, 68.00),
(1064, 386, 699, 1.00, 13.95, 13.95),
(1065, 387, 588, 1.00, 138.00, 138.00),
(1066, 387, 571, 1.00, 12.00, 12.00),
(1067, 387, 838, 1.00, 5.00, 5.00),
(1068, 387, 649, 1.00, 7.50, 7.50),
(1069, 387, 647, 1.00, 38.00, 38.00),
(1070, 387, 612, 1.00, 10.00, 10.00),
(1071, 387, 535, 1.00, 6.00, 6.00),
(1073, 388, 827, 4.00, 3.50, 14.00),
(1074, 389, 613, 1.00, 10.00, 10.00),
(1075, 389, 695, 1.00, 3.80, 3.80),
(1076, 389, 822, 1.00, 4.00, 4.00),
(1077, 389, 831, 2.00, 3.50, 7.00),
(1078, 389, 541, 1.00, 3.50, 3.50),
(1079, 389, 608, 1.00, 8.00, 8.00),
(1080, 390, 744, 3.00, 12.00, 36.00),
(1081, 391, 513, 1.00, 13.45, 13.45),
(1083, 391, 643, 1.00, 3.00, 3.00),
(1084, 392, 522, 1.00, 13.75, 13.75),
(1085, 392, 834, 1.00, 1.25, 1.25),
(1087, 393, 553, 2.00, 2.30, 4.60),
(1088, 394, 702, 1.00, 58.95, 58.95),
(1089, 395, 702, 1.00, 58.95, 58.95),
(1090, 395, 793, 1.00, 8.50, 8.50),
(1091, 396, 571, 1.00, 12.00, 12.00),
(1092, 396, 622, 1.00, 11.00, 11.00),
(1093, 396, 569, 1.00, 5.50, 5.50),
(1094, 396, 844, 1.00, 4.00, 4.00),
(1096, 396, 564, 3.00, 1.20, 3.60),
(1098, 397, 530, 1.00, 15.45, 15.45),
(1099, 398, 523, 1.00, 10.00, 10.00),
(1100, 399, 874, 1.00, 117.00, 117.00),
(1101, 400, 550, 1.00, 3.20, 3.20),
(1102, 401, 656, 1.00, 20.90, 20.90),
(1104, 401, 517, 1.00, 13.45, 13.45),
(1105, 401, 523, 1.00, 10.00, 10.00),
(1106, 402, 603, 1.00, 34.00, 34.00),
(1107, 403, 864, 2.00, 35.00, 70.00),
(1108, 404, 849, 1.00, 10.00, 10.00),
(1109, 405, 744, 2.00, 12.00, 24.00),
(1110, 406, 678, 1.00, 36.25, 36.25),
(1111, 406, 676, 1.00, 36.25, 36.25),
(1112, 406, 812, 1.00, 58.95, 58.95),
(1113, 406, 530, 1.00, 15.45, 15.45),
(1114, 406, 838, 2.00, 5.00, 10.00),
(1115, 406, 579, 1.00, 4.70, 4.70),
(1116, 406, 542, 1.00, 3.50, 3.50),
(1117, 406, 541, 1.00, 3.50, 3.50),
(1118, 406, 534, 4.00, 30.00, 120.00),
(1119, 406, 508, 1.00, 42.00, 42.00),
(1120, 407, 744, 3.00, 12.00, 36.00),
(1121, 408, 529, 1.00, 7.30, 7.30),
(1123, 408, 558, 4.00, 0.90, 3.60),
(1124, 409, 508, 1.00, 42.00, 42.00),
(1125, 410, 832, 1.00, 65.60, 65.60),
(1126, 410, 793, 2.00, 8.50, 17.00),
(1127, 410, 565, 2.00, 2.00, 4.00),
(1128, 411, 639, 1.00, 17.00, 17.00),
(1129, 411, 515, 1.00, 13.45, 13.45),
(1130, 411, 844, 1.00, 4.00, 4.00),
(1131, 411, 570, 1.00, 8.50, 8.50),
(1132, 411, 837, 1.00, 3.75, 3.75),
(1133, 412, 848, 1.00, 3.50, 3.50),
(1135, 413, 579, 1.00, 4.70, 4.70),
(1136, 413, 835, 1.00, 1.90, 1.90),
(1137, 413, 558, 6.00, 0.90, 5.40),
(1138, 413, 565, 1.00, 2.00, 2.00),
(1139, 413, 816, 1.00, 73.00, 73.00),
(1141, 414, 580, 1.00, 6.30, 6.30),
(1142, 415, 508, 2.00, 42.00, 84.00),
(1143, 416, 630, 1.00, 39.30, 39.30),
(1144, 417, 525, 1.00, 23.50, 23.50),
(1145, 417, 604, 1.00, 34.00, 34.00),
(1146, 417, 612, 1.00, 10.00, 10.00),
(1147, 417, 825, 1.00, 12.00, 12.00),
(1148, 417, 604, 1.00, 34.00, 34.00),
(1149, 418, 653, 1.00, 200.00, 200.00),
(1150, 419, 653, 1.00, 200.00, 200.00),
(1151, 420, 508, 1.00, 42.00, 42.00),
(1152, 421, 612, 2.00, 10.00, 20.00),
(1153, 421, 822, 1.00, 4.00, 4.00),
(1154, 421, 547, 1.00, 15.00, 15.00),
(1155, 422, 571, 1.00, 12.00, 12.00),
(1156, 422, 569, 1.00, 5.50, 5.50),
(1157, 422, 542, 2.00, 3.50, 7.00),
(1158, 422, 535, 1.00, 6.00, 6.00),
(1159, 422, 529, 1.00, 7.30, 7.30),
(1160, 422, 816, 1.00, 73.00, 73.00),
(1161, 422, 653, 1.00, 200.00, 200.00),
(1162, 422, 548, 1.00, 25.00, 25.00),
(1163, 423, 534, 1.00, 30.00, 30.00),
(1164, 423, 604, 1.00, 34.00, 34.00),
(1165, 424, 613, 1.00, 10.00, 10.00),
(1166, 424, 840, 1.00, 7.50, 7.50),
(1169, 425, 517, 2.00, 13.45, 26.90),
(1172, 426, 778, 1.00, 94.00, 94.00),
(1173, 426, 639, 1.00, 17.00, 17.00),
(1174, 426, 583, 1.00, 46.00, 46.00),
(1176, 426, 850, 4.00, 14.50, 58.00),
(1177, 426, 793, 2.00, 8.50, 17.00),
(1178, 426, 529, 1.00, 7.30, 7.30),
(1179, 426, 535, 1.00, 6.00, 6.00),
(1180, 426, 571, 1.00, 12.00, 12.00),
(1181, 426, 569, 1.00, 5.50, 5.50),
(1182, 426, 567, 1.00, 5.50, 5.50),
(1184, 426, 558, 3.00, 0.90, 2.70),
(1185, 426, 564, 3.00, 1.20, 3.60),
(1192, 426, 563, 2.00, 0.90, 1.80),
(1193, 426, 564, 1.00, 1.20, 1.20),
(1194, 426, 836, 1.00, 2.50, 2.50),
(1195, 426, 837, 1.00, 3.75, 3.75),
(1196, 426, 838, 1.00, 5.00, 5.00),
(1197, 426, 840, 1.00, 7.50, 7.50),
(1198, 427, 692, 1.00, 74.40, 74.40),
(1199, 428, 670, 1.00, 13.45, 13.45),
(1200, 428, 565, 2.00, 2.00, 4.00),
(1201, 428, 550, 1.00, 3.20, 3.20),
(1202, 429, 567, 1.00, 5.50, 5.50),
(1203, 430, 604, 2.00, 34.00, 68.00),
(1204, 430, 534, 2.00, 30.00, 60.00),
(1205, 431, 612, 1.00, 10.00, 10.00),
(1206, 431, 535, 1.00, 6.00, 6.00),
(1207, 432, 540, 2.00, 3.50, 7.00),
(1208, 433, 721, 1.00, 165.00, 165.00),
(1209, 433, 629, 1.00, 39.30, 39.30),
(1210, 434, 852, 2.00, 32.20, 64.40),
(1211, 435, 793, 2.00, 8.50, 17.00),
(1212, 436, 793, 1.00, 8.50, 8.50),
(1214, 436, 841, 1.00, 1.80, 1.80),
(1215, 436, 565, 1.00, 2.00, 2.00),
(1216, 437, 605, 1.00, 30.00, 30.00),
(1217, 438, 666, 1.00, 78.70, 78.70),
(1218, 438, 793, 2.00, 8.50, 17.00),
(1221, 439, 795, 1.00, 17.00, 17.00),
(1222, 440, 778, 1.00, 94.00, 94.00),
(1223, 441, 512, 1.00, 13.45, 13.45),
(1224, 442, 596, 1.00, 12.00, 12.00),
(1225, 443, 507, 1.00, 34.00, 34.00),
(1226, 444, 507, 1.00, 34.00, 34.00),
(1227, 444, 564, 4.00, 1.20, 4.80),
(1228, 444, 543, 1.00, 7.50, 7.50),
(1229, 444, 783, 1.00, 23.00, 23.00),
(1230, 445, 605, 1.00, 30.00, 30.00),
(1231, 446, 534, 2.00, 30.00, 60.00),
(1232, 447, 523, 1.00, 10.00, 10.00),
(1233, 448, 760, 1.00, 9.50, 9.50),
(1234, 449, 594, 1.00, 12.00, 12.00),
(1235, 449, 841, 1.00, 1.80, 1.80),
(1236, 450, 835, 1.00, 1.90, 1.90),
(1237, 450, 834, 1.00, 1.25, 1.25),
(1238, 450, 578, 1.00, 1.30, 1.30),
(1239, 450, 553, 1.00, 2.30, 2.30),
(1240, 451, 661, 1.00, 1.20, 1.20),
(1241, 451, 829, 1.00, 1.20, 1.20),
(1242, 451, 841, 1.00, 1.80, 1.80),
(1243, 452, 869, 1.00, 12.00, 12.00),
(1244, 453, 869, 1.00, 12.00, 12.00),
(1245, 454, 514, 1.00, 13.45, 13.45),
(1246, 454, 583, 1.00, 46.00, 46.00),
(1247, 455, 595, 1.00, 12.00, 12.00),
(1248, 456, 604, 1.00, 34.00, 34.00),
(1249, 456, 847, 1.00, 44.00, 44.00),
(1250, 457, 848, 2.00, 3.50, 7.00),
(1251, 457, 525, 1.00, 23.50, 23.50),
(1252, 457, 534, 3.00, 30.00, 90.00),
(1254, 457, 895, 3.00, 175.80, 527.40),
(1255, 458, 508, 1.00, 42.00, 42.00),
(1256, 459, 541, 1.00, 3.50, 3.50),
(1257, 460, 528, 1.00, 23.50, 23.50),
(1259, 460, 561, 6.00, 0.90, 5.40),
(1260, 460, 562, 2.00, 0.90, 1.80),
(1261, 460, 604, 1.00, 34.00, 34.00),
(1262, 461, 543, 1.00, 7.50, 7.50),
(1263, 462, 865, 1.00, 64.90, 64.90),
(1264, 463, 523, 1.00, 10.00, 10.00),
(1265, 464, 540, 2.00, 3.50, 7.00),
(1266, 465, 559, 10.00, 0.90, 9.00),
(1267, 465, 564, 2.00, 1.20, 2.40),
(1268, 465, 605, 1.00, 30.00, 30.00),
(1269, 466, 579, 2.00, 4.70, 9.40),
(1270, 466, 834, 1.00, 1.25, 1.25),
(1271, 466, 543, 1.00, 7.50, 7.50),
(1272, 466, 696, 1.00, 7.95, 7.95),
(1273, 467, 539, 1.00, 3.50, 3.50),
(1274, 468, 778, 1.00, 94.00, 94.00),
(1275, 469, 697, 2.00, 8.85, 17.70),
(1276, 469, 734, 1.00, 39.30, 39.30),
(1277, 469, 542, 2.00, 3.50, 7.00),
(1278, 470, 564, 8.00, 1.20, 9.60),
(1279, 470, 560, 4.00, 0.90, 3.60),
(1280, 471, 638, 2.00, 39.30, 78.60),
(1281, 472, 837, 1.00, 3.75, 3.75),
(1282, 472, 566, 1.00, 3.50, 3.50),
(1283, 472, 793, 1.00, 8.50, 8.50),
(1284, 472, 757, 1.00, 14.30, 14.30),
(1285, 473, 528, 1.00, 23.50, 23.50),
(1286, 473, 608, 1.00, 8.00, 8.00),
(1287, 473, 564, 4.00, 1.20, 4.80),
(1288, 474, 849, 1.00, 10.00, 10.00),
(1289, 475, 517, 1.00, 13.45, 13.45),
(1290, 476, 595, 1.00, 12.00, 12.00),
(1291, 473, 528, 1.00, 23.50, 23.50),
(1292, 477, 528, 1.00, 23.50, 23.50),
(1293, 478, 595, 1.00, 12.00, 12.00),
(1294, 479, 605, 1.00, 30.00, 30.00),
(1295, 480, 785, 1.00, 23.00, 23.00),
(1296, 481, 640, 1.00, 40.00, 40.00),
(1297, 481, 793, 2.00, 8.50, 17.00),
(1298, 481, 525, 1.00, 23.50, 23.50),
(1299, 481, 625, 1.00, 165.00, 165.00),
(1300, 481, 553, 5.00, 2.30, 11.50),
(1301, 481, 550, 3.00, 3.20, 9.60),
(1302, 481, 569, 2.00, 5.50, 11.00),
(1303, 481, 566, 2.00, 3.50, 7.00),
(1304, 481, 565, 2.00, 2.00, 4.00),
(1305, 481, 836, 1.00, 2.50, 2.50),
(1306, 481, 838, 1.00, 5.00, 5.00),
(1307, 481, 541, 2.00, 3.50, 7.00),
(1308, 481, 896, 2.00, 68.00, 136.00),
(1309, 481, 613, 1.00, 10.00, 10.00),
(1310, 482, 604, 3.00, 34.00, 102.00),
(1311, 482, 508, 1.00, 42.00, 42.00),
(1314, 482, 575, 1.00, 25.00, 25.00),
(1315, 483, 653, 1.00, 200.00, 200.00),
(1316, 484, 539, 2.00, 3.50, 7.00),
(1317, 484, 535, 1.00, 6.00, 6.00),
(1318, 484, 613, 1.00, 10.00, 10.00),
(1319, 484, 558, 2.00, 0.90, 1.80),
(1320, 485, 726, 1.00, 46.00, 46.00),
(1321, 486, 753, 1.00, 13.45, 13.45),
(1322, 486, 702, 1.00, 58.95, 58.95),
(1323, 487, 527, 1.00, 110.00, 110.00),
(1324, 487, 540, 1.00, 3.50, 3.50),
(1325, 487, 541, 1.00, 3.50, 3.50),
(1326, 487, 542, 1.00, 3.50, 3.50),
(1327, 487, 543, 1.00, 7.50, 7.50),
(1328, 488, 605, 1.00, 30.00, 30.00),
(1329, 489, 717, 1.00, 12.00, 12.00),
(1331, 490, 836, 1.00, 2.50, 2.50),
(1332, 490, 837, 1.00, 3.75, 3.75),
(1333, 492, 534, 1.00, 30.00, 30.00),
(1334, 494, 748, 1.00, 12.00, 12.00),
(1335, 494, 596, 1.00, 12.00, 12.00),
(1336, 494, 596, 1.00, 12.00, 12.00),
(1337, 494, 747, 1.00, 12.00, 12.00),
(1338, 494, 829, 2.00, 1.20, 2.40),
(1339, 494, 549, 1.00, 3.90, 3.90),
(1340, 495, 834, 1.00, 1.25, 1.25),
(1341, 496, 583, 1.00, 46.00, 46.00),
(1342, 497, 680, 2.00, 39.30, 78.60),
(1343, 497, 558, 5.00, 0.90, 4.50),
(1345, 497, 579, 1.00, 4.70, 4.70),
(1346, 498, 565, 1.00, 2.00, 2.00),
(1347, 499, 534, 1.00, 30.00, 30.00),
(1348, 499, 574, 1.00, 9.00, 9.00),
(1349, 499, 822, 1.00, 4.00, 4.00),
(1350, 499, 540, 1.00, 3.50, 3.50),
(1351, 499, 843, 1.00, 3.50, 3.50),
(1352, 499, 508, 1.00, 42.00, 42.00),
(1353, 500, 894, 1.00, 76.85, 76.85),
(1354, 501, 605, 2.00, 30.00, 60.00),
(1355, 502, 650, 3.00, 27.00, 81.00),
(1356, 502, 640, 1.00, 40.00, 40.00),
(1357, 503, 629, 1.00, 39.30, 39.30),
(1358, 503, 784, 1.00, 94.00, 94.00),
(1360, 503, 534, 1.00, 30.00, 30.00),
(1361, 503, 789, 1.00, 59.00, 59.00),
(1362, 503, 799, 1.00, 36.25, 36.25),
(1363, 504, 801, 1.00, 3.50, 3.50),
(1364, 505, 596, 1.00, 12.00, 12.00),
(1365, 505, 594, 1.00, 12.00, 12.00),
(1366, 506, 551, 1.00, 7.90, 7.90),
(1367, 507, 517, 1.00, 13.45, 13.45),
(1368, 507, 514, 1.00, 13.45, 13.45),
(1369, 507, 533, 1.00, 13.45, 13.45),
(1370, 507, 515, 1.00, 13.45, 13.45),
(1371, 507, 670, 1.00, 13.45, 13.45),
(1372, 507, 513, 1.00, 13.45, 13.45),
(1374, 507, 629, 3.00, 39.30, 117.90),
(1375, 507, 612, 1.00, 10.00, 10.00),
(1376, 507, 535, 1.00, 6.00, 6.00),
(1377, 508, 540, 2.00, 3.50, 7.00),
(1378, 509, 523, 1.00, 10.00, 10.00),
(1379, 510, 890, 1.00, 23.35, 23.35),
(1380, 510, 533, 1.00, 13.45, 13.45),
(1381, 511, 849, 1.00, 10.00, 10.00),
(1383, 512, 553, 10.00, 2.30, 23.00),
(1384, 512, 531, 1.00, 5.50, 5.50),
(1385, 512, 507, 3.00, 34.00, 102.00),
(1386, 512, 604, 2.00, 34.00, 68.00),
(1387, 512, 583, 2.00, 48.00, 96.00),
(1388, 512, 625, 2.00, 165.00, 330.00),
(1389, 512, 640, 1.00, 40.00, 40.00),
(1390, 512, 584, 1.00, 18.10, 18.10),
(1391, 512, 740, 1.00, 3.50, 3.50),
(1392, 512, 801, 1.00, 3.50, 3.50),
(1393, 512, 741, 1.00, 3.50, 3.50),
(1394, 512, 644, 2.00, 3.50, 7.00),
(1395, 512, 542, 1.00, 2.50, 2.50),
(1396, 512, 831, 1.00, 2.50, 2.50),
(1397, 513, 756, 4.00, 17.50, 70.00),
(1398, 513, 523, 1.00, 10.00, 10.00),
(1399, 514, 841, 1.00, 1.80, 1.80),
(1400, 515, 801, 1.00, 3.50, 3.50),
(1401, 516, 608, 1.00, 8.00, 8.00),
(1402, 516, 563, 1.00, 0.90, 0.90),
(1403, 516, 532, 1.00, 26.00, 26.00),
(1404, 516, 541, 1.00, 3.50, 3.50),
(1405, 516, 542, 1.00, 3.50, 3.50),
(1406, 516, 535, 1.00, 6.00, 6.00),
(1407, 516, 613, 1.00, 10.00, 10.00),
(1408, 516, 510, 1.00, 13.45, 13.45),
(1409, 516, 693, 1.00, 18.20, 18.20),
(1411, 517, 521, 1.00, 13.75, 13.75),
(1412, 517, 674, 1.00, 22.20, 22.20),
(1417, 517, 610, 1.00, 7.10, 7.10),
(1419, 518, 898, 2.00, 20.50, 41.00),
(1420, 518, 541, 2.00, 3.50, 7.00),
(1421, 518, 534, 1.00, 30.00, 30.00),
(1423, 519, 687, 3.00, 78.70, 236.10),
(1424, 520, 508, 1.00, 42.00, 42.00),
(1425, 521, 534, 2.00, 30.00, 60.00),
(1426, 521, 885, 1.00, 17.15, 17.15),
(1427, 521, 885, 1.00, 17.15, 17.15),
(1428, 522, 566, 2.00, 3.50, 7.00),
(1429, 522, 579, 1.00, 4.70, 4.70),
(1430, 523, 566, 2.00, 3.50, 7.00),
(1431, 523, 579, 1.00, 4.70, 4.70),
(1432, 523, 844, 1.00, 4.00, 4.00),
(1433, 524, 523, 1.00, 10.00, 10.00),
(1434, 525, 691, 2.00, 27.20, 54.40),
(1435, 526, 523, 1.00, 10.00, 10.00),
(1436, 526, 510, 1.00, 13.45, 13.45),
(1437, 526, 740, 2.00, 2.50, 5.00),
(1438, 526, 541, 1.00, 2.50, 2.50),
(1439, 526, 835, 1.00, 1.90, 1.90),
(1440, 526, 625, 1.00, 165.00, 165.00),
(1441, 527, 510, 1.00, 13.45, 13.45),
(1442, 527, 565, 1.00, 2.00, 2.00),
(1444, 528, 773, 1.00, 13.20, 13.20),
(1445, 529, 791, 1.00, 23.00, 23.00),
(1446, 530, 738, 2.00, 36.25, 72.50),
(1447, 530, 571, 1.00, 12.00, 12.00),
(1448, 530, 508, 1.00, 42.00, 42.00),
(1449, 531, 532, 1.00, 26.00, 26.00),
(1450, 532, 553, 2.00, 2.30, 4.60),
(1451, 532, 590, 2.00, 12.00, 24.00),
(1452, 532, 565, 2.00, 2.00, 4.00),
(1453, 532, 523, 1.00, 10.00, 10.00),
(1454, 533, 713, 1.00, 20.81, 20.81),
(1455, 533, 711, 1.00, 20.81, 20.81),
(1456, 533, 714, 1.00, 20.81, 20.81),
(1457, 533, 895, 1.00, 175.80, 175.80),
(1458, 534, 711, 2.00, 20.81, 41.62),
(1459, 535, 676, 1.00, 36.25, 36.25),
(1460, 536, 895, 1.00, 175.80, 175.80),
(1462, 536, 886, 1.00, 67.00, 67.00),
(1463, 537, 595, 1.00, 12.00, 12.00),
(1464, 538, 852, 2.00, 32.20, 64.40),
(1465, 538, 571, 2.00, 12.00, 24.00),
(1466, 538, 822, 1.00, 4.00, 4.00),
(1467, 538, 551, 1.00, 7.90, 7.90),
(1468, 539, 787, 1.00, 23.00, 23.00),
(1469, 539, 636, 1.00, 26.00, 26.00),
(1470, 540, 879, 1.00, 82.00, 82.00),
(1471, 540, 629, 1.00, 39.30, 39.30),
(1472, 540, 790, 1.00, 6.50, 6.50),
(1473, 541, 847, 1.00, 44.00, 44.00),
(1474, 541, 528, 1.00, 23.50, 23.50),
(1475, 541, 564, 1.00, 1.20, 1.20),
(1476, 542, 508, 1.00, 42.00, 42.00),
(1477, 542, 822, 1.00, 4.00, 4.00),
(1478, 542, 612, 1.00, 10.00, 10.00),
(1479, 543, 557, 3.00, 2.90, 8.70),
(1480, 543, 566, 1.00, 3.50, 3.50),
(1481, 543, 565, 1.00, 2.00, 2.00),
(1482, 543, 749, 1.00, 48.80, 48.80),
(1483, 543, 816, 1.00, 73.00, 73.00),
(1484, 543, 580, 1.00, 6.30, 6.30),
(1485, 543, 845, 1.00, 16.00, 16.00),
(1487, 544, 864, 1.00, 32.20, 32.20),
(1488, 545, 523, 1.00, 10.00, 10.00),
(1489, 546, 793, 2.00, 8.50, 17.00),
(1490, 547, 534, 1.00, 30.00, 30.00),
(1491, 547, 574, 1.00, 9.00, 9.00),
(1492, 547, 608, 1.00, 8.00, 8.00),
(1493, 547, 822, 1.00, 4.00, 4.00),
(1495, 547, 831, 1.00, 3.50, 3.50),
(1496, 547, 592, 1.00, 110.00, 110.00),
(1497, 547, 847, 1.00, 44.00, 44.00),
(1498, 547, 579, 1.00, 4.70, 4.70),
(1499, 547, 529, 1.00, 7.30, 7.30),
(1500, 547, 612, 1.00, 10.00, 10.00),
(1501, 548, 563, 2.00, 0.90, 1.80),
(1502, 548, 838, 1.00, 5.00, 5.00),
(1503, 548, 888, 1.00, 20.80, 20.80),
(1504, 548, 566, 1.00, 3.50, 3.50),
(1505, 548, 844, 1.00, 4.00, 4.00),
(1506, 549, 649, 1.00, 7.50, 7.50),
(1507, 549, 790, 1.00, 6.50, 6.50),
(1508, 550, 717, 1.00, 12.00, 12.00),
(1510, 551, 605, 2.00, 30.00, 60.00),
(1511, 552, 510, 1.00, 13.45, 13.45),
(1512, 553, 605, 1.00, 30.00, 30.00),
(1513, 554, 510, 2.00, 13.45, 26.90),
(1514, 555, 790, 1.00, 6.50, 6.50),
(1515, 556, 608, 1.00, 8.00, 8.00),
(1516, 556, 535, 1.00, 6.00, 6.00),
(1517, 556, 613, 1.00, 10.00, 10.00),
(1519, 556, 574, 1.00, 12.00, 12.00),
(1520, 556, 547, 1.00, 15.00, 15.00),
(1521, 556, 873, 1.00, 39.30, 39.30),
(1522, 556, 534, 3.00, 30.00, 90.00),
(1524, 556, 865, 1.00, 65.00, 65.00),
(1525, 556, 558, 5.00, 0.90, 4.50),
(1526, 556, 513, 1.00, 13.45, 13.45),
(1527, 556, 523, 1.00, 10.00, 10.00),
(1528, 556, 579, 1.00, 3.70, 3.70),
(1529, 556, 550, 1.00, 3.20, 3.20),
(1530, 557, 899, 1.00, 200.00, 200.00),
(1531, 558, 741, 2.00, 3.50, 7.00),
(1532, 559, 586, 1.00, 6.00, 6.00),
(1533, 559, 790, 1.00, 6.50, 6.50),
(1534, 559, 648, 1.00, 7.50, 7.50),
(1535, 559, 836, 1.00, 2.50, 2.50),
(1536, 559, 553, 1.00, 2.30, 2.30),
(1537, 560, 680, 1.00, 39.30, 39.30),
(1538, 561, 870, 1.00, 77.75, 77.75),
(1539, 562, 559, 3.00, 0.90, 2.70),
(1540, 563, 529, 1.00, 7.30, 7.30),
(1541, 564, 702, 1.00, 58.95, 58.95),
(1542, 564, 613, 1.00, 10.00, 10.00),
(1543, 564, 822, 1.00, 4.00, 4.00),
(1544, 565, 529, 1.00, 7.30, 7.30),
(1545, 565, 629, 1.00, 39.30, 39.30),
(1547, 565, 540, 1.00, 2.50, 2.50),
(1548, 565, 564, 2.00, 1.20, 2.40),
(1549, 565, 559, 3.00, 0.90, 2.70),
(1550, 566, 590, 1.00, 12.00, 12.00),
(1551, 566, 844, 1.00, 4.00, 4.00),
(1552, 566, 565, 1.00, 2.00, 2.00),
(1553, 566, 550, 1.00, 3.20, 3.20),
(1554, 567, 838, 1.00, 5.00, 5.00),
(1555, 568, 799, 1.00, 36.25, 36.25),
(1556, 569, 551, 1.00, 7.90, 7.90),
(1557, 569, 613, 1.00, 10.00, 10.00),
(1558, 570, 747, 1.00, 12.00, 12.00),
(1559, 570, 576, 1.00, 3.10, 3.10),
(1560, 570, 704, 1.00, 1.20, 1.20),
(1561, 571, 834, 1.00, 1.25, 1.25),
(1562, 571, 606, 1.00, 2.50, 2.50),
(1563, 572, 594, 2.00, 12.00, 24.00),
(1564, 573, 874, 1.00, 117.00, 117.00),
(1565, 573, 835, 1.00, 1.90, 1.90),
(1566, 573, 822, 1.00, 4.00, 4.00),
(1567, 573, 613, 1.00, 10.00, 10.00),
(1568, 574, 719, 2.00, 12.00, 24.00),
(1569, 575, 830, 1.00, 3.80, 3.80),
(1570, 576, 627, 1.00, 165.00, 165.00),
(1571, 577, 816, 1.00, 73.00, 73.00),
(1572, 577, 793, 1.00, 8.50, 8.50),
(1573, 578, 847, 1.00, 44.00, 44.00),
(1574, 579, 679, 1.00, 39.30, 39.30),
(1575, 579, 604, 1.00, 34.00, 34.00),
(1577, 579, 626, 1.00, 165.00, 165.00),
(1578, 579, 826, 1.00, 6.00, 6.00),
(1579, 579, 825, 1.00, 12.00, 12.00),
(1580, 308, 767, 1.00, 10.00, 10.00),
(1581, 581, 800, 1.00, 78.90, 78.90),
(1582, 582, 874, 1.00, 117.00, 117.00),
(1583, 583, 721, 1.00, 165.00, 165.00),
(1584, 584, 760, 1.00, 9.50, 9.50),
(1585, 584, 553, 2.00, 2.30, 4.60),
(1586, 585, 551, 1.00, 7.90, 7.90),
(1587, 586, 604, 2.00, 34.00, 68.00),
(1588, 586, 555, 6.00, 2.30, 13.80),
(1589, 586, 563, 3.00, 0.90, 2.70),
(1590, 586, 521, 1.00, 13.75, 13.75),
(1591, 587, 523, 1.00, 10.00, 10.00),
(1592, 587, 767, 1.00, 10.00, 10.00),
(1593, 587, 793, 1.00, 8.50, 8.50),
(1595, 587, 836, 1.00, 2.50, 2.50),
(1596, 587, 844, 1.00, 4.00, 4.00),
(1597, 587, 793, 1.00, 8.50, 8.50),
(1598, 587, 793, 1.00, 8.50, 8.50),
(1599, 587, 517, 1.00, 13.45, 13.45),
(1601, 587, 551, 1.00, 7.90, 7.90),
(1602, 587, 773, 1.00, 13.20, 13.20),
(1603, 588, 653, 1.00, 200.00, 200.00),
(1604, 588, 542, 1.00, 3.50, 3.50),
(1605, 588, 612, 1.00, 10.00, 10.00),
(1606, 589, 901, 1.00, 85.00, 85.00),
(1607, 589, 640, 1.00, 40.00, 40.00),
(1608, 590, 778, 1.00, 94.00, 94.00),
(1609, 591, 605, 1.00, 30.00, 30.00),
(1610, 592, 541, 1.00, 3.50, 3.50),
(1611, 592, 740, 1.00, 3.50, 3.50),
(1612, 593, 869, 2.00, 12.00, 24.00),
(1614, 594, 508, 1.00, 42.00, 42.00),
(1615, 594, 563, 20.00, 0.90, 18.00),
(1616, 595, 535, 1.00, 6.00, 6.00),
(1617, 595, 837, 1.00, 3.75, 3.75),
(1618, 595, 613, 2.00, 10.00, 20.00),
(1619, 595, 563, 2.00, 0.90, 1.80),
(1620, 595, 653, 2.00, 180.00, 360.00),
(1621, 596, 604, 1.00, 34.00, 34.00),
(1622, 597, 778, 1.00, 94.00, 94.00),
(1623, 597, 594, 2.00, 12.00, 24.00),
(1624, 597, 546, 1.00, 3.00, 3.00),
(1626, 597, 613, 1.00, 10.00, 10.00),
(1627, 597, 551, 1.00, 7.90, 7.90),
(1628, 597, 563, 2.00, 0.90, 1.80),
(1629, 597, 829, 10.00, 1.20, 12.00),
(1630, 597, 608, 1.00, 8.00, 8.00),
(1631, 597, 538, 1.00, 3.00, 3.00),
(1632, 597, 535, 1.00, 6.00, 6.00),
(1633, 597, 836, 1.00, 5.00, 5.00),
(1634, 597, 681, 1.00, 39.30, 39.30),
(1635, 597, 532, 1.00, 26.00, 26.00),
(1636, 598, 778, 1.00, 94.00, 94.00),
(1637, 598, 593, 1.00, 110.00, 110.00),
(1638, 599, 744, 1.00, 12.00, 12.00),
(1639, 599, 807, 1.00, 58.95, 58.95),
(1640, 599, 812, 1.00, 58.95, 58.95),
(1641, 580, 837, 1.00, 3.75, 3.75),
(1642, 601, 613, 1.00, 10.00, 10.00),
(1643, 602, 791, 1.00, 23.00, 23.00),
(1644, 602, 838, 1.00, 5.00, 5.00),
(1645, 602, 549, 1.00, 3.90, 3.90),
(1646, 603, 593, 1.00, 110.00, 110.00),
(1648, 604, 778, 1.00, 82.00, 82.00),
(1649, 604, 534, 1.00, 30.00, 30.00),
(1650, 604, 831, 6.00, 3.50, 21.00),
(1651, 605, 534, 1.00, 30.00, 30.00),
(1652, 606, 535, 1.00, 6.00, 6.00),
(1653, 606, 613, 1.00, 10.00, 10.00),
(1654, 607, 679, 1.00, 39.30, 39.30),
(1655, 608, 670, 2.00, 13.45, 26.90),
(1656, 609, 793, 1.00, 8.50, 8.50),
(1657, 610, 760, 1.00, 9.50, 9.50);
INSERT INTO `vendaitem` (`itemID`, `vendaID`, `produtoID`, `quantidade`, `valor`, `total`) VALUES
(1658, 610, 764, 1.00, 15.60, 15.60),
(1659, 610, 563, 1.00, 0.90, 0.90),
(1660, 610, 523, 1.00, 10.00, 10.00),
(1661, 611, 542, 1.00, 3.50, 3.50),
(1662, 611, 541, 1.00, 3.50, 3.50),
(1663, 611, 539, 1.00, 3.50, 3.50),
(1664, 612, 631, 1.00, 39.30, 39.30),
(1665, 612, 563, 2.00, 0.90, 1.80),
(1666, 613, 630, 1.00, 39.30, 39.30),
(1667, 613, 534, 1.00, 30.00, 30.00),
(1668, 614, 895, 1.00, 175.80, 175.80),
(1669, 614, 839, 1.00, 6.30, 6.30),
(1670, 614, 815, 1.00, 53.00, 53.00),
(1671, 614, 751, 1.00, 6.05, 6.05),
(1672, 615, 674, 1.00, 22.20, 22.20),
(1673, 615, 839, 1.00, 6.30, 6.30),
(1674, 616, 560, 3.00, 0.90, 2.70),
(1675, 617, 595, 1.00, 12.00, 12.00),
(1676, 617, 888, 1.00, 20.80, 20.80),
(1677, 618, 864, 1.00, 35.00, 35.00),
(1678, 618, 854, 1.00, 32.20, 32.20),
(1679, 619, 729, 2.00, 7.80, 15.60),
(1680, 620, 576, 2.00, 3.10, 6.20),
(1681, 620, 576, 2.00, 3.10, 6.20),
(1682, 620, 839, 1.00, 6.30, 6.30),
(1683, 620, 844, 1.00, 4.00, 4.00),
(1684, 620, 740, 6.00, 2.50, 15.00),
(1685, 620, 608, 1.00, 8.00, 8.00),
(1687, 620, 662, 1.00, 5.50, 5.50),
(1688, 620, 613, 1.00, 10.00, 10.00),
(1690, 620, 740, 2.00, 2.50, 5.00),
(1691, 620, 551, 1.00, 7.90, 7.90),
(1692, 620, 535, 1.00, 6.00, 6.00),
(1693, 621, 811, 1.00, 58.95, 58.95),
(1694, 622, 765, 1.00, 14.00, 14.00),
(1695, 623, 537, 1.00, 2.30, 2.30),
(1696, 624, 778, 1.00, 94.00, 94.00),
(1697, 624, 508, 1.00, 42.00, 42.00),
(1698, 625, 530, 1.00, 15.45, 15.45),
(1699, 625, 563, 1.00, 0.90, 0.90),
(1700, 625, 557, 1.00, 2.90, 2.90),
(1701, 625, 541, 1.00, 3.50, 3.50),
(1702, 626, 510, 1.00, 13.45, 13.45),
(1703, 627, 529, 1.00, 7.30, 7.30),
(1704, 628, 510, 1.00, 13.45, 13.45),
(1705, 628, 562, 1.00, 0.90, 0.90),
(1706, 629, 657, 1.00, 11.55, 11.55),
(1707, 629, 523, 1.00, 10.00, 10.00),
(1708, 630, 689, 1.00, 41.40, 41.40),
(1710, 631, 738, 2.00, 36.25, 72.50),
(1711, 631, 800, 3.00, 78.90, 236.70),
(1712, 632, 523, 1.00, 10.00, 10.00),
(1713, 633, 526, 1.00, 39.30, 39.30),
(1714, 633, 559, 2.00, 0.90, 1.80),
(1715, 633, 563, 2.00, 0.90, 1.80),
(1716, 634, 760, 2.00, 9.50, 19.00),
(1717, 635, 521, 1.00, 13.75, 13.75),
(1718, 635, 566, 1.00, 3.50, 3.50),
(1719, 636, 608, 1.00, 8.00, 8.00),
(1720, 637, 508, 1.00, 42.00, 42.00),
(1721, 638, 508, 1.00, 42.00, 42.00),
(1722, 638, 612, 1.00, 10.00, 10.00),
(1725, 639, 605, 1.00, 30.00, 30.00),
(1726, 640, 506, 2.00, 34.00, 68.00),
(1727, 641, 647, 1.00, 38.00, 38.00),
(1728, 642, 856, 1.00, 20.50, 20.50),
(1729, 642, 560, 1.00, 0.90, 0.90),
(1730, 643, 528, 1.00, 23.50, 23.50),
(1731, 643, 566, 1.00, 3.50, 3.50),
(1732, 644, 518, 1.00, 13.45, 13.45),
(1733, 645, 510, 2.00, 13.45, 26.90),
(1734, 645, 523, 1.00, 10.00, 10.00),
(1735, 646, 613, 1.00, 10.00, 10.00),
(1736, 646, 535, 1.00, 6.00, 6.00),
(1737, 647, 767, 1.00, 10.00, 10.00),
(1739, 647, 566, 1.00, 3.50, 3.50),
(1741, 648, 813, 1.00, 58.95, 58.95),
(1742, 648, 881, 2.00, 23.00, 46.00),
(1743, 648, 702, 1.00, 58.95, 58.95),
(1744, 648, 531, 1.00, 5.50, 5.50),
(1745, 648, 839, 1.00, 6.30, 6.30),
(1746, 648, 550, 1.00, 3.20, 3.20),
(1747, 648, 613, 1.00, 10.00, 10.00),
(1748, 649, 814, 1.00, 75.24, 75.24),
(1749, 650, 550, 1.00, 3.20, 3.20),
(1750, 651, 634, 1.00, 26.00, 26.00),
(1751, 651, 819, 1.00, 39.30, 39.30),
(1752, 651, 791, 1.00, 23.00, 23.00),
(1753, 651, 513, 1.00, 13.45, 13.45),
(1754, 651, 839, 1.00, 6.30, 6.30),
(1755, 651, 563, 3.00, 0.90, 2.70),
(1756, 651, 523, 1.00, 10.00, 10.00),
(1757, 652, 523, 1.00, 10.00, 10.00),
(1758, 653, 629, 1.00, 39.30, 39.30),
(1759, 653, 539, 2.00, 2.50, 5.00),
(1760, 654, 911, 1.00, 85.00, 85.00),
(1761, 654, 912, 1.00, 85.00, 85.00),
(1762, 654, 913, 1.00, 85.00, 85.00),
(1763, 655, 624, 1.00, 14.00, 14.00),
(1766, 656, 835, 1.00, 2.00, 2.00),
(1767, 657, 584, 2.00, 18.10, 36.20),
(1768, 657, 523, 1.00, 10.00, 10.00),
(1769, 657, 576, 2.00, 1.90, 3.80),
(1770, 658, 508, 1.00, 42.00, 42.00),
(1771, 659, 510, 1.00, 13.45, 13.45),
(1772, 659, 841, 1.00, 1.80, 1.80),
(1773, 660, 791, 1.00, 23.00, 23.00),
(1774, 660, 559, 1.00, 0.90, 0.90),
(1775, 661, 514, 1.00, 13.45, 13.45),
(1776, 661, 517, 1.00, 13.45, 13.45),
(1777, 661, 576, 1.00, 3.10, 3.10),
(1778, 661, 835, 1.00, 1.90, 1.90),
(1779, 661, 549, 1.00, 3.90, 3.90),
(1780, 662, 605, 1.00, 30.00, 30.00),
(1781, 663, 551, 1.00, 7.90, 7.90),
(1782, 664, 801, 1.00, 3.50, 3.50),
(1783, 665, 876, 1.00, 200.00, 200.00),
(1784, 665, 631, 1.00, 39.30, 39.30),
(1785, 666, 708, 1.00, 65.13, 65.13),
(1786, 666, 782, 1.00, 94.00, 94.00),
(1787, 666, 635, 1.00, 26.00, 26.00),
(1788, 666, 613, 1.00, 10.00, 10.00),
(1789, 666, 568, 1.00, 9.30, 9.30),
(1790, 666, 839, 1.00, 6.30, 6.30),
(1791, 666, 822, 1.00, 4.00, 4.00),
(1792, 667, 824, 1.00, 8.00, 8.00),
(1793, 668, 849, 2.00, 10.00, 20.00),
(1794, 669, 531, 1.00, 5.50, 5.50),
(1795, 669, 563, 1.00, 0.90, 0.90),
(1796, 670, 595, 1.00, 12.00, 12.00),
(1797, 670, 523, 1.00, 10.00, 10.00),
(1798, 671, 533, 1.00, 13.45, 13.45),
(1799, 671, 670, 1.00, 13.45, 13.45),
(1800, 671, 514, 1.00, 13.45, 13.45),
(1801, 671, 515, 1.00, 13.45, 13.45),
(1802, 672, 811, 1.00, 58.95, 58.95),
(1803, 673, 767, 1.00, 10.00, 10.00),
(1804, 674, 531, 1.00, 5.50, 5.50),
(1805, 674, 544, 1.00, 5.50, 5.50),
(1806, 675, 541, 1.00, 3.50, 3.50),
(1807, 675, 540, 1.00, 3.50, 3.50),
(1808, 675, 843, 1.00, 3.50, 3.50),
(1809, 676, 888, 1.00, 20.80, 20.80),
(1818, 677, 629, 2.00, 39.30, 78.60),
(1819, 677, 741, 1.00, 3.50, 3.50),
(1820, 677, 571, 1.00, 12.00, 12.00),
(1821, 677, 822, 1.00, 4.00, 4.00),
(1822, 678, 604, 1.00, 34.00, 34.00),
(1823, 678, 914, 1.00, 34.00, 34.00),
(1824, 678, 525, 1.00, 23.50, 23.50),
(1826, 678, 574, 1.00, 9.00, 9.00),
(1827, 678, 563, 2.00, 0.90, 1.80),
(1828, 679, 639, 1.00, 17.00, 17.00),
(1829, 680, 523, 1.00, 10.00, 10.00),
(1830, 680, 546, 1.00, 3.00, 3.00),
(1831, 681, 771, 1.00, 21.00, 21.00),
(1832, 682, 629, 1.00, 39.30, 39.30),
(1833, 682, 529, 1.00, 7.30, 7.30),
(1834, 682, 604, 1.00, 34.00, 34.00),
(1835, 682, 560, 2.00, 0.90, 1.80),
(1836, 683, 613, 2.00, 10.00, 20.00),
(1837, 683, 822, 2.00, 4.00, 8.00),
(1838, 683, 608, 1.00, 8.00, 8.00),
(1839, 683, 839, 1.00, 6.30, 6.30),
(1840, 683, 539, 1.00, 3.50, 3.50),
(1841, 683, 831, 1.00, 3.50, 3.50),
(1842, 683, 741, 1.00, 3.50, 3.50),
(1843, 683, 778, 1.00, 94.00, 94.00),
(1844, 683, 534, 1.00, 30.00, 30.00),
(1845, 683, 575, 1.00, 25.00, 25.00),
(1846, 684, 523, 1.00, 10.00, 10.00),
(1847, 685, 640, 1.00, 40.00, 40.00),
(1848, 685, 793, 2.00, 8.50, 17.00),
(1849, 685, 910, 1.00, 13.45, 13.45),
(1850, 685, 584, 1.00, 18.10, 18.10),
(1851, 685, 886, 1.00, 60.90, 60.90),
(1852, 685, 583, 1.00, 48.00, 48.00),
(1853, 685, 887, 1.00, 60.90, 60.90),
(1854, 685, 669, 1.00, 65.13, 65.13),
(1855, 685, 916, 1.00, 15.00, 15.00),
(1856, 686, 537, 1.00, 2.30, 2.30),
(1857, 686, 529, 1.00, 7.30, 7.30),
(1858, 686, 625, 2.00, 165.00, 330.00),
(1859, 687, 549, 2.00, 3.90, 7.80),
(1860, 688, 546, 1.00, 3.00, 3.00),
(1861, 689, 523, 1.00, 10.00, 10.00),
(1862, 690, 629, 1.00, 39.30, 39.30),
(1863, 690, 529, 1.00, 7.30, 7.30),
(1864, 691, 534, 1.00, 30.00, 30.00),
(1865, 691, 574, 1.00, 9.00, 9.00),
(1866, 691, 822, 1.00, 4.00, 4.00),
(1867, 692, 806, 1.00, 58.95, 58.95),
(1868, 693, 634, 1.00, 26.00, 26.00),
(1870, 694, 740, 1.00, 3.50, 3.50),
(1871, 695, 747, 1.00, 12.00, 12.00),
(1872, 695, 549, 1.00, 3.90, 3.90),
(1873, 695, 537, 1.00, 2.30, 2.30),
(1874, 695, 704, 1.00, 1.20, 1.20),
(1875, 696, 783, 1.00, 23.00, 23.00),
(1876, 696, 791, 1.00, 23.00, 23.00),
(1877, 697, 605, 1.00, 30.00, 30.00),
(1879, 698, 789, 1.00, 59.00, 59.00),
(1880, 699, 758, 1.00, 14.30, 14.30),
(1881, 699, 793, 1.00, 8.50, 8.50),
(1882, 600, 778, 1.00, 94.00, 94.00),
(1883, 600, 507, 1.00, 34.00, 34.00),
(1884, 600, 549, 1.00, 3.90, 3.90),
(1885, 600, 801, 1.00, 3.50, 3.50),
(1886, 600, 540, 1.00, 3.50, 3.50),
(1888, 600, 563, 1.00, 0.90, 0.90),
(1889, 701, 565, 1.00, 2.00, 2.00),
(1891, 701, 579, 1.00, 4.70, 4.70),
(1892, 701, 529, 1.00, 7.30, 7.30),
(1893, 701, 551, 1.00, 7.90, 7.90),
(1894, 701, 539, 1.00, 3.50, 3.50),
(1895, 701, 549, 1.00, 3.90, 3.90),
(1896, 701, 843, 1.00, 3.50, 3.50),
(1897, 702, 583, 1.00, 48.00, 48.00),
(1898, 702, 702, 1.00, 58.95, 58.95),
(1899, 702, 793, 1.00, 8.50, 8.50),
(1900, 703, 510, 1.00, 13.45, 13.45),
(1901, 704, 679, 1.00, 39.30, 39.30),
(1902, 704, 529, 1.00, 7.30, 7.30),
(1903, 704, 822, 1.00, 4.00, 4.00),
(1904, 704, 562, 1.00, 0.90, 0.90),
(1905, 704, 608, 1.00, 8.00, 8.00),
(1906, 704, 613, 1.00, 10.00, 10.00),
(1907, 704, 579, 1.00, 4.70, 4.70),
(1908, 704, 793, 1.00, 8.50, 8.50),
(1909, 705, 921, 2.00, 55.00, 110.00),
(1910, 705, 824, 1.00, 8.00, 8.00),
(1911, 705, 825, 1.00, 12.00, 12.00),
(1912, 706, 508, 2.00, 42.00, 84.00),
(1913, 707, 604, 1.00, 34.00, 34.00),
(1914, 700, 747, 2.00, 12.00, 24.00),
(1915, 708, 793, 1.00, 8.50, 8.50),
(1916, 709, 565, 1.00, 2.00, 2.00),
(1917, 710, 521, 1.00, 13.75, 13.75),
(1918, 710, 579, 1.00, 4.70, 4.70),
(1919, 710, 559, 2.00, 0.90, 1.80),
(1920, 710, 589, 1.00, 138.00, 138.00),
(1921, 711, 922, 1.00, 19.50, 19.50),
(1922, 712, 835, 1.00, 1.90, 1.90),
(1923, 713, 908, 1.00, 23.00, 23.00),
(1924, 713, 526, 1.00, 39.30, 39.30),
(1925, 713, 780, 1.00, 94.00, 94.00),
(1927, 713, 613, 1.00, 10.00, 10.00),
(1928, 713, 563, 1.00, 0.90, 0.90),
(1932, 714, 907, 1.00, 82.00, 82.00),
(1933, 714, 791, 1.00, 23.00, 23.00),
(1934, 714, 580, 1.00, 6.30, 6.30),
(1935, 715, 793, 2.00, 8.50, 17.00),
(1936, 716, 534, 4.00, 30.00, 120.00),
(1937, 717, 510, 1.00, 13.45, 13.45),
(1938, 717, 835, 1.00, 1.90, 1.90),
(1939, 717, 790, 1.00, 6.50, 6.50),
(1940, 718, 923, 1.00, 58.95, 58.95),
(1941, 718, 613, 1.00, 10.00, 10.00),
(1942, 718, 822, 1.00, 4.00, 4.00),
(1943, 718, 828, 1.00, 2.30, 2.30),
(1944, 718, 578, 1.00, 1.30, 1.30),
(1945, 719, 640, 1.00, 40.00, 40.00),
(1946, 719, 551, 1.00, 7.90, 7.90),
(1947, 720, 562, 1.00, 0.90, 0.90),
(1948, 721, 816, 1.00, 80.00, 80.00),
(1949, 721, 566, 1.00, 3.50, 3.50),
(1950, 721, 563, 2.00, 0.90, 1.80),
(1951, 722, 862, 1.00, 1.60, 1.60),
(1952, 722, 704, 1.00, 1.20, 1.20),
(1953, 722, 835, 1.00, 1.90, 1.90),
(1954, 722, 576, 1.00, 3.10, 3.10),
(1956, 723, 612, 1.00, 10.00, 10.00),
(1957, 723, 535, 1.00, 6.00, 6.00),
(1958, 724, 697, 2.00, 9.00, 18.00),
(1959, 725, 865, 1.00, 64.90, 64.90),
(1960, 726, 510, 1.00, 13.45, 13.45),
(1961, 726, 790, 1.00, 6.50, 6.50),
(1962, 726, 835, 1.00, 1.90, 1.90),
(1963, 727, 793, 1.00, 8.50, 8.50),
(1964, 728, 584, 1.00, 18.10, 18.10),
(1965, 729, 548, 1.00, 25.00, 25.00),
(1966, 730, 906, 1.00, 82.00, 82.00),
(1967, 730, 791, 1.00, 23.00, 23.00),
(1968, 731, 639, 1.00, 17.00, 17.00),
(1969, 731, 549, 2.00, 3.90, 7.80),
(1970, 731, 539, 1.00, 2.50, 2.50),
(1971, 731, 741, 1.00, 2.50, 2.50),
(1972, 732, 849, 2.00, 10.00, 20.00),
(1973, 734, 830, 1.00, 3.80, 3.80),
(1974, 733, 730, 1.00, 16.20, 16.20),
(1975, 736, 906, 1.00, 82.00, 82.00),
(1976, 736, 822, 1.00, 4.00, 4.00),
(1977, 736, 563, 3.00, 0.90, 2.70),
(1978, 736, 613, 1.00, 10.00, 10.00),
(1979, 737, 613, 1.00, 10.00, 10.00),
(1980, 738, 791, 1.00, 23.00, 23.00),
(1981, 739, 520, 1.00, 11.10, 11.10),
(1982, 739, 793, 1.00, 8.50, 8.50),
(1983, 740, 860, 1.00, 42.00, 42.00),
(1984, 741, 613, 1.00, 10.00, 10.00),
(1985, 742, 559, 4.00, 0.90, 3.60),
(1986, 742, 535, 1.00, 6.00, 6.00),
(1987, 742, 613, 1.00, 10.00, 10.00),
(1988, 743, 559, 2.00, 0.90, 1.80),
(1989, 743, 551, 1.00, 7.90, 7.90),
(1990, 744, 888, 1.00, 20.80, 20.80),
(1991, 745, 857, 1.00, 1.50, 1.50),
(1992, 745, 715, 1.00, 23.34, 23.34),
(1996, 746, 550, 3.00, 3.20, 9.60),
(1997, 746, 608, 1.00, 8.00, 8.00),
(1998, 747, 710, 1.00, 7.75, 7.75),
(1999, 747, 862, 1.00, 1.60, 1.60),
(2000, 748, 549, 1.00, 3.90, 3.90),
(2001, 749, 908, 1.00, 23.00, 23.00),
(2002, 749, 781, 1.00, 23.00, 23.00),
(2003, 749, 831, 2.00, 3.50, 7.00),
(2004, 750, 508, 1.00, 42.00, 42.00),
(2005, 751, 523, 1.00, 10.00, 10.00),
(2006, 751, 513, 1.00, 13.45, 13.45),
(2007, 751, 897, 1.00, 4.50, 4.50),
(2009, 752, 539, 1.00, 2.50, 2.50),
(2010, 752, 793, 1.00, 8.50, 8.50),
(2011, 752, 844, 1.00, 4.00, 4.00),
(2012, 752, 838, 1.00, 5.00, 5.00),
(2013, 753, 639, 1.00, 17.00, 17.00),
(2014, 754, 717, 1.00, 12.00, 12.00),
(2015, 755, 565, 20.00, 2.00, 40.00),
(2016, 756, 596, 1.00, 12.00, 12.00),
(2017, 756, 684, 1.00, 12.00, 12.00),
(2018, 757, 594, 1.00, 12.00, 12.00),
(2019, 757, 843, 1.00, 3.50, 3.50),
(2020, 758, 510, 1.00, 13.45, 13.45),
(2021, 758, 790, 1.00, 6.50, 6.50),
(2022, 759, 756, 1.00, 19.20, 19.20),
(2023, 760, 679, 1.00, 39.30, 39.30),
(2024, 760, 539, 1.00, 3.50, 3.50),
(2025, 761, 549, 1.00, 3.90, 3.90),
(2026, 762, 523, 1.00, 10.00, 10.00),
(2027, 735, 905, 1.00, 82.00, 82.00),
(2028, 735, 865, 1.00, 64.90, 64.90),
(2029, 735, 535, 1.00, 6.00, 6.00),
(2030, 735, 608, 1.00, 8.00, 8.00),
(2031, 735, 613, 1.00, 10.00, 10.00),
(2032, 735, 579, 1.00, 4.70, 4.70),
(2033, 735, 908, 1.00, 23.00, 23.00),
(2035, 764, 897, 1.00, 4.50, 4.50),
(2036, 764, 900, 1.00, 7.95, 7.95),
(2037, 765, 890, 1.00, 23.35, 23.35),
(2038, 765, 553, 1.00, 2.30, 2.30),
(2039, 765, 838, 1.00, 5.00, 5.00),
(2040, 765, 565, 1.00, 2.00, 2.00),
(2041, 766, 828, 1.00, 2.30, 2.30),
(2042, 767, 761, 1.00, 6.20, 6.20),
(2044, 768, 599, 8.00, 1.50, 12.00),
(2045, 769, 510, 1.00, 13.45, 13.45),
(2046, 769, 793, 1.00, 8.50, 8.50),
(2047, 769, 829, 1.00, 1.20, 1.20),
(2048, 769, 563, 2.00, 0.90, 1.80),
(2050, 770, 917, 1.00, 41.70, 41.70),
(2053, 770, 571, 1.00, 12.00, 12.00),
(2054, 771, 542, 2.00, 2.50, 5.00),
(2055, 772, 510, 1.00, 13.45, 13.45),
(2056, 772, 793, 1.00, 8.50, 8.50);

--
-- Índices de tabelas apagadas
--

--
-- Índices de tabela `acesso`
--
ALTER TABLE `acesso`
 ADD PRIMARY KEY (`acessoID`);

--
-- Índices de tabela `caixa`
--
ALTER TABLE `caixa`
 ADD PRIMARY KEY (`caixaID`), ADD KEY `idx_1` (`status`,`usuario`);

--
-- Índices de tabela `cargo`
--
ALTER TABLE `cargo`
 ADD PRIMARY KEY (`cargoID`);

--
-- Índices de tabela `cheques`
--
ALTER TABLE `cheques`
 ADD PRIMARY KEY (`chequeID`), ADD KEY `empresaID` (`empresaID`);

--
-- Índices de tabela `cliente`
--
ALTER TABLE `cliente`
 ADD PRIMARY KEY (`clienteID`), ADD KEY `idx_1` (`clienteAtivo`), ADD KEY `idx_2` (`clienteAtivo`,`clienteNomeFantasia`);

--
-- Índices de tabela `compras`
--
ALTER TABLE `compras`
 ADD PRIMARY KEY (`compraID`);

--
-- Índices de tabela `contapagar`
--
ALTER TABLE `contapagar`
 ADD PRIMARY KEY (`contapagarID`), ADD KEY `empresaID` (`empresaID`);

--
-- Índices de tabela `empresa`
--
ALTER TABLE `empresa`
 ADD PRIMARY KEY (`empresaID`);

--
-- Índices de tabela `estoque`
--
ALTER TABLE `estoque`
 ADD PRIMARY KEY (`estoqueID`), ADD KEY `empresaID` (`empresaID`);

--
-- Índices de tabela `formapagamento`
--
ALTER TABLE `formapagamento`
 ADD PRIMARY KEY (`formID`);

--
-- Índices de tabela `fornecedor`
--
ALTER TABLE `fornecedor`
 ADD PRIMARY KEY (`fornecedorID`), ADD KEY `empresaID` (`empresaID`);

--
-- Índices de tabela `funcionario`
--
ALTER TABLE `funcionario`
 ADD PRIMARY KEY (`funcionarioID`), ADD KEY `cargoID` (`cargoID`), ADD KEY `empresaID` (`empresaID`);

--
-- Índices de tabela `lancamentos`
--
ALTER TABLE `lancamentos`
 ADD PRIMARY KEY (`lancamentoID`), ADD KEY `empresaID` (`empresaID`);

--
-- Índices de tabela `livrocaixa`
--
ALTER TABLE `livrocaixa`
 ADD PRIMARY KEY (`livroID`);

--
-- Índices de tabela `orcamento`
--
ALTER TABLE `orcamento`
 ADD PRIMARY KEY (`orcamentoID`), ADD KEY `empresaID` (`empresaID`);

--
-- Índices de tabela `orcamentoitem`
--
ALTER TABLE `orcamentoitem`
 ADD PRIMARY KEY (`itemID`);

--
-- Índices de tabela `pagar`
--
ALTER TABLE `pagar`
 ADD PRIMARY KEY (`pagarID`), ADD KEY `empresaID` (`empresaID`);

--
-- Índices de tabela `produto`
--
ALTER TABLE `produto`
 ADD PRIMARY KEY (`produtoID`), ADD KEY `tipoprodutoID` (`tipoprodutoID`), ADD KEY `fornecedorID` (`fornecedorID`), ADD KEY `idx_1` (`fornecedorID`,`produtoAtivo`,`tipoprodutoID`), ADD KEY `idx_2` (`codigo`,`fornecedorID`,`tipoprodutoID`), ADD KEY `idx_3` (`fornecedorID`,`tipoprodutoID`), ADD KEY `idx_4` (`fornecedorID`,`nome`,`tipoprodutoID`), ADD KEY `idx_5` (`nome`);

--
-- Índices de tabela `produtoestoque`
--
ALTER TABLE `produtoestoque`
 ADD PRIMARY KEY (`produtoestoqueID`), ADD KEY `idx_1` (`empresaID`,`produtoID`);

--
-- Índices de tabela `receber`
--
ALTER TABLE `receber`
 ADD PRIMARY KEY (`receberID`), ADD KEY `empresaID` (`empresaID`);

--
-- Índices de tabela `retiradas`
--
ALTER TABLE `retiradas`
 ADD PRIMARY KEY (`retiradaID`), ADD KEY `empresaID` (`empresaID`), ADD KEY `idx_1` (`caixaID`);

--
-- Índices de tabela `retiradasestoque`
--
ALTER TABLE `retiradasestoque`
 ADD PRIMARY KEY (`retiradaID`), ADD KEY `empresaID` (`empresaID`);

--
-- Índices de tabela `servico`
--
ALTER TABLE `servico`
 ADD PRIMARY KEY (`servicoID`), ADD KEY `idx_1` (`clienteID`,`empresaID`,`status`);

--
-- Índices de tabela `servicofechado`
--
ALTER TABLE `servicofechado`
 ADD PRIMARY KEY (`servicofechadoID`);

--
-- Índices de tabela `servicoitem`
--
ALTER TABLE `servicoitem`
 ADD PRIMARY KEY (`servicoitemID`), ADD KEY `servicoID` (`servicoID`);

--
-- Índices de tabela `servicoproduto`
--
ALTER TABLE `servicoproduto`
 ADD PRIMARY KEY (`servicoprodutoID`), ADD KEY `servicoID` (`servicoID`);

--
-- Índices de tabela `tipoproduto`
--
ALTER TABLE `tipoproduto`
 ADD PRIMARY KEY (`tipoprodutoID`);

--
-- Índices de tabela `transferenciaestoque`
--
ALTER TABLE `transferenciaestoque`
 ADD PRIMARY KEY (`transferenciaID`);

--
-- Índices de tabela `transferencias`
--
ALTER TABLE `transferencias`
 ADD PRIMARY KEY (`transferenciaID`), ADD KEY `empresaID` (`empresaID`);

--
-- Índices de tabela `usuario`
--
ALTER TABLE `usuario`
 ADD PRIMARY KEY (`usuarioID`), ADD KEY `empresaID` (`empresaID`);

--
-- Índices de tabela `venda`
--
ALTER TABLE `venda`
 ADD PRIMARY KEY (`vendaID`), ADD KEY `empresaID` (`empresaID`), ADD KEY `idx_1` (`status`,`usuario`), ADD KEY `idx_2` (`clienteID`,`formPagID`,`status`);

--
-- Índices de tabela `vendaitem`
--
ALTER TABLE `vendaitem`
 ADD PRIMARY KEY (`itemID`), ADD KEY `idx_1` (`produtoID`,`vendaID`), ADD KEY `idx_2` (`vendaID`);

--
-- AUTO_INCREMENT de tabelas apagadas
--

--
-- AUTO_INCREMENT de tabela `acesso`
--
ALTER TABLE `acesso`
MODIFY `acessoID` int(11) NOT NULL AUTO_INCREMENT;
--
-- AUTO_INCREMENT de tabela `caixa`
--
ALTER TABLE `caixa`
MODIFY `caixaID` int(11) NOT NULL AUTO_INCREMENT,AUTO_INCREMENT=226;
--
-- AUTO_INCREMENT de tabela `cargo`
--
ALTER TABLE `cargo`
MODIFY `cargoID` int(11) NOT NULL AUTO_INCREMENT,AUTO_INCREMENT=8;
--
-- AUTO_INCREMENT de tabela `cheques`
--
ALTER TABLE `cheques`
MODIFY `chequeID` int(11) NOT NULL AUTO_INCREMENT;
--
-- AUTO_INCREMENT de tabela `cliente`
--
ALTER TABLE `cliente`
MODIFY `clienteID` int(11) NOT NULL AUTO_INCREMENT,AUTO_INCREMENT=19;
--
-- AUTO_INCREMENT de tabela `compras`
--
ALTER TABLE `compras`
MODIFY `compraID` int(11) NOT NULL AUTO_INCREMENT;
--
-- AUTO_INCREMENT de tabela `contapagar`
--
ALTER TABLE `contapagar`
MODIFY `contapagarID` int(11) NOT NULL AUTO_INCREMENT,AUTO_INCREMENT=136;
--
-- AUTO_INCREMENT de tabela `empresa`
--
ALTER TABLE `empresa`
MODIFY `empresaID` int(11) NOT NULL AUTO_INCREMENT,AUTO_INCREMENT=2;
--
-- AUTO_INCREMENT de tabela `estoque`
--
ALTER TABLE `estoque`
MODIFY `estoqueID` int(11) NOT NULL AUTO_INCREMENT,AUTO_INCREMENT=853;
--
-- AUTO_INCREMENT de tabela `formapagamento`
--
ALTER TABLE `formapagamento`
MODIFY `formID` int(11) NOT NULL AUTO_INCREMENT,AUTO_INCREMENT=8;
--
-- AUTO_INCREMENT de tabela `fornecedor`
--
ALTER TABLE `fornecedor`
MODIFY `fornecedorID` int(11) NOT NULL AUTO_INCREMENT,AUTO_INCREMENT=22;
--
-- AUTO_INCREMENT de tabela `funcionario`
--
ALTER TABLE `funcionario`
MODIFY `funcionarioID` int(11) NOT NULL AUTO_INCREMENT,AUTO_INCREMENT=15;
--
-- AUTO_INCREMENT de tabela `lancamentos`
--
ALTER TABLE `lancamentos`
MODIFY `lancamentoID` int(11) NOT NULL AUTO_INCREMENT,AUTO_INCREMENT=849;
--
-- AUTO_INCREMENT de tabela `livrocaixa`
--
ALTER TABLE `livrocaixa`
MODIFY `livroID` int(11) NOT NULL AUTO_INCREMENT,AUTO_INCREMENT=10;
--
-- AUTO_INCREMENT de tabela `orcamento`
--
ALTER TABLE `orcamento`
MODIFY `orcamentoID` int(11) NOT NULL AUTO_INCREMENT,AUTO_INCREMENT=13;
--
-- AUTO_INCREMENT de tabela `orcamentoitem`
--
ALTER TABLE `orcamentoitem`
MODIFY `itemID` int(11) NOT NULL AUTO_INCREMENT,AUTO_INCREMENT=59;
--
-- AUTO_INCREMENT de tabela `pagar`
--
ALTER TABLE `pagar`
MODIFY `pagarID` int(11) NOT NULL AUTO_INCREMENT,AUTO_INCREMENT=343;
--
-- AUTO_INCREMENT de tabela `produto`
--
ALTER TABLE `produto`
MODIFY `produtoID` int(11) NOT NULL AUTO_INCREMENT,AUTO_INCREMENT=924;
--
-- AUTO_INCREMENT de tabela `produtoestoque`
--
ALTER TABLE `produtoestoque`
MODIFY `produtoestoqueID` int(11) NOT NULL AUTO_INCREMENT,AUTO_INCREMENT=459;
--
-- AUTO_INCREMENT de tabela `receber`
--
ALTER TABLE `receber`
MODIFY `receberID` int(11) NOT NULL AUTO_INCREMENT,AUTO_INCREMENT=825;
--
-- AUTO_INCREMENT de tabela `retiradas`
--
ALTER TABLE `retiradas`
MODIFY `retiradaID` int(11) NOT NULL AUTO_INCREMENT,AUTO_INCREMENT=105;
--
-- AUTO_INCREMENT de tabela `retiradasestoque`
--
ALTER TABLE `retiradasestoque`
MODIFY `retiradaID` int(11) NOT NULL AUTO_INCREMENT,AUTO_INCREMENT=179;
--
-- AUTO_INCREMENT de tabela `servico`
--
ALTER TABLE `servico`
MODIFY `servicoID` int(11) NOT NULL AUTO_INCREMENT,AUTO_INCREMENT=874;
--
-- AUTO_INCREMENT de tabela `servicofechado`
--
ALTER TABLE `servicofechado`
MODIFY `servicofechadoID` int(11) NOT NULL AUTO_INCREMENT,AUTO_INCREMENT=8;
--
-- AUTO_INCREMENT de tabela `servicoitem`
--
ALTER TABLE `servicoitem`
MODIFY `servicoitemID` int(11) NOT NULL AUTO_INCREMENT,AUTO_INCREMENT=7;
--
-- AUTO_INCREMENT de tabela `servicoproduto`
--
ALTER TABLE `servicoproduto`
MODIFY `servicoprodutoID` int(11) NOT NULL AUTO_INCREMENT,AUTO_INCREMENT=31;
--
-- AUTO_INCREMENT de tabela `tipoproduto`
--
ALTER TABLE `tipoproduto`
MODIFY `tipoprodutoID` int(11) NOT NULL AUTO_INCREMENT,AUTO_INCREMENT=217;
--
-- AUTO_INCREMENT de tabela `transferenciaestoque`
--
ALTER TABLE `transferenciaestoque`
MODIFY `transferenciaID` int(11) NOT NULL AUTO_INCREMENT;
--
-- AUTO_INCREMENT de tabela `transferencias`
--
ALTER TABLE `transferencias`
MODIFY `transferenciaID` int(11) NOT NULL AUTO_INCREMENT,AUTO_INCREMENT=3;
--
-- AUTO_INCREMENT de tabela `usuario`
--
ALTER TABLE `usuario`
MODIFY `usuarioID` int(11) NOT NULL AUTO_INCREMENT,AUTO_INCREMENT=23;
--
-- AUTO_INCREMENT de tabela `venda`
--
ALTER TABLE `venda`
MODIFY `vendaID` int(11) NOT NULL AUTO_INCREMENT,AUTO_INCREMENT=774;
--
-- AUTO_INCREMENT de tabela `vendaitem`
--
ALTER TABLE `vendaitem`
MODIFY `itemID` int(11) NOT NULL AUTO_INCREMENT,AUTO_INCREMENT=2057;
--
-- Restrições para dumps de tabelas
--

--
-- Restrições para tabelas `cheques`
--
ALTER TABLE `cheques`
ADD CONSTRAINT `cheques_ibfk_1` FOREIGN KEY (`empresaID`) REFERENCES `empresa` (`empresaID`) ON DELETE CASCADE ON UPDATE CASCADE;

--
-- Restrições para tabelas `contapagar`
--
ALTER TABLE `contapagar`
ADD CONSTRAINT `contapagar_ibfk_1` FOREIGN KEY (`empresaID`) REFERENCES `empresa` (`empresaID`) ON DELETE CASCADE ON UPDATE CASCADE;

--
-- Restrições para tabelas `estoque`
--
ALTER TABLE `estoque`
ADD CONSTRAINT `estoque_ibfk_1` FOREIGN KEY (`empresaID`) REFERENCES `empresa` (`empresaID`) ON DELETE CASCADE ON UPDATE CASCADE;

--
-- Restrições para tabelas `fornecedor`
--
ALTER TABLE `fornecedor`
ADD CONSTRAINT `fornecedor_ibfk_1` FOREIGN KEY (`empresaID`) REFERENCES `empresa` (`empresaID`) ON DELETE CASCADE ON UPDATE CASCADE;

--
-- Restrições para tabelas `funcionario`
--
ALTER TABLE `funcionario`
ADD CONSTRAINT `funcionario_ibfk_1` FOREIGN KEY (`cargoID`) REFERENCES `cargo` (`cargoID`) ON DELETE CASCADE ON UPDATE CASCADE,
ADD CONSTRAINT `funcionario_ibfk_2` FOREIGN KEY (`empresaID`) REFERENCES `empresa` (`empresaID`) ON DELETE CASCADE ON UPDATE CASCADE;

--
-- Restrições para tabelas `lancamentos`
--
ALTER TABLE `lancamentos`
ADD CONSTRAINT `lancamentos_ibfk_1` FOREIGN KEY (`empresaID`) REFERENCES `empresa` (`empresaID`) ON DELETE CASCADE ON UPDATE CASCADE;

--
-- Restrições para tabelas `orcamento`
--
ALTER TABLE `orcamento`
ADD CONSTRAINT `orcamento_ibfk_1` FOREIGN KEY (`empresaID`) REFERENCES `empresa` (`empresaID`) ON DELETE CASCADE ON UPDATE CASCADE;

--
-- Restrições para tabelas `pagar`
--
ALTER TABLE `pagar`
ADD CONSTRAINT `pagar_ibfk_1` FOREIGN KEY (`empresaID`) REFERENCES `empresa` (`empresaID`) ON DELETE CASCADE ON UPDATE CASCADE;

--
-- Restrições para tabelas `produto`
--
ALTER TABLE `produto`
ADD CONSTRAINT `produto_ibfk_1` FOREIGN KEY (`tipoprodutoID`) REFERENCES `tipoproduto` (`tipoprodutoID`) ON DELETE CASCADE ON UPDATE CASCADE,
ADD CONSTRAINT `produto_ibfk_2` FOREIGN KEY (`fornecedorID`) REFERENCES `fornecedor` (`fornecedorID`) ON DELETE CASCADE ON UPDATE CASCADE;

--
-- Restrições para tabelas `receber`
--
ALTER TABLE `receber`
ADD CONSTRAINT `receber_ibfk_1` FOREIGN KEY (`empresaID`) REFERENCES `empresa` (`empresaID`) ON DELETE CASCADE ON UPDATE CASCADE;

--
-- Restrições para tabelas `retiradas`
--
ALTER TABLE `retiradas`
ADD CONSTRAINT `retiradas_ibfk_1` FOREIGN KEY (`empresaID`) REFERENCES `empresa` (`empresaID`) ON DELETE CASCADE ON UPDATE CASCADE;

--
-- Restrições para tabelas `retiradasestoque`
--
ALTER TABLE `retiradasestoque`
ADD CONSTRAINT `retiradasestoque_ibfk_1` FOREIGN KEY (`empresaID`) REFERENCES `empresa` (`empresaID`) ON DELETE CASCADE ON UPDATE CASCADE;

--
-- Restrições para tabelas `servicoitem`
--
ALTER TABLE `servicoitem`
ADD CONSTRAINT `servicoitem_ibfk_1` FOREIGN KEY (`servicoID`) REFERENCES `servico` (`servicoID`) ON DELETE CASCADE ON UPDATE CASCADE;

--
-- Restrições para tabelas `servicoproduto`
--
ALTER TABLE `servicoproduto`
ADD CONSTRAINT `servicoproduto_ibfk_1` FOREIGN KEY (`servicoID`) REFERENCES `servico` (`servicoID`) ON DELETE CASCADE ON UPDATE CASCADE;

--
-- Restrições para tabelas `transferencias`
--
ALTER TABLE `transferencias`
ADD CONSTRAINT `transferencias_ibfk_1` FOREIGN KEY (`empresaID`) REFERENCES `empresa` (`empresaID`) ON DELETE CASCADE ON UPDATE CASCADE;

--
-- Restrições para tabelas `usuario`
--
ALTER TABLE `usuario`
ADD CONSTRAINT `usuario_ibfk_1` FOREIGN KEY (`empresaID`) REFERENCES `empresa` (`empresaID`) ON DELETE CASCADE ON UPDATE CASCADE;

--
-- Restrições para tabelas `venda`
--
ALTER TABLE `venda`
ADD CONSTRAINT `venda_ibfk_1` FOREIGN KEY (`empresaID`) REFERENCES `empresa` (`empresaID`) ON DELETE CASCADE ON UPDATE CASCADE;

/*!40101 SET CHARACTER_SET_CLIENT=@OLD_CHARACTER_SET_CLIENT */;
/*!40101 SET CHARACTER_SET_RESULTS=@OLD_CHARACTER_SET_RESULTS */;
/*!40101 SET COLLATION_CONNECTION=@OLD_COLLATION_CONNECTION */;
